{
  "type": "FeatureCollection",
  "features": [
    {
      "type": "Feature",
      "geometry": {
        "type": "Point",
        "coordinates": [
          13.412954,
          52.52146304
        ]
      },
      "properties": {
        "facility_id": "atm-toilet-001",
        "name": "WC-Center Alexanderplatz 1",
        "geometry_type": "Point",
        "address": "WC-Center Alexanderplatz 1",
        "operator": "Wall GmbH",
        "access": "public",
        "fee": "yes",
        "payment_method": "Bargeld",
        "opening_hours": "Mo-Sa 07:00-22:00\nSo 10:00-22:00",
        "wheelchair": "limited",
        "changing_table": "yes",
        "toilet_type": "building",
        "gender_access": "unknown",
        "indoor": "yes",
        "covered": "unknown",
        "drinking_water": "unknown",
        "supervised": "unknown",
        "maintenance_status": "operational",
        "source": "berlin_open_data_wfs",
        "source_id": "2",
        "source_url": "https://daten.berlin.de/datensaetze/offentliche-toiletten-wfs-ad2c0c24",
        "source_timestamp": "2025-07-17",
        "download_date": "2026-05-31",
        "license": "dl-de-zero-2.0",
        "last_verified": "2026-05-31",
        "berlin_feature_id": "toiletten.2",
        "berlin_bezirk": "Mitte",
        "berlin_vertrag": "Toilettenvertrag mit Wall",
        "berlin_modelltyp": "WC-Center",
        "berlin_symbol": "WC",
        "berlin_nutzungsentgelt_raw": 0.5,
        "berlin_zahlungsart": "Bargeld",
        "berlin_barrierefrei_raw": "nein",
        "berlin_barrierearm_raw": "ja",
        "berlin_wickeltisch_raw": "ja"
      }
    },
    {
      "type": "Feature",
      "geometry": {
        "type": "Point",
        "coordinates": [
          13.20502778,
          52.53686115
        ]
      },
      "properties": {
        "facility_id": "atm-toilet-002",
        "name": "WC-Center Spandauer Markt",
        "geometry_type": "Point",
        "address": "WC-Center Spandauer Markt",
        "operator": "Wall GmbH",
        "access": "public",
        "fee": "yes",
        "payment_method": "Bargeld",
        "opening_hours": "Mo-Sa 07:00-22:00\nSo 10:00-22:00",
        "wheelchair": "limited",
        "changing_table": "yes",
        "toilet_type": "building",
        "gender_access": "unknown",
        "indoor": "yes",
        "covered": "unknown",
        "drinking_water": "unknown",
        "supervised": "unknown",
        "maintenance_status": "operational",
        "source": "berlin_open_data_wfs",
        "source_id": "4",
        "source_url": "https://daten.berlin.de/datensaetze/offentliche-toiletten-wfs-ad2c0c24",
        "source_timestamp": "2025-07-17",
        "download_date": "2026-05-31",
        "license": "dl-de-zero-2.0",
        "last_verified": "2026-05-31",
        "berlin_feature_id": "toiletten.4",
        "berlin_bezirk": "Spandau",
        "berlin_vertrag": "Toilettenvertrag mit Wall",
        "berlin_modelltyp": "WC-Center",
        "berlin_symbol": "WC",
        "berlin_nutzungsentgelt_raw": 0.2,
        "berlin_zahlungsart": "Bargeld",
        "berlin_barrierefrei_raw": "nein",
        "berlin_barrierearm_raw": "ja",
        "berlin_wickeltisch_raw": "ja"
      }
    },
    {
      "type": "Feature",
      "geometry": {
        "type": "Point",
        "coordinates": [
          13.28188985,
          52.47667886
        ]
      },
      "properties": {
        "facility_id": "atm-toilet-003",
        "name": "Hohenzollerndamm vor Rheinbabenallee (Roseneck, Hundekehlestr.)",
        "geometry_type": "Point",
        "address": "Hohenzollerndamm vor Rheinbabenallee (Roseneck, Hundekehlestr.)",
        "operator": "Wall GmbH",
        "access": "public",
        "fee": "yes",
        "payment_method": "Karte/App/Paypal/BVG-Guthabenkarte",
        "opening_hours": "24h",
        "wheelchair": "yes",
        "changing_table": "no",
        "toilet_type": "standalone",
        "gender_access": "unknown",
        "indoor": "no",
        "covered": "unknown",
        "drinking_water": "unknown",
        "supervised": "unknown",
        "maintenance_status": "operational",
        "source": "berlin_open_data_wfs",
        "source_id": "6",
        "source_url": "https://daten.berlin.de/datensaetze/offentliche-toiletten-wfs-ad2c0c24",
        "source_timestamp": "2025-07-17",
        "download_date": "2026-05-31",
        "license": "dl-de-zero-2.0",
        "last_verified": "2026-05-31",
        "berlin_feature_id": "toiletten.6",
        "berlin_bezirk": "Charlottenburg-Wilmersdorf",
        "berlin_vertrag": "Toilettenvertrag mit Wall",
        "berlin_modelltyp": "Berliner Toilette mit 1 Platz",
        "berlin_symbol": "WC",
        "berlin_nutzungsentgelt_raw": 0.5,
        "berlin_zahlungsart": "Karte/App/Paypal/BVG-Guthabenkarte",
        "berlin_barrierefrei_raw": "ja",
        "berlin_barrierearm_raw": "ja",
        "berlin_wickeltisch_raw": "nein"
      }
    },
    {
      "type": "Feature",
      "geometry": {
        "type": "Point",
        "coordinates": [
          13.20042906,
          52.53547012
        ]
      },
      "properties": {
        "facility_id": "atm-toilet-004",
        "name": "Rathaus Spandau, Altstädter Ring hinter Stabholzgarten",
        "geometry_type": "Point",
        "address": "Rathaus Spandau, Altstädter Ring hinter Stabholzgarten",
        "operator": "Wall GmbH",
        "access": "public",
        "fee": "yes",
        "payment_method": "Karte/App/Paypal/BVG-Guthabenkarte",
        "opening_hours": "24h",
        "wheelchair": "yes",
        "changing_table": "yes",
        "toilet_type": "standalone",
        "gender_access": "unknown",
        "indoor": "no",
        "covered": "unknown",
        "drinking_water": "unknown",
        "supervised": "unknown",
        "maintenance_status": "operational",
        "source": "berlin_open_data_wfs",
        "source_id": "7",
        "source_url": "https://daten.berlin.de/datensaetze/offentliche-toiletten-wfs-ad2c0c24",
        "source_timestamp": "2025-07-17",
        "download_date": "2026-05-31",
        "license": "dl-de-zero-2.0",
        "last_verified": "2026-05-31",
        "berlin_feature_id": "toiletten.7",
        "berlin_bezirk": "Spandau",
        "berlin_vertrag": "Toilettenvertrag mit Wall",
        "berlin_modelltyp": "Berliner Toilette mit 2 Plätzen",
        "berlin_symbol": "WC",
        "berlin_nutzungsentgelt_raw": 0.5,
        "berlin_zahlungsart": "Karte/App/Paypal/BVG-Guthabenkarte",
        "berlin_barrierefrei_raw": "ja",
        "berlin_barrierearm_raw": "ja",
        "berlin_wickeltisch_raw": "ja"
      }
    },
    {
      "type": "Feature",
      "geometry": {
        "type": "Point",
        "coordinates": [
          13.32143252,
          52.45726955
        ]
      },
      "properties": {
        "facility_id": "atm-toilet-005",
        "name": "Schloßstr. ggü. 33-35 auf dem Hermann-Ehlers-Platz",
        "geometry_type": "Point",
        "address": "Schloßstr. ggü. 33-35 auf dem Hermann-Ehlers-Platz",
        "operator": "Wall GmbH",
        "access": "public",
        "fee": "yes",
        "payment_method": "Karte/App/Paypal/BVG-Guthabenkarte",
        "opening_hours": "24h",
        "wheelchair": "yes",
        "changing_table": "no",
        "toilet_type": "standalone",
        "gender_access": "unknown",
        "indoor": "no",
        "covered": "unknown",
        "drinking_water": "unknown",
        "supervised": "unknown",
        "maintenance_status": "operational",
        "source": "berlin_open_data_wfs",
        "source_id": "9",
        "source_url": "https://daten.berlin.de/datensaetze/offentliche-toiletten-wfs-ad2c0c24",
        "source_timestamp": "2025-07-17",
        "download_date": "2026-05-31",
        "license": "dl-de-zero-2.0",
        "last_verified": "2026-05-31",
        "berlin_feature_id": "toiletten.9",
        "berlin_bezirk": "Steglitz-Zehlendorf",
        "berlin_vertrag": "Toilettenvertrag mit Wall",
        "berlin_modelltyp": "Berliner Toilette mit 2 Plätzen",
        "berlin_symbol": "WC",
        "berlin_nutzungsentgelt_raw": 0.5,
        "berlin_zahlungsart": "Karte/App/Paypal/BVG-Guthabenkarte",
        "berlin_barrierefrei_raw": "ja",
        "berlin_barrierearm_raw": "ja",
        "berlin_wickeltisch_raw": "nein"
      }
    },
    {
      "type": "Feature",
      "geometry": {
        "type": "Point",
        "coordinates": [
          13.49774032,
          52.41580888
        ]
      },
      "properties": {
        "facility_id": "atm-toilet-006",
        "name": "Waltersdorfer Chaussee ggü. 5-7 hinter Groß Ziethener Chaussee",
        "geometry_type": "Point",
        "address": "Waltersdorfer Chaussee ggü. 5-7 hinter Groß Ziethener Chaussee",
        "operator": "Wall GmbH",
        "access": "public",
        "fee": "no",
        "payment_method": null,
        "opening_hours": "24h",
        "wheelchair": "yes",
        "changing_table": "no",
        "toilet_type": "standalone",
        "gender_access": "unknown",
        "indoor": "no",
        "covered": "unknown",
        "drinking_water": "unknown",
        "supervised": "unknown",
        "maintenance_status": "operational",
        "source": "berlin_open_data_wfs",
        "source_id": "10",
        "source_url": "https://daten.berlin.de/datensaetze/offentliche-toiletten-wfs-ad2c0c24",
        "source_timestamp": "2025-07-17",
        "download_date": "2026-05-31",
        "license": "dl-de-zero-2.0",
        "last_verified": "2026-05-31",
        "berlin_feature_id": "toiletten.10",
        "berlin_bezirk": "Neukölln",
        "berlin_vertrag": "Toilettenvertrag mit Wall",
        "berlin_modelltyp": "Berliner Toilette 1 Platz mit 2 Pissoirs",
        "berlin_symbol": "WC",
        "berlin_nutzungsentgelt_raw": 0,
        "berlin_zahlungsart": null,
        "berlin_barrierefrei_raw": "ja",
        "berlin_barrierearm_raw": "ja",
        "berlin_wickeltisch_raw": "nein"
      }
    },
    {
      "type": "Feature",
      "geometry": {
        "type": "Point",
        "coordinates": [
          13.34272706,
          52.50246767
        ]
      },
      "properties": {
        "facility_id": "atm-toilet-007",
        "name": "Wittenbergplatz, Ansbacher Str. ggü. 24 vor Tauentzienstr.",
        "geometry_type": "Point",
        "address": "Wittenbergplatz, Ansbacher Str. ggü. 24 vor Tauentzienstr.",
        "operator": "Wall GmbH",
        "access": "public",
        "fee": "yes",
        "payment_method": "Karte/App/Paypal/BVG-Guthabenkarte",
        "opening_hours": "24h",
        "wheelchair": "yes",
        "changing_table": "yes",
        "toilet_type": "standalone",
        "gender_access": "unknown",
        "indoor": "no",
        "covered": "unknown",
        "drinking_water": "unknown",
        "supervised": "unknown",
        "maintenance_status": "operational",
        "source": "berlin_open_data_wfs",
        "source_id": "11",
        "source_url": "https://daten.berlin.de/datensaetze/offentliche-toiletten-wfs-ad2c0c24",
        "source_timestamp": "2025-07-17",
        "download_date": "2026-05-31",
        "license": "dl-de-zero-2.0",
        "last_verified": "2026-05-31",
        "berlin_feature_id": "toiletten.11",
        "berlin_bezirk": "Tempelhof-Schöneberg",
        "berlin_vertrag": "Toilettenvertrag mit Wall",
        "berlin_modelltyp": "Berliner Toilette mit 1 Platz",
        "berlin_symbol": "WC",
        "berlin_nutzungsentgelt_raw": 0.5,
        "berlin_zahlungsart": "Karte/App/Paypal/BVG-Guthabenkarte",
        "berlin_barrierefrei_raw": "ja",
        "berlin_barrierearm_raw": "ja",
        "berlin_wickeltisch_raw": "ja"
      }
    },
    {
      "type": "Feature",
      "geometry": {
        "type": "Point",
        "coordinates": [
          13.28278846,
          52.58985281
        ]
      },
      "properties": {
        "facility_id": "atm-toilet-008",
        "name": "Alt-Tegel 1-3 vor Berliner Str.",
        "geometry_type": "Point",
        "address": "Alt-Tegel 1-3 vor Berliner Str.",
        "operator": "Wall GmbH",
        "access": "public",
        "fee": "yes",
        "payment_method": "Karte/App/Paypal/BVG-Guthabenkarte",
        "opening_hours": "24h",
        "wheelchair": "yes",
        "changing_table": "no",
        "toilet_type": "standalone",
        "gender_access": "unknown",
        "indoor": "no",
        "covered": "unknown",
        "drinking_water": "unknown",
        "supervised": "unknown",
        "maintenance_status": "operational",
        "source": "berlin_open_data_wfs",
        "source_id": "13",
        "source_url": "https://daten.berlin.de/datensaetze/offentliche-toiletten-wfs-ad2c0c24",
        "source_timestamp": "2025-07-17",
        "download_date": "2026-05-31",
        "license": "dl-de-zero-2.0",
        "last_verified": "2026-05-31",
        "berlin_feature_id": "toiletten.13",
        "berlin_bezirk": "Reinickendorf",
        "berlin_vertrag": "Toilettenvertrag mit Wall",
        "berlin_modelltyp": "Berliner Toilette 1 Platz mit Kiosk",
        "berlin_symbol": "WC",
        "berlin_nutzungsentgelt_raw": 0.5,
        "berlin_zahlungsart": "Karte/App/Paypal/BVG-Guthabenkarte",
        "berlin_barrierefrei_raw": "ja",
        "berlin_barrierearm_raw": "ja",
        "berlin_wickeltisch_raw": "nein"
      }
    },
    {
      "type": "Feature",
      "geometry": {
        "type": "Point",
        "coordinates": [
          13.39989808,
          52.51946736
        ]
      },
      "properties": {
        "facility_id": "atm-toilet-009",
        "name": "Museumsinsel, Am Lustgarten vor Bodestr. (neben Berliner Dom)",
        "geometry_type": "Point",
        "address": "Museumsinsel, Am Lustgarten vor Bodestr. (neben Berliner Dom)",
        "operator": "Wall GmbH",
        "access": "public",
        "fee": "no",
        "payment_method": null,
        "opening_hours": "24h",
        "wheelchair": "yes",
        "changing_table": "no",
        "toilet_type": "standalone",
        "gender_access": "unknown",
        "indoor": "no",
        "covered": "unknown",
        "drinking_water": "unknown",
        "supervised": "unknown",
        "maintenance_status": "operational",
        "source": "berlin_open_data_wfs",
        "source_id": "17",
        "source_url": "https://daten.berlin.de/datensaetze/offentliche-toiletten-wfs-ad2c0c24",
        "source_timestamp": "2025-07-17",
        "download_date": "2026-05-31",
        "license": "dl-de-zero-2.0",
        "last_verified": "2026-05-31",
        "berlin_feature_id": "toiletten.17",
        "berlin_bezirk": "Mitte",
        "berlin_vertrag": "Toilettenvertrag mit Wall",
        "berlin_modelltyp": "Berliner Toilette 1 Platz mit 2 Pissoirs",
        "berlin_symbol": "WC",
        "berlin_nutzungsentgelt_raw": 0,
        "berlin_zahlungsart": null,
        "berlin_barrierefrei_raw": "ja",
        "berlin_barrierearm_raw": "ja",
        "berlin_wickeltisch_raw": "nein"
      }
    },
    {
      "type": "Feature",
      "geometry": {
        "type": "Point",
        "coordinates": [
          13.31733472,
          52.50148073
        ]
      },
      "properties": {
        "facility_id": "atm-toilet-010",
        "name": "George-Grosz-Platz, Kurfürstendamm 50 vor Schlüterstr.",
        "geometry_type": "Point",
        "address": "George-Grosz-Platz, Kurfürstendamm 50 vor Schlüterstr.",
        "operator": "Wall GmbH",
        "access": "public",
        "fee": "yes",
        "payment_method": "Karte/App/Paypal/BVG-Guthabenkarte",
        "opening_hours": "24h",
        "wheelchair": "yes",
        "changing_table": "no",
        "toilet_type": "standalone",
        "gender_access": "unknown",
        "indoor": "no",
        "covered": "unknown",
        "drinking_water": "unknown",
        "supervised": "unknown",
        "maintenance_status": "operational",
        "source": "berlin_open_data_wfs",
        "source_id": "18",
        "source_url": "https://daten.berlin.de/datensaetze/offentliche-toiletten-wfs-ad2c0c24",
        "source_timestamp": "2025-07-17",
        "download_date": "2026-05-31",
        "license": "dl-de-zero-2.0",
        "last_verified": "2026-05-31",
        "berlin_feature_id": "toiletten.18",
        "berlin_bezirk": "Charlottenburg-Wilmersdorf",
        "berlin_vertrag": "Toilettenvertrag mit Wall",
        "berlin_modelltyp": "Berliner Toilette mit 1 Platz",
        "berlin_symbol": "WC",
        "berlin_nutzungsentgelt_raw": 0.5,
        "berlin_zahlungsart": "Karte/App/Paypal/BVG-Guthabenkarte",
        "berlin_barrierefrei_raw": "ja",
        "berlin_barrierearm_raw": "ja",
        "berlin_wickeltisch_raw": "nein"
      }
    },
    {
      "type": "Feature",
      "geometry": {
        "type": "Point",
        "coordinates": [
          13.37553913,
          52.51637205
        ]
      },
      "properties": {
        "facility_id": "atm-toilet-011",
        "name": "Str. des 17. Juni hinter Ebertstr.",
        "geometry_type": "Point",
        "address": "Str. des 17. Juni hinter Ebertstr.",
        "operator": "Wall GmbH",
        "access": "public",
        "fee": "no",
        "payment_method": null,
        "opening_hours": "24h",
        "wheelchair": "yes",
        "changing_table": "no",
        "toilet_type": "standalone",
        "gender_access": "unknown",
        "indoor": "no",
        "covered": "unknown",
        "drinking_water": "unknown",
        "supervised": "unknown",
        "maintenance_status": "operational",
        "source": "berlin_open_data_wfs",
        "source_id": "19",
        "source_url": "https://daten.berlin.de/datensaetze/offentliche-toiletten-wfs-ad2c0c24",
        "source_timestamp": "2025-07-17",
        "download_date": "2026-05-31",
        "license": "dl-de-zero-2.0",
        "last_verified": "2026-05-31",
        "berlin_feature_id": "toiletten.19",
        "berlin_bezirk": "Mitte",
        "berlin_vertrag": "Toilettenvertrag mit Wall",
        "berlin_modelltyp": "Berliner Toilette 1 Platz mit 2 Pissoirs",
        "berlin_symbol": "WC",
        "berlin_nutzungsentgelt_raw": 0,
        "berlin_zahlungsart": null,
        "berlin_barrierefrei_raw": "ja",
        "berlin_barrierearm_raw": "ja",
        "berlin_wickeltisch_raw": "nein"
      }
    },
    {
      "type": "Feature",
      "geometry": {
        "type": "Point",
        "coordinates": [
          13.43455729,
          52.5114774
        ]
      },
      "properties": {
        "facility_id": "atm-toilet-012",
        "name": "Erich-Steinfurth-Str. am Hermann-Stöhr-Platz (Ostbahnhof)",
        "geometry_type": "Point",
        "address": "Erich-Steinfurth-Str. am Hermann-Stöhr-Platz (Ostbahnhof)",
        "operator": "Wall GmbH",
        "access": "public",
        "fee": "no",
        "payment_method": null,
        "opening_hours": "24h",
        "wheelchair": "yes",
        "changing_table": "no",
        "toilet_type": "standalone",
        "gender_access": "unknown",
        "indoor": "no",
        "covered": "unknown",
        "drinking_water": "unknown",
        "supervised": "unknown",
        "maintenance_status": "operational",
        "source": "berlin_open_data_wfs",
        "source_id": "21",
        "source_url": "https://daten.berlin.de/datensaetze/offentliche-toiletten-wfs-ad2c0c24",
        "source_timestamp": "2025-07-17",
        "download_date": "2026-05-31",
        "license": "dl-de-zero-2.0",
        "last_verified": "2026-05-31",
        "berlin_feature_id": "toiletten.21",
        "berlin_bezirk": "Friedrichshain-Kreuzberg",
        "berlin_vertrag": "Toilettenvertrag mit Wall",
        "berlin_modelltyp": "Berliner Toilette 1 Platz mit 2 Pissoirs",
        "berlin_symbol": "WC",
        "berlin_nutzungsentgelt_raw": 0,
        "berlin_zahlungsart": null,
        "berlin_barrierefrei_raw": "ja",
        "berlin_barrierearm_raw": "ja",
        "berlin_wickeltisch_raw": "nein"
      }
    },
    {
      "type": "Feature",
      "geometry": {
        "type": "Point",
        "coordinates": [
          13.40042936,
          52.52199963
        ]
      },
      "properties": {
        "facility_id": "atm-toilet-013",
        "name": "Burgstr. (James-Simon-Park) ggü. 28 ggü. Henriette-Herz-Platz",
        "geometry_type": "Point",
        "address": "Burgstr. (James-Simon-Park) ggü. 28 ggü. Henriette-Herz-Platz",
        "operator": "Wall GmbH",
        "access": "public",
        "fee": "no",
        "payment_method": null,
        "opening_hours": "24h",
        "wheelchair": "yes",
        "changing_table": "no",
        "toilet_type": "standalone",
        "gender_access": "unknown",
        "indoor": "no",
        "covered": "unknown",
        "drinking_water": "unknown",
        "supervised": "unknown",
        "maintenance_status": "operational",
        "source": "berlin_open_data_wfs",
        "source_id": "22",
        "source_url": "https://daten.berlin.de/datensaetze/offentliche-toiletten-wfs-ad2c0c24",
        "source_timestamp": "2025-07-17",
        "download_date": "2026-05-31",
        "license": "dl-de-zero-2.0",
        "last_verified": "2026-05-31",
        "berlin_feature_id": "toiletten.22",
        "berlin_bezirk": "Mitte",
        "berlin_vertrag": "Toilettenvertrag mit Wall",
        "berlin_modelltyp": "Berliner Toilette 2 Plätze mit 2 Pissoirs",
        "berlin_symbol": "WC",
        "berlin_nutzungsentgelt_raw": 0,
        "berlin_zahlungsart": null,
        "berlin_barrierefrei_raw": "ja",
        "berlin_barrierearm_raw": "ja",
        "berlin_wickeltisch_raw": "nein"
      }
    },
    {
      "type": "Feature",
      "geometry": {
        "type": "Point",
        "coordinates": [
          13.35159522,
          52.55038289
        ]
      },
      "properties": {
        "facility_id": "atm-toilet-014",
        "name": "Seestr. 94 Mittelinsel hinter Müllerstr.",
        "geometry_type": "Point",
        "address": "Seestr. 94 Mittelinsel hinter Müllerstr.",
        "operator": "Wall GmbH",
        "access": "public",
        "fee": "yes",
        "payment_method": "Karte/App/Paypal/BVG-Guthabenkarte",
        "opening_hours": "24h",
        "wheelchair": "yes",
        "changing_table": "no",
        "toilet_type": "standalone",
        "gender_access": "unknown",
        "indoor": "no",
        "covered": "unknown",
        "drinking_water": "unknown",
        "supervised": "unknown",
        "maintenance_status": "operational",
        "source": "berlin_open_data_wfs",
        "source_id": "23",
        "source_url": "https://daten.berlin.de/datensaetze/offentliche-toiletten-wfs-ad2c0c24",
        "source_timestamp": "2025-07-17",
        "download_date": "2026-05-31",
        "license": "dl-de-zero-2.0",
        "last_verified": "2026-05-31",
        "berlin_feature_id": "toiletten.23",
        "berlin_bezirk": "Mitte",
        "berlin_vertrag": "Toilettenvertrag mit Wall",
        "berlin_modelltyp": "Berliner Toilette mit 1 Platz",
        "berlin_symbol": "WC",
        "berlin_nutzungsentgelt_raw": 0.5,
        "berlin_zahlungsart": "Karte/App/Paypal/BVG-Guthabenkarte",
        "berlin_barrierefrei_raw": "ja",
        "berlin_barrierearm_raw": "ja",
        "berlin_wickeltisch_raw": "nein"
      }
    },
    {
      "type": "Feature",
      "geometry": {
        "type": "Point",
        "coordinates": [
          13.306683,
          52.50788054
        ]
      },
      "properties": {
        "facility_id": "atm-toilet-015",
        "name": "Pestalozzistr. 77 hinter Wilmersdorfer Str. 117",
        "geometry_type": "Point",
        "address": "Pestalozzistr. 77 hinter Wilmersdorfer Str. 117",
        "operator": "Wall GmbH",
        "access": "public",
        "fee": "yes",
        "payment_method": "Karte/App/Paypal/BVG-Guthabenkarte",
        "opening_hours": "24h",
        "wheelchair": "yes",
        "changing_table": "no",
        "toilet_type": "standalone",
        "gender_access": "unknown",
        "indoor": "no",
        "covered": "unknown",
        "drinking_water": "unknown",
        "supervised": "unknown",
        "maintenance_status": "operational",
        "source": "berlin_open_data_wfs",
        "source_id": "26",
        "source_url": "https://daten.berlin.de/datensaetze/offentliche-toiletten-wfs-ad2c0c24",
        "source_timestamp": "2025-07-17",
        "download_date": "2026-05-31",
        "license": "dl-de-zero-2.0",
        "last_verified": "2026-05-31",
        "berlin_feature_id": "toiletten.26",
        "berlin_bezirk": "Charlottenburg-Wilmersdorf",
        "berlin_vertrag": "Toilettenvertrag mit Wall",
        "berlin_modelltyp": "Berliner Toilette mit 1 Platz",
        "berlin_symbol": "WC",
        "berlin_nutzungsentgelt_raw": 0.5,
        "berlin_zahlungsart": "Karte/App/Paypal/BVG-Guthabenkarte",
        "berlin_barrierefrei_raw": "ja",
        "berlin_barrierearm_raw": "ja",
        "berlin_wickeltisch_raw": "nein"
      }
    },
    {
      "type": "Feature",
      "geometry": {
        "type": "Point",
        "coordinates": [
          13.42529799,
          52.48763154
        ]
      },
      "properties": {
        "facility_id": "atm-toilet-016",
        "name": "Hermannplatz 9 Mittelinsel vor Sonnenallee",
        "geometry_type": "Point",
        "address": "Hermannplatz 9 Mittelinsel vor Sonnenallee",
        "operator": "Wall GmbH",
        "access": "public",
        "fee": "yes",
        "payment_method": "Karte/App/Paypal/BVG-Guthabenkarte",
        "opening_hours": "24h",
        "wheelchair": "yes",
        "changing_table": "no",
        "toilet_type": "standalone",
        "gender_access": "unknown",
        "indoor": "no",
        "covered": "unknown",
        "drinking_water": "unknown",
        "supervised": "unknown",
        "maintenance_status": "operational",
        "source": "berlin_open_data_wfs",
        "source_id": "27",
        "source_url": "https://daten.berlin.de/datensaetze/offentliche-toiletten-wfs-ad2c0c24",
        "source_timestamp": "2025-07-17",
        "download_date": "2026-05-31",
        "license": "dl-de-zero-2.0",
        "last_verified": "2026-05-31",
        "berlin_feature_id": "toiletten.27",
        "berlin_bezirk": "Neukölln",
        "berlin_vertrag": "Toilettenvertrag mit Wall",
        "berlin_modelltyp": "Berliner Toilette mit 1 Platz",
        "berlin_symbol": "WC",
        "berlin_nutzungsentgelt_raw": 0.5,
        "berlin_zahlungsart": "Karte/App/Paypal/BVG-Guthabenkarte",
        "berlin_barrierefrei_raw": "ja",
        "berlin_barrierearm_raw": "ja",
        "berlin_wickeltisch_raw": "nein"
      }
    },
    {
      "type": "Feature",
      "geometry": {
        "type": "Point",
        "coordinates": [
          13.25962426,
          52.43104299
        ]
      },
      "properties": {
        "facility_id": "atm-toilet-017",
        "name": "S-Bhf. Zehlendorf, Teltower Damm 37-39 ggü. Machnower Str.",
        "geometry_type": "Point",
        "address": "S-Bhf. Zehlendorf, Teltower Damm 37-39 ggü. Machnower Str.",
        "operator": "Wall GmbH",
        "access": "public",
        "fee": "yes",
        "payment_method": "Karte/App/Paypal/BVG-Guthabenkarte",
        "opening_hours": "24h",
        "wheelchair": "yes",
        "changing_table": "no",
        "toilet_type": "standalone",
        "gender_access": "unknown",
        "indoor": "no",
        "covered": "unknown",
        "drinking_water": "unknown",
        "supervised": "unknown",
        "maintenance_status": "operational",
        "source": "berlin_open_data_wfs",
        "source_id": "29",
        "source_url": "https://daten.berlin.de/datensaetze/offentliche-toiletten-wfs-ad2c0c24",
        "source_timestamp": "2025-07-17",
        "download_date": "2026-05-31",
        "license": "dl-de-zero-2.0",
        "last_verified": "2026-05-31",
        "berlin_feature_id": "toiletten.29",
        "berlin_bezirk": "Steglitz-Zehlendorf",
        "berlin_vertrag": "Toilettenvertrag mit Wall",
        "berlin_modelltyp": "Berliner Toilette mit 1 Platz",
        "berlin_symbol": "WC",
        "berlin_nutzungsentgelt_raw": 0.5,
        "berlin_zahlungsart": "Karte/App/Paypal/BVG-Guthabenkarte",
        "berlin_barrierefrei_raw": "ja",
        "berlin_barrierearm_raw": "ja",
        "berlin_wickeltisch_raw": "nein"
      }
    },
    {
      "type": "Feature",
      "geometry": {
        "type": "Point",
        "coordinates": [
          13.4993597,
          52.51063191
        ]
      },
      "properties": {
        "facility_id": "atm-toilet-018",
        "name": "S-Bhf. Lichtenberg, Weitlingstraße 1 vor Einbecker Straße",
        "geometry_type": "Point",
        "address": "S-Bhf. Lichtenberg, Weitlingstraße 1 vor Einbecker Straße",
        "operator": "Wall GmbH",
        "access": "public",
        "fee": "yes",
        "payment_method": "Karte/App/Paypal/BVG-Guthabenkarte",
        "opening_hours": "24h",
        "wheelchair": "yes",
        "changing_table": "yes",
        "toilet_type": "standalone",
        "gender_access": "unknown",
        "indoor": "no",
        "covered": "unknown",
        "drinking_water": "unknown",
        "supervised": "unknown",
        "maintenance_status": "operational",
        "source": "berlin_open_data_wfs",
        "source_id": "30",
        "source_url": "https://daten.berlin.de/datensaetze/offentliche-toiletten-wfs-ad2c0c24",
        "source_timestamp": "2025-07-17",
        "download_date": "2026-05-31",
        "license": "dl-de-zero-2.0",
        "last_verified": "2026-05-31",
        "berlin_feature_id": "toiletten.30",
        "berlin_bezirk": "Lichtenberg",
        "berlin_vertrag": "Toilettenvertrag mit Wall",
        "berlin_modelltyp": "Berliner Toilette mit 1 Platz",
        "berlin_symbol": "WC",
        "berlin_nutzungsentgelt_raw": 0.5,
        "berlin_zahlungsart": "Karte/App/Paypal/BVG-Guthabenkarte",
        "berlin_barrierefrei_raw": "ja",
        "berlin_barrierearm_raw": "ja",
        "berlin_wickeltisch_raw": "ja"
      }
    },
    {
      "type": "Feature",
      "geometry": {
        "type": "Point",
        "coordinates": [
          13.43298563,
          52.5235086
        ]
      },
      "properties": {
        "facility_id": "atm-toilet-019",
        "name": "Platz der Vereinten Nationen, Landsberger Allee vor Friedenstr. stew.",
        "geometry_type": "Point",
        "address": "Platz der Vereinten Nationen, Landsberger Allee vor Friedenstr. stew.",
        "operator": "Wall GmbH",
        "access": "public",
        "fee": "yes",
        "payment_method": "Karte/App/Paypal/BVG-Guthabenkarte",
        "opening_hours": "24h",
        "wheelchair": "yes",
        "changing_table": "no",
        "toilet_type": "standalone",
        "gender_access": "unknown",
        "indoor": "no",
        "covered": "unknown",
        "drinking_water": "unknown",
        "supervised": "unknown",
        "maintenance_status": "operational",
        "source": "berlin_open_data_wfs",
        "source_id": "31",
        "source_url": "https://daten.berlin.de/datensaetze/offentliche-toiletten-wfs-ad2c0c24",
        "source_timestamp": "2025-07-17",
        "download_date": "2026-05-31",
        "license": "dl-de-zero-2.0",
        "last_verified": "2026-05-31",
        "berlin_feature_id": "toiletten.31",
        "berlin_bezirk": "Friedrichshain-Kreuzberg",
        "berlin_vertrag": "Toilettenvertrag mit Wall",
        "berlin_modelltyp": "Berliner Toilette mit 1 Platz",
        "berlin_symbol": "WC",
        "berlin_nutzungsentgelt_raw": 0.5,
        "berlin_zahlungsart": "Karte/App/Paypal/BVG-Guthabenkarte",
        "berlin_barrierefrei_raw": "ja",
        "berlin_barrierearm_raw": "ja",
        "berlin_wickeltisch_raw": "nein"
      }
    },
    {
      "type": "Feature",
      "geometry": {
        "type": "Point",
        "coordinates": [
          13.40023511,
          52.5806732
        ]
      },
      "properties": {
        "facility_id": "atm-toilet-020",
        "name": "Waldstr. ggü. 89 Mittelinsel hinter Hermann-Hesse-Str.",
        "geometry_type": "Point",
        "address": "Waldstr. ggü. 89 Mittelinsel hinter Hermann-Hesse-Str.",
        "operator": "Wall GmbH",
        "access": "public",
        "fee": "yes",
        "payment_method": "Karte/App/Paypal/BVG-Guthabenkarte",
        "opening_hours": "24h",
        "wheelchair": "yes",
        "changing_table": "no",
        "toilet_type": "standalone",
        "gender_access": "unknown",
        "indoor": "no",
        "covered": "unknown",
        "drinking_water": "unknown",
        "supervised": "unknown",
        "maintenance_status": "operational",
        "source": "berlin_open_data_wfs",
        "source_id": "32",
        "source_url": "https://daten.berlin.de/datensaetze/offentliche-toiletten-wfs-ad2c0c24",
        "source_timestamp": "2025-07-17",
        "download_date": "2026-05-31",
        "license": "dl-de-zero-2.0",
        "last_verified": "2026-05-31",
        "berlin_feature_id": "toiletten.32",
        "berlin_bezirk": "Pankow",
        "berlin_vertrag": "Toilettenvertrag mit Wall",
        "berlin_modelltyp": "Berliner Toilette mit 1 Platz",
        "berlin_symbol": "WC",
        "berlin_nutzungsentgelt_raw": 0.5,
        "berlin_zahlungsart": "Karte/App/Paypal/BVG-Guthabenkarte",
        "berlin_barrierefrei_raw": "ja",
        "berlin_barrierearm_raw": "ja",
        "berlin_wickeltisch_raw": "nein"
      }
    },
    {
      "type": "Feature",
      "geometry": {
        "type": "Point",
        "coordinates": [
          13.45063157,
          52.50761978
        ]
      },
      "properties": {
        "facility_id": "atm-toilet-021",
        "name": "Warschauer Str. ggü. 33 hinter ggü. Marchlewskistr. (Helsingforser Str.)",
        "geometry_type": "Point",
        "address": "Warschauer Str. ggü. 33 hinter ggü. Marchlewskistr. (Helsingforser Str.)",
        "operator": "Wall GmbH",
        "access": "public",
        "fee": "no",
        "payment_method": null,
        "opening_hours": "24h",
        "wheelchair": "yes",
        "changing_table": "no",
        "toilet_type": "standalone",
        "gender_access": "unknown",
        "indoor": "no",
        "covered": "unknown",
        "drinking_water": "unknown",
        "supervised": "unknown",
        "maintenance_status": "operational",
        "source": "berlin_open_data_wfs",
        "source_id": "33",
        "source_url": "https://daten.berlin.de/datensaetze/offentliche-toiletten-wfs-ad2c0c24",
        "source_timestamp": "2025-07-17",
        "download_date": "2026-05-31",
        "license": "dl-de-zero-2.0",
        "last_verified": "2026-05-31",
        "berlin_feature_id": "toiletten.33",
        "berlin_bezirk": "Friedrichshain-Kreuzberg",
        "berlin_vertrag": "Toilettenvertrag mit Wall",
        "berlin_modelltyp": "Berliner Toilette 1 Platz mit 2 Pissoirs",
        "berlin_symbol": "WC",
        "berlin_nutzungsentgelt_raw": 0,
        "berlin_zahlungsart": null,
        "berlin_barrierefrei_raw": "ja",
        "berlin_barrierearm_raw": "ja",
        "berlin_wickeltisch_raw": "nein"
      }
    },
    {
      "type": "Feature",
      "geometry": {
        "type": "Point",
        "coordinates": [
          13.32799011,
          52.47259635
        ]
      },
      "properties": {
        "facility_id": "atm-toilet-022",
        "name": "Bundesallee, Friedrich-Wilhelm-Platz 4 ggü. Wilhelmshöher Str.",
        "geometry_type": "Point",
        "address": "Bundesallee, Friedrich-Wilhelm-Platz 4 ggü. Wilhelmshöher Str.",
        "operator": "Wall GmbH",
        "access": "public",
        "fee": "yes",
        "payment_method": "Karte/App/Paypal/BVG-Guthabenkarte",
        "opening_hours": "24h",
        "wheelchair": "yes",
        "changing_table": "no",
        "toilet_type": "standalone",
        "gender_access": "unknown",
        "indoor": "no",
        "covered": "unknown",
        "drinking_water": "unknown",
        "supervised": "unknown",
        "maintenance_status": "operational",
        "source": "berlin_open_data_wfs",
        "source_id": "36",
        "source_url": "https://daten.berlin.de/datensaetze/offentliche-toiletten-wfs-ad2c0c24",
        "source_timestamp": "2025-07-17",
        "download_date": "2026-05-31",
        "license": "dl-de-zero-2.0",
        "last_verified": "2026-05-31",
        "berlin_feature_id": "toiletten.36",
        "berlin_bezirk": "Tempelhof-Schöneberg",
        "berlin_vertrag": "Toilettenvertrag mit Wall",
        "berlin_modelltyp": "Berliner Toilette mit 1 Platz",
        "berlin_symbol": "WC",
        "berlin_nutzungsentgelt_raw": 0.5,
        "berlin_zahlungsart": "Karte/App/Paypal/BVG-Guthabenkarte",
        "berlin_barrierefrei_raw": "ja",
        "berlin_barrierearm_raw": "ja",
        "berlin_wickeltisch_raw": "nein"
      }
    },
    {
      "type": "Feature",
      "geometry": {
        "type": "Point",
        "coordinates": [
          13.385392,
          52.47027304
        ]
      },
      "properties": {
        "facility_id": "atm-toilet-023",
        "name": "S-Bhf. Tempelhof, Tempelhofer Damm 108",
        "geometry_type": "Point",
        "address": "S-Bhf. Tempelhof, Tempelhofer Damm 108",
        "operator": "Wall GmbH",
        "access": "public",
        "fee": "yes",
        "payment_method": "Karte/App/Paypal/BVG-Guthabenkarte",
        "opening_hours": "24h",
        "wheelchair": "yes",
        "changing_table": "no",
        "toilet_type": "standalone",
        "gender_access": "unknown",
        "indoor": "no",
        "covered": "unknown",
        "drinking_water": "unknown",
        "supervised": "unknown",
        "maintenance_status": "operational",
        "source": "berlin_open_data_wfs",
        "source_id": "37",
        "source_url": "https://daten.berlin.de/datensaetze/offentliche-toiletten-wfs-ad2c0c24",
        "source_timestamp": "2025-07-17",
        "download_date": "2026-05-31",
        "license": "dl-de-zero-2.0",
        "last_verified": "2026-05-31",
        "berlin_feature_id": "toiletten.37",
        "berlin_bezirk": "Tempelhof-Schöneberg",
        "berlin_vertrag": "Toilettenvertrag mit Wall",
        "berlin_modelltyp": "Berliner Toilette mit 2 Plätzen",
        "berlin_symbol": "WC",
        "berlin_nutzungsentgelt_raw": 0.5,
        "berlin_zahlungsart": "Karte/App/Paypal/BVG-Guthabenkarte",
        "berlin_barrierefrei_raw": "ja",
        "berlin_barrierearm_raw": "ja",
        "berlin_wickeltisch_raw": "nein"
      }
    },
    {
      "type": "Feature",
      "geometry": {
        "type": "Point",
        "coordinates": [
          13.29939866,
          52.4953413
        ]
      },
      "properties": {
        "facility_id": "atm-toilet-024",
        "name": "Hochmeisterplatz, Westfälische Str. ggü. 70 hinter Johann-Georg-Str.",
        "geometry_type": "Point",
        "address": "Hochmeisterplatz, Westfälische Str. ggü. 70 hinter Johann-Georg-Str.",
        "operator": "Wall GmbH",
        "access": "public",
        "fee": "yes",
        "payment_method": "Karte/App/Paypal/BVG-Guthabenkarte",
        "opening_hours": "24h",
        "wheelchair": "yes",
        "changing_table": "yes",
        "toilet_type": "standalone",
        "gender_access": "unknown",
        "indoor": "no",
        "covered": "unknown",
        "drinking_water": "unknown",
        "supervised": "unknown",
        "maintenance_status": "operational",
        "source": "berlin_open_data_wfs",
        "source_id": "38",
        "source_url": "https://daten.berlin.de/datensaetze/offentliche-toiletten-wfs-ad2c0c24",
        "source_timestamp": "2025-07-17",
        "download_date": "2026-05-31",
        "license": "dl-de-zero-2.0",
        "last_verified": "2026-05-31",
        "berlin_feature_id": "toiletten.38",
        "berlin_bezirk": "Charlottenburg-Wilmersdorf",
        "berlin_vertrag": "Toilettenvertrag mit Wall",
        "berlin_modelltyp": "Berliner Toilette mit 1 Platz",
        "berlin_symbol": "WC",
        "berlin_nutzungsentgelt_raw": 0.5,
        "berlin_zahlungsart": "Karte/App/Paypal/BVG-Guthabenkarte",
        "berlin_barrierefrei_raw": "ja",
        "berlin_barrierearm_raw": "ja",
        "berlin_wickeltisch_raw": "ja"
      }
    },
    {
      "type": "Feature",
      "geometry": {
        "type": "Point",
        "coordinates": [
          13.33060649,
          52.52741493
        ]
      },
      "properties": {
        "facility_id": "atm-toilet-025",
        "name": "Waldstr. 1 Mittelinsel hinter Turmstr. 55",
        "geometry_type": "Point",
        "address": "Waldstr. 1 Mittelinsel hinter Turmstr. 55",
        "operator": "Wall GmbH",
        "access": "public",
        "fee": "yes",
        "payment_method": "Karte/App/Paypal/BVG-Guthabenkarte",
        "opening_hours": "24h",
        "wheelchair": "yes",
        "changing_table": "no",
        "toilet_type": "standalone",
        "gender_access": "unknown",
        "indoor": "no",
        "covered": "unknown",
        "drinking_water": "unknown",
        "supervised": "unknown",
        "maintenance_status": "operational",
        "source": "berlin_open_data_wfs",
        "source_id": "39",
        "source_url": "https://daten.berlin.de/datensaetze/offentliche-toiletten-wfs-ad2c0c24",
        "source_timestamp": "2025-07-17",
        "download_date": "2026-05-31",
        "license": "dl-de-zero-2.0",
        "last_verified": "2026-05-31",
        "berlin_feature_id": "toiletten.39",
        "berlin_bezirk": "Mitte",
        "berlin_vertrag": "Toilettenvertrag mit Wall",
        "berlin_modelltyp": "Berliner Toilette mit 1 Platz",
        "berlin_symbol": "WC",
        "berlin_nutzungsentgelt_raw": 0.5,
        "berlin_zahlungsart": "Karte/App/Paypal/BVG-Guthabenkarte",
        "berlin_barrierefrei_raw": "ja",
        "berlin_barrierearm_raw": "ja",
        "berlin_wickeltisch_raw": "nein"
      }
    },
    {
      "type": "Feature",
      "geometry": {
        "type": "Point",
        "coordinates": [
          13.53803013,
          52.52796843
        ]
      },
      "properties": {
        "facility_id": "atm-toilet-026",
        "name": "S-Bhf. Springfuhl, Helene-Weigel-Platz 4 vor Märkische Allee",
        "geometry_type": "Point",
        "address": "S-Bhf. Springfuhl, Helene-Weigel-Platz 4 vor Märkische Allee",
        "operator": "Wall GmbH",
        "access": "public",
        "fee": "yes",
        "payment_method": "Karte/App/Paypal/BVG-Guthabenkarte",
        "opening_hours": "24h",
        "wheelchair": "yes",
        "changing_table": "yes",
        "toilet_type": "standalone",
        "gender_access": "unknown",
        "indoor": "no",
        "covered": "unknown",
        "drinking_water": "unknown",
        "supervised": "unknown",
        "maintenance_status": "operational",
        "source": "berlin_open_data_wfs",
        "source_id": "41",
        "source_url": "https://daten.berlin.de/datensaetze/offentliche-toiletten-wfs-ad2c0c24",
        "source_timestamp": "2025-07-17",
        "download_date": "2026-05-31",
        "license": "dl-de-zero-2.0",
        "last_verified": "2026-05-31",
        "berlin_feature_id": "toiletten.41",
        "berlin_bezirk": "Marzahn-Hellersdorf",
        "berlin_vertrag": "Toilettenvertrag mit Wall",
        "berlin_modelltyp": "Berliner Toilette mit 1 Platz",
        "berlin_symbol": "WC",
        "berlin_nutzungsentgelt_raw": 0.5,
        "berlin_zahlungsart": "Karte/App/Paypal/BVG-Guthabenkarte",
        "berlin_barrierefrei_raw": "ja",
        "berlin_barrierearm_raw": "ja",
        "berlin_wickeltisch_raw": "ja"
      }
    },
    {
      "type": "Feature",
      "geometry": {
        "type": "Point",
        "coordinates": [
          13.39849866,
          52.38651789
        ]
      },
      "properties": {
        "facility_id": "atm-toilet-027",
        "name": "S-Bhf. Lichtenrade, Briesingstr. ggü. 1 hinter Bahnhofstr.",
        "geometry_type": "Point",
        "address": "S-Bhf. Lichtenrade, Briesingstr. ggü. 1 hinter Bahnhofstr.",
        "operator": "Wall GmbH",
        "access": "public",
        "fee": "no",
        "payment_method": null,
        "opening_hours": "24h",
        "wheelchair": "yes",
        "changing_table": "no",
        "toilet_type": "standalone",
        "gender_access": "unknown",
        "indoor": "no",
        "covered": "unknown",
        "drinking_water": "unknown",
        "supervised": "unknown",
        "maintenance_status": "operational",
        "source": "berlin_open_data_wfs",
        "source_id": "43",
        "source_url": "https://daten.berlin.de/datensaetze/offentliche-toiletten-wfs-ad2c0c24",
        "source_timestamp": "2025-07-17",
        "download_date": "2026-05-31",
        "license": "dl-de-zero-2.0",
        "last_verified": "2026-05-31",
        "berlin_feature_id": "toiletten.43",
        "berlin_bezirk": "Tempelhof-Schöneberg",
        "berlin_vertrag": "Toilettenvertrag mit Wall",
        "berlin_modelltyp": "Berliner Toilette 1 Platz mit 2 Pissoirs",
        "berlin_symbol": "WC",
        "berlin_nutzungsentgelt_raw": 0,
        "berlin_zahlungsart": null,
        "berlin_barrierefrei_raw": "ja",
        "berlin_barrierearm_raw": "ja",
        "berlin_wickeltisch_raw": "nein"
      }
    },
    {
      "type": "Feature",
      "geometry": {
        "type": "Point",
        "coordinates": [
          13.46301665,
          52.42456742
        ]
      },
      "properties": {
        "facility_id": "atm-toilet-028",
        "name": "U-Bhf. Lipschitzallee, Lipschitzplatz hinter Lipschitzallee 72",
        "geometry_type": "Point",
        "address": "U-Bhf. Lipschitzallee, Lipschitzplatz hinter Lipschitzallee 72",
        "operator": "Wall GmbH",
        "access": "public",
        "fee": "yes",
        "payment_method": "Karte/App/Paypal/BVG-Guthabenkarte",
        "opening_hours": "24h",
        "wheelchair": "yes",
        "changing_table": "no",
        "toilet_type": "standalone",
        "gender_access": "unknown",
        "indoor": "no",
        "covered": "unknown",
        "drinking_water": "unknown",
        "supervised": "unknown",
        "maintenance_status": "operational",
        "source": "berlin_open_data_wfs",
        "source_id": "44",
        "source_url": "https://daten.berlin.de/datensaetze/offentliche-toiletten-wfs-ad2c0c24",
        "source_timestamp": "2025-07-17",
        "download_date": "2026-05-31",
        "license": "dl-de-zero-2.0",
        "last_verified": "2026-05-31",
        "berlin_feature_id": "toiletten.44",
        "berlin_bezirk": "Neukölln",
        "berlin_vertrag": "Toilettenvertrag mit Wall",
        "berlin_modelltyp": "Berliner Toilette mit 1 Platz",
        "berlin_symbol": "WC",
        "berlin_nutzungsentgelt_raw": 0.5,
        "berlin_zahlungsart": "Karte/App/Paypal/BVG-Guthabenkarte",
        "berlin_barrierefrei_raw": "ja",
        "berlin_barrierearm_raw": "ja",
        "berlin_wickeltisch_raw": "nein"
      }
    },
    {
      "type": "Feature",
      "geometry": {
        "type": "Point",
        "coordinates": [
          13.417025,
          52.53558339
        ]
      },
      "properties": {
        "facility_id": "atm-toilet-029",
        "name": "Kollwitzplatz, Kollwitzstr. ggü. 56A vor Knaackstr.",
        "geometry_type": "Point",
        "address": "Kollwitzplatz, Kollwitzstr. ggü. 56A vor Knaackstr.",
        "operator": "Wall GmbH",
        "access": "public",
        "fee": "yes",
        "payment_method": "Karte/App/Paypal/BVG-Guthabenkarte",
        "opening_hours": "24h",
        "wheelchair": "yes",
        "changing_table": "yes",
        "toilet_type": "standalone",
        "gender_access": "unknown",
        "indoor": "no",
        "covered": "unknown",
        "drinking_water": "unknown",
        "supervised": "unknown",
        "maintenance_status": "operational",
        "source": "berlin_open_data_wfs",
        "source_id": "45",
        "source_url": "https://daten.berlin.de/datensaetze/offentliche-toiletten-wfs-ad2c0c24",
        "source_timestamp": "2025-07-17",
        "download_date": "2026-05-31",
        "license": "dl-de-zero-2.0",
        "last_verified": "2026-05-31",
        "berlin_feature_id": "toiletten.45",
        "berlin_bezirk": "Pankow",
        "berlin_vertrag": "Toilettenvertrag mit Wall",
        "berlin_modelltyp": "Berliner Toilette mit 1 Platz",
        "berlin_symbol": "WC",
        "berlin_nutzungsentgelt_raw": 0.5,
        "berlin_zahlungsart": "Karte/App/Paypal/BVG-Guthabenkarte",
        "berlin_barrierefrei_raw": "ja",
        "berlin_barrierearm_raw": "ja",
        "berlin_wickeltisch_raw": "ja"
      }
    },
    {
      "type": "Feature",
      "geometry": {
        "type": "Point",
        "coordinates": [
          13.38557447,
          52.48458916
        ]
      },
      "properties": {
        "facility_id": "atm-toilet-030",
        "name": "Platz der Luftbrücke, Tempelhofer Damm vor Manfred-von-Richthofen-Str.",
        "geometry_type": "Point",
        "address": "Platz der Luftbrücke, Tempelhofer Damm vor Manfred-von-Richthofen-Str.",
        "operator": "Wall GmbH",
        "access": "public",
        "fee": "yes",
        "payment_method": "Karte/App/Paypal/BVG-Guthabenkarte",
        "opening_hours": "24h",
        "wheelchair": "yes",
        "changing_table": "no",
        "toilet_type": "standalone",
        "gender_access": "unknown",
        "indoor": "no",
        "covered": "unknown",
        "drinking_water": "unknown",
        "supervised": "unknown",
        "maintenance_status": "operational",
        "source": "berlin_open_data_wfs",
        "source_id": "46",
        "source_url": "https://daten.berlin.de/datensaetze/offentliche-toiletten-wfs-ad2c0c24",
        "source_timestamp": "2025-07-17",
        "download_date": "2026-05-31",
        "license": "dl-de-zero-2.0",
        "last_verified": "2026-05-31",
        "berlin_feature_id": "toiletten.46",
        "berlin_bezirk": "Tempelhof-Schöneberg",
        "berlin_vertrag": "Toilettenvertrag mit Wall",
        "berlin_modelltyp": "Berliner Toilette mit 1 Platz",
        "berlin_symbol": "WC",
        "berlin_nutzungsentgelt_raw": 0.5,
        "berlin_zahlungsart": "Karte/App/Paypal/BVG-Guthabenkarte",
        "berlin_barrierefrei_raw": "ja",
        "berlin_barrierearm_raw": "ja",
        "berlin_wickeltisch_raw": "nein"
      }
    },
    {
      "type": "Feature",
      "geometry": {
        "type": "Point",
        "coordinates": [
          13.20111111,
          52.53833337
        ]
      },
      "properties": {
        "facility_id": "atm-toilet-031",
        "name": "Moritzstr. hinter Altstädter Ring , Parkplatz",
        "geometry_type": "Point",
        "address": "Moritzstr. hinter Altstädter Ring , Parkplatz",
        "operator": "Wall GmbH",
        "access": "public",
        "fee": "no",
        "payment_method": null,
        "opening_hours": "24h",
        "wheelchair": "yes",
        "changing_table": "no",
        "toilet_type": "standalone",
        "gender_access": "unknown",
        "indoor": "no",
        "covered": "unknown",
        "drinking_water": "unknown",
        "supervised": "unknown",
        "maintenance_status": "operational",
        "source": "berlin_open_data_wfs",
        "source_id": "47",
        "source_url": "https://daten.berlin.de/datensaetze/offentliche-toiletten-wfs-ad2c0c24",
        "source_timestamp": "2025-07-17",
        "download_date": "2026-05-31",
        "license": "dl-de-zero-2.0",
        "last_verified": "2026-05-31",
        "berlin_feature_id": "toiletten.47",
        "berlin_bezirk": "Spandau",
        "berlin_vertrag": "Toilettenvertrag mit Wall",
        "berlin_modelltyp": "Berliner Toilette 1 Platz mit 2 Pissoirs",
        "berlin_symbol": "WC",
        "berlin_nutzungsentgelt_raw": 0,
        "berlin_zahlungsart": null,
        "berlin_barrierefrei_raw": "ja",
        "berlin_barrierearm_raw": "ja",
        "berlin_wickeltisch_raw": "nein"
      }
    },
    {
      "type": "Feature",
      "geometry": {
        "type": "Point",
        "coordinates": [
          13.28900793,
          52.63198584
        ]
      },
      "properties": {
        "facility_id": "atm-toilet-032",
        "name": "S-Bhf. Frohnau, Welfenallee 1-5 vor Ludolfinger Platz",
        "geometry_type": "Point",
        "address": "S-Bhf. Frohnau, Welfenallee 1-5 vor Ludolfinger Platz",
        "operator": "Wall GmbH",
        "access": "public",
        "fee": "yes",
        "payment_method": "Karte/App/Paypal/BVG-Guthabenkarte",
        "opening_hours": "24h",
        "wheelchair": "yes",
        "changing_table": "no",
        "toilet_type": "standalone",
        "gender_access": "unknown",
        "indoor": "no",
        "covered": "unknown",
        "drinking_water": "unknown",
        "supervised": "unknown",
        "maintenance_status": "operational",
        "source": "berlin_open_data_wfs",
        "source_id": "48",
        "source_url": "https://daten.berlin.de/datensaetze/offentliche-toiletten-wfs-ad2c0c24",
        "source_timestamp": "2025-07-17",
        "download_date": "2026-05-31",
        "license": "dl-de-zero-2.0",
        "last_verified": "2026-05-31",
        "berlin_feature_id": "toiletten.48",
        "berlin_bezirk": "Reinickendorf",
        "berlin_vertrag": "Toilettenvertrag mit Wall",
        "berlin_modelltyp": "Berliner Toilette mit 1 Platz",
        "berlin_symbol": "WC",
        "berlin_nutzungsentgelt_raw": 0.5,
        "berlin_zahlungsart": "Karte/App/Paypal/BVG-Guthabenkarte",
        "berlin_barrierefrei_raw": "ja",
        "berlin_barrierearm_raw": "ja",
        "berlin_wickeltisch_raw": "nein"
      }
    },
    {
      "type": "Feature",
      "geometry": {
        "type": "Point",
        "coordinates": [
          13.52601743,
          52.48132519
        ]
      },
      "properties": {
        "facility_id": "atm-toilet-033",
        "name": "S-Bhf. Karlshorst, Stolzenfelsstr. hinter Treskowallee",
        "geometry_type": "Point",
        "address": "S-Bhf. Karlshorst, Stolzenfelsstr. hinter Treskowallee",
        "operator": "Wall GmbH",
        "access": "public",
        "fee": "yes",
        "payment_method": "Karte/App/Paypal/BVG-Guthabenkarte",
        "opening_hours": "24h",
        "wheelchair": "yes",
        "changing_table": "yes",
        "toilet_type": "standalone",
        "gender_access": "unknown",
        "indoor": "no",
        "covered": "unknown",
        "drinking_water": "unknown",
        "supervised": "unknown",
        "maintenance_status": "operational",
        "source": "berlin_open_data_wfs",
        "source_id": "49",
        "source_url": "https://daten.berlin.de/datensaetze/offentliche-toiletten-wfs-ad2c0c24",
        "source_timestamp": "2025-07-17",
        "download_date": "2026-05-31",
        "license": "dl-de-zero-2.0",
        "last_verified": "2026-05-31",
        "berlin_feature_id": "toiletten.49",
        "berlin_bezirk": "Lichtenberg",
        "berlin_vertrag": "Toilettenvertrag mit Wall",
        "berlin_modelltyp": "Berliner Toilette mit 1 Platz",
        "berlin_symbol": "WC",
        "berlin_nutzungsentgelt_raw": 0.5,
        "berlin_zahlungsart": "Karte/App/Paypal/BVG-Guthabenkarte",
        "berlin_barrierefrei_raw": "ja",
        "berlin_barrierearm_raw": "ja",
        "berlin_wickeltisch_raw": "ja"
      }
    },
    {
      "type": "Feature",
      "geometry": {
        "type": "Point",
        "coordinates": [
          13.14891875,
          52.45252504
        ]
      },
      "properties": {
        "facility_id": "atm-toilet-034",
        "name": "Imchenplatz, Imchenallee ggü. Alt-Kladow",
        "geometry_type": "Point",
        "address": "Imchenplatz, Imchenallee ggü. Alt-Kladow",
        "operator": "Wall GmbH",
        "access": "public",
        "fee": "yes",
        "payment_method": "Karte/App/Paypal/BVG-Guthabenkarte",
        "opening_hours": "24h",
        "wheelchair": "yes",
        "changing_table": "yes",
        "toilet_type": "standalone",
        "gender_access": "unknown",
        "indoor": "no",
        "covered": "unknown",
        "drinking_water": "unknown",
        "supervised": "unknown",
        "maintenance_status": "operational",
        "source": "berlin_open_data_wfs",
        "source_id": "50",
        "source_url": "https://daten.berlin.de/datensaetze/offentliche-toiletten-wfs-ad2c0c24",
        "source_timestamp": "2025-07-17",
        "download_date": "2026-05-31",
        "license": "dl-de-zero-2.0",
        "last_verified": "2026-05-31",
        "berlin_feature_id": "toiletten.50",
        "berlin_bezirk": "Spandau",
        "berlin_vertrag": "Toilettenvertrag mit Wall",
        "berlin_modelltyp": "Berliner Toilette mit 1 Platz",
        "berlin_symbol": "WC",
        "berlin_nutzungsentgelt_raw": 0.5,
        "berlin_zahlungsart": "Karte/App/Paypal/BVG-Guthabenkarte",
        "berlin_barrierefrei_raw": "ja",
        "berlin_barrierearm_raw": "ja",
        "berlin_wickeltisch_raw": "ja"
      }
    },
    {
      "type": "Feature",
      "geometry": {
        "type": "Point",
        "coordinates": [
          13.326157,
          52.42769604
        ]
      },
      "properties": {
        "facility_id": "atm-toilet-035",
        "name": "Brauerstr. ggü. 1 hinter Königsberger Str. (Kranoldplatz)",
        "geometry_type": "Point",
        "address": "Brauerstr. ggü. 1 hinter Königsberger Str. (Kranoldplatz)",
        "operator": "Wall GmbH",
        "access": "public",
        "fee": "yes",
        "payment_method": "Karte/App/Paypal/BVG-Guthabenkarte",
        "opening_hours": "24h",
        "wheelchair": "yes",
        "changing_table": "no",
        "toilet_type": "standalone",
        "gender_access": "unknown",
        "indoor": "no",
        "covered": "unknown",
        "drinking_water": "unknown",
        "supervised": "unknown",
        "maintenance_status": "operational",
        "source": "berlin_open_data_wfs",
        "source_id": "51",
        "source_url": "https://daten.berlin.de/datensaetze/offentliche-toiletten-wfs-ad2c0c24",
        "source_timestamp": "2025-07-17",
        "download_date": "2026-05-31",
        "license": "dl-de-zero-2.0",
        "last_verified": "2026-05-31",
        "berlin_feature_id": "toiletten.51",
        "berlin_bezirk": "Steglitz-Zehlendorf",
        "berlin_vertrag": "Toilettenvertrag mit Wall",
        "berlin_modelltyp": "Berliner Toilette mit 1 Platz",
        "berlin_symbol": "WC",
        "berlin_nutzungsentgelt_raw": 0.5,
        "berlin_zahlungsart": "Karte/App/Paypal/BVG-Guthabenkarte",
        "berlin_barrierefrei_raw": "ja",
        "berlin_barrierearm_raw": "ja",
        "berlin_wickeltisch_raw": "nein"
      }
    },
    {
      "type": "Feature",
      "geometry": {
        "type": "Point",
        "coordinates": [
          13.45123671,
          52.54816604
        ]
      },
      "properties": {
        "facility_id": "atm-toilet-036",
        "name": "Antonplatz, Berliner Allee 34 hinter ggü. Langhansstr.",
        "geometry_type": "Point",
        "address": "Antonplatz, Berliner Allee 34 hinter ggü. Langhansstr.",
        "operator": "Wall GmbH",
        "access": "public",
        "fee": "yes",
        "payment_method": "Karte/App/Paypal/BVG-Guthabenkarte",
        "opening_hours": "24h",
        "wheelchair": "yes",
        "changing_table": "no",
        "toilet_type": "standalone",
        "gender_access": "unknown",
        "indoor": "no",
        "covered": "unknown",
        "drinking_water": "unknown",
        "supervised": "unknown",
        "maintenance_status": "operational",
        "source": "berlin_open_data_wfs",
        "source_id": "52",
        "source_url": "https://daten.berlin.de/datensaetze/offentliche-toiletten-wfs-ad2c0c24",
        "source_timestamp": "2025-07-17",
        "download_date": "2026-05-31",
        "license": "dl-de-zero-2.0",
        "last_verified": "2026-05-31",
        "berlin_feature_id": "toiletten.52",
        "berlin_bezirk": "Pankow",
        "berlin_vertrag": "Toilettenvertrag mit Wall",
        "berlin_modelltyp": "Berliner Toilette mit 1 Platz",
        "berlin_symbol": "WC",
        "berlin_nutzungsentgelt_raw": 0.5,
        "berlin_zahlungsart": "Karte/App/Paypal/BVG-Guthabenkarte",
        "berlin_barrierefrei_raw": "ja",
        "berlin_barrierearm_raw": "ja",
        "berlin_wickeltisch_raw": "nein"
      }
    },
    {
      "type": "Feature",
      "geometry": {
        "type": "Point",
        "coordinates": [
          13.40734653,
          52.57025399
        ]
      },
      "properties": {
        "facility_id": "atm-toilet-037",
        "name": "Breite Str. 35 Mittelinsel (Anger, Pfarrkirche)",
        "geometry_type": "Point",
        "address": "Breite Str. 35 Mittelinsel (Anger, Pfarrkirche)",
        "operator": "Wall GmbH",
        "access": "public",
        "fee": "no",
        "payment_method": null,
        "opening_hours": "24h",
        "wheelchair": "yes",
        "changing_table": "no",
        "toilet_type": "standalone",
        "gender_access": "unknown",
        "indoor": "no",
        "covered": "unknown",
        "drinking_water": "unknown",
        "supervised": "unknown",
        "maintenance_status": "operational",
        "source": "berlin_open_data_wfs",
        "source_id": "53",
        "source_url": "https://daten.berlin.de/datensaetze/offentliche-toiletten-wfs-ad2c0c24",
        "source_timestamp": "2025-07-17",
        "download_date": "2026-05-31",
        "license": "dl-de-zero-2.0",
        "last_verified": "2026-05-31",
        "berlin_feature_id": "toiletten.53",
        "berlin_bezirk": "Pankow",
        "berlin_vertrag": "Toilettenvertrag mit Wall",
        "berlin_modelltyp": "Berliner Toilette 2 Plätze mit 2 Pissoirs",
        "berlin_symbol": "WC",
        "berlin_nutzungsentgelt_raw": 0,
        "berlin_zahlungsart": null,
        "berlin_barrierefrei_raw": "ja",
        "berlin_barrierearm_raw": "ja",
        "berlin_wickeltisch_raw": "nein"
      }
    },
    {
      "type": "Feature",
      "geometry": {
        "type": "Point",
        "coordinates": [
          13.43031102,
          52.49996027
        ]
      },
      "properties": {
        "facility_id": "atm-toilet-038",
        "name": "Skalitzer Str. ggü. 6 hinter Lausitzer Platz",
        "geometry_type": "Point",
        "address": "Skalitzer Str. ggü. 6 hinter Lausitzer Platz",
        "operator": "Wall GmbH",
        "access": "public",
        "fee": "yes",
        "payment_method": "Karte/App/Paypal/BVG-Guthabenkarte",
        "opening_hours": "24h",
        "wheelchair": "yes",
        "changing_table": "no",
        "toilet_type": "standalone",
        "gender_access": "unknown",
        "indoor": "no",
        "covered": "unknown",
        "drinking_water": "unknown",
        "supervised": "unknown",
        "maintenance_status": "operational",
        "source": "berlin_open_data_wfs",
        "source_id": "55",
        "source_url": "https://daten.berlin.de/datensaetze/offentliche-toiletten-wfs-ad2c0c24",
        "source_timestamp": "2025-07-17",
        "download_date": "2026-05-31",
        "license": "dl-de-zero-2.0",
        "last_verified": "2026-05-31",
        "berlin_feature_id": "toiletten.55",
        "berlin_bezirk": "Friedrichshain-Kreuzberg",
        "berlin_vertrag": "Toilettenvertrag mit Wall",
        "berlin_modelltyp": "Berliner Toilette mit 1 Platz",
        "berlin_symbol": "WC",
        "berlin_nutzungsentgelt_raw": 0.5,
        "berlin_zahlungsart": "Karte/App/Paypal/BVG-Guthabenkarte",
        "berlin_barrierefrei_raw": "ja",
        "berlin_barrierearm_raw": "ja",
        "berlin_wickeltisch_raw": "nein"
      }
    },
    {
      "type": "Feature",
      "geometry": {
        "type": "Point",
        "coordinates": [
          13.19692124,
          52.52515682
        ]
      },
      "properties": {
        "facility_id": "atm-toilet-039",
        "name": "Metzer Platz, Pichelsdorfer Str. ggü. 118 vor Jägerstr. (Wilhelmstadt)",
        "geometry_type": "Point",
        "address": "Metzer Platz, Pichelsdorfer Str. ggü. 118 vor Jägerstr. (Wilhelmstadt)",
        "operator": "Wall GmbH",
        "access": "public",
        "fee": "no",
        "payment_method": null,
        "opening_hours": "24h",
        "wheelchair": "yes",
        "changing_table": "no",
        "toilet_type": "standalone",
        "gender_access": "unknown",
        "indoor": "no",
        "covered": "unknown",
        "drinking_water": "unknown",
        "supervised": "unknown",
        "maintenance_status": "operational",
        "source": "berlin_open_data_wfs",
        "source_id": "56",
        "source_url": "https://daten.berlin.de/datensaetze/offentliche-toiletten-wfs-ad2c0c24",
        "source_timestamp": "2025-07-17",
        "download_date": "2026-05-31",
        "license": "dl-de-zero-2.0",
        "last_verified": "2026-05-31",
        "berlin_feature_id": "toiletten.56",
        "berlin_bezirk": "Spandau",
        "berlin_vertrag": "Toilettenvertrag mit Wall",
        "berlin_modelltyp": "Berliner Toilette 1 Platz mit 2 Pissoirs",
        "berlin_symbol": "WC",
        "berlin_nutzungsentgelt_raw": 0,
        "berlin_zahlungsart": null,
        "berlin_barrierefrei_raw": "ja",
        "berlin_barrierearm_raw": "ja",
        "berlin_wickeltisch_raw": "nein"
      }
    },
    {
      "type": "Feature",
      "geometry": {
        "type": "Point",
        "coordinates": [
          13.38791218,
          52.44015877
        ]
      },
      "properties": {
        "facility_id": "atm-toilet-040",
        "name": "Alt-Mariendorf 33 vor Mariendorfer Damm 131",
        "geometry_type": "Point",
        "address": "Alt-Mariendorf 33 vor Mariendorfer Damm 131",
        "operator": "Wall GmbH",
        "access": "public",
        "fee": "yes",
        "payment_method": "Karte/App/Paypal/BVG-Guthabenkarte",
        "opening_hours": "24h",
        "wheelchair": "yes",
        "changing_table": "no",
        "toilet_type": "standalone",
        "gender_access": "unknown",
        "indoor": "no",
        "covered": "unknown",
        "drinking_water": "unknown",
        "supervised": "unknown",
        "maintenance_status": "operational",
        "source": "berlin_open_data_wfs",
        "source_id": "57",
        "source_url": "https://daten.berlin.de/datensaetze/offentliche-toiletten-wfs-ad2c0c24",
        "source_timestamp": "2025-07-17",
        "download_date": "2026-05-31",
        "license": "dl-de-zero-2.0",
        "last_verified": "2026-05-31",
        "berlin_feature_id": "toiletten.57",
        "berlin_bezirk": "Tempelhof-Schöneberg",
        "berlin_vertrag": "Toilettenvertrag mit Wall",
        "berlin_modelltyp": "Berliner Toilette mit 1 Platz",
        "berlin_symbol": "WC",
        "berlin_nutzungsentgelt_raw": 0.5,
        "berlin_zahlungsart": "Karte/App/Paypal/BVG-Guthabenkarte",
        "berlin_barrierefrei_raw": "ja",
        "berlin_barrierearm_raw": "ja",
        "berlin_wickeltisch_raw": "nein"
      }
    },
    {
      "type": "Feature",
      "geometry": {
        "type": "Point",
        "coordinates": [
          13.28854597,
          52.58819493
        ]
      },
      "properties": {
        "facility_id": "atm-toilet-041",
        "name": "S-Bhf. Tegel, Buddeplatz, Buddestraße ggü. 12 hinter Grußdorfstr.",
        "geometry_type": "Point",
        "address": "S-Bhf. Tegel, Buddeplatz, Buddestraße ggü. 12 hinter Grußdorfstr.",
        "operator": "Wall GmbH",
        "access": "public",
        "fee": "yes",
        "payment_method": "Karte/App/Paypal/BVG-Guthabenkarte",
        "opening_hours": "24h",
        "wheelchair": "yes",
        "changing_table": "yes",
        "toilet_type": "standalone",
        "gender_access": "unknown",
        "indoor": "no",
        "covered": "unknown",
        "drinking_water": "unknown",
        "supervised": "unknown",
        "maintenance_status": "operational",
        "source": "berlin_open_data_wfs",
        "source_id": "58",
        "source_url": "https://daten.berlin.de/datensaetze/offentliche-toiletten-wfs-ad2c0c24",
        "source_timestamp": "2025-07-17",
        "download_date": "2026-05-31",
        "license": "dl-de-zero-2.0",
        "last_verified": "2026-05-31",
        "berlin_feature_id": "toiletten.58",
        "berlin_bezirk": "Reinickendorf",
        "berlin_vertrag": "Toilettenvertrag mit Wall",
        "berlin_modelltyp": "Berliner Toilette mit 1 Platz",
        "berlin_symbol": "WC",
        "berlin_nutzungsentgelt_raw": 0.5,
        "berlin_zahlungsart": "Karte/App/Paypal/BVG-Guthabenkarte",
        "berlin_barrierefrei_raw": "ja",
        "berlin_barrierearm_raw": "ja",
        "berlin_wickeltisch_raw": "ja"
      }
    },
    {
      "type": "Feature",
      "geometry": {
        "type": "Point",
        "coordinates": [
          13.29402034,
          52.53625423
        ]
      },
      "properties": {
        "facility_id": "atm-toilet-042",
        "name": "U-Bhf. Jakob-Kaiser-Platz, Kurt-Schumacher-Damm hinter Jakob-Kaiser-Platz (Klausingring 21)",
        "geometry_type": "Point",
        "address": "U-Bhf. Jakob-Kaiser-Platz, Kurt-Schumacher-Damm hinter Jakob-Kaiser-Platz (Klausingring 21)",
        "operator": "Wall GmbH",
        "access": "public",
        "fee": "yes",
        "payment_method": "Karte/App/Paypal/BVG-Guthabenkarte",
        "opening_hours": "24h",
        "wheelchair": "yes",
        "changing_table": "no",
        "toilet_type": "standalone",
        "gender_access": "unknown",
        "indoor": "no",
        "covered": "unknown",
        "drinking_water": "unknown",
        "supervised": "unknown",
        "maintenance_status": "operational",
        "source": "berlin_open_data_wfs",
        "source_id": "59",
        "source_url": "https://daten.berlin.de/datensaetze/offentliche-toiletten-wfs-ad2c0c24",
        "source_timestamp": "2025-07-17",
        "download_date": "2026-05-31",
        "license": "dl-de-zero-2.0",
        "last_verified": "2026-05-31",
        "berlin_feature_id": "toiletten.59",
        "berlin_bezirk": "Charlottenburg-Wilmersdorf",
        "berlin_vertrag": "Toilettenvertrag mit Wall",
        "berlin_modelltyp": "Berliner Toilette mit 1 Platz",
        "berlin_symbol": "WC",
        "berlin_nutzungsentgelt_raw": 0.5,
        "berlin_zahlungsart": "Karte/App/Paypal/BVG-Guthabenkarte",
        "berlin_barrierefrei_raw": "ja",
        "berlin_barrierearm_raw": "ja",
        "berlin_wickeltisch_raw": "nein"
      }
    },
    {
      "type": "Feature",
      "geometry": {
        "type": "Point",
        "coordinates": [
          13.32505638,
          52.49401386
        ]
      },
      "properties": {
        "facility_id": "atm-toilet-043",
        "name": "Hohenzollernplatz, Hohenzollerndamm 199 vor Nassauische Str.",
        "geometry_type": "Point",
        "address": "Hohenzollernplatz, Hohenzollerndamm 199 vor Nassauische Str.",
        "operator": "Wall GmbH",
        "access": "public",
        "fee": "yes",
        "payment_method": "Karte/App/Paypal/BVG-Guthabenkarte",
        "opening_hours": "24h",
        "wheelchair": "yes",
        "changing_table": "no",
        "toilet_type": "standalone",
        "gender_access": "unknown",
        "indoor": "no",
        "covered": "unknown",
        "drinking_water": "unknown",
        "supervised": "unknown",
        "maintenance_status": "operational",
        "source": "berlin_open_data_wfs",
        "source_id": "60",
        "source_url": "https://daten.berlin.de/datensaetze/offentliche-toiletten-wfs-ad2c0c24",
        "source_timestamp": "2025-07-17",
        "download_date": "2026-05-31",
        "license": "dl-de-zero-2.0",
        "last_verified": "2026-05-31",
        "berlin_feature_id": "toiletten.60",
        "berlin_bezirk": "Charlottenburg-Wilmersdorf",
        "berlin_vertrag": "Toilettenvertrag mit Wall",
        "berlin_modelltyp": "Berliner Toilette mit 1 Platz",
        "berlin_symbol": "WC",
        "berlin_nutzungsentgelt_raw": 0.5,
        "berlin_zahlungsart": "Karte/App/Paypal/BVG-Guthabenkarte",
        "berlin_barrierefrei_raw": "ja",
        "berlin_barrierearm_raw": "ja",
        "berlin_wickeltisch_raw": "nein"
      }
    },
    {
      "type": "Feature",
      "geometry": {
        "type": "Point",
        "coordinates": [
          13.41194057,
          52.54305271
        ]
      },
      "properties": {
        "facility_id": "atm-toilet-044",
        "name": "Schönhauser Allee hinter 137 vor Cantianstr. 1",
        "geometry_type": "Point",
        "address": "Schönhauser Allee hinter 137 vor Cantianstr. 1",
        "operator": "Wall GmbH",
        "access": "public",
        "fee": "no",
        "payment_method": null,
        "opening_hours": "24h",
        "wheelchair": "yes",
        "changing_table": "no",
        "toilet_type": "standalone",
        "gender_access": "unknown",
        "indoor": "no",
        "covered": "unknown",
        "drinking_water": "unknown",
        "supervised": "unknown",
        "maintenance_status": "operational",
        "source": "berlin_open_data_wfs",
        "source_id": "62",
        "source_url": "https://daten.berlin.de/datensaetze/offentliche-toiletten-wfs-ad2c0c24",
        "source_timestamp": "2025-07-17",
        "download_date": "2026-05-31",
        "license": "dl-de-zero-2.0",
        "last_verified": "2026-05-31",
        "berlin_feature_id": "toiletten.62",
        "berlin_bezirk": "Pankow",
        "berlin_vertrag": "Toilettenvertrag mit Wall",
        "berlin_modelltyp": "Berliner Toilette 1 Platz mit 2 Pissoirs",
        "berlin_symbol": "WC",
        "berlin_nutzungsentgelt_raw": 0,
        "berlin_zahlungsart": null,
        "berlin_barrierefrei_raw": "ja",
        "berlin_barrierearm_raw": "ja",
        "berlin_wickeltisch_raw": "nein"
      }
    },
    {
      "type": "Feature",
      "geometry": {
        "type": "Point",
        "coordinates": [
          13.34311524,
          52.43895768
        ]
      },
      "properties": {
        "facility_id": "atm-toilet-045",
        "name": "S-Bhf. Lankwitz, Leonorenstr. Ggü. 67 hinter Kaulbachstr.",
        "geometry_type": "Point",
        "address": "S-Bhf. Lankwitz, Leonorenstr. Ggü. 67 hinter Kaulbachstr.",
        "operator": "Wall GmbH",
        "access": "public",
        "fee": "yes",
        "payment_method": "Karte/App/Paypal/BVG-Guthabenkarte",
        "opening_hours": "24h",
        "wheelchair": "yes",
        "changing_table": "no",
        "toilet_type": "standalone",
        "gender_access": "unknown",
        "indoor": "no",
        "covered": "unknown",
        "drinking_water": "unknown",
        "supervised": "unknown",
        "maintenance_status": "operational",
        "source": "berlin_open_data_wfs",
        "source_id": "63",
        "source_url": "https://daten.berlin.de/datensaetze/offentliche-toiletten-wfs-ad2c0c24",
        "source_timestamp": "2025-07-17",
        "download_date": "2026-05-31",
        "license": "dl-de-zero-2.0",
        "last_verified": "2026-05-31",
        "berlin_feature_id": "toiletten.63",
        "berlin_bezirk": "Steglitz-Zehlendorf",
        "berlin_vertrag": "Toilettenvertrag mit Wall",
        "berlin_modelltyp": "Berliner Toilette mit 1 Platz",
        "berlin_symbol": "WC",
        "berlin_nutzungsentgelt_raw": 0.5,
        "berlin_zahlungsart": "Karte/App/Paypal/BVG-Guthabenkarte",
        "berlin_barrierefrei_raw": "ja",
        "berlin_barrierearm_raw": "ja",
        "berlin_wickeltisch_raw": "nein"
      }
    },
    {
      "type": "Feature",
      "geometry": {
        "type": "Point",
        "coordinates": [
          13.20563531,
          52.54143403
        ]
      },
      "properties": {
        "facility_id": "atm-toilet-046",
        "name": "Neuendorfer Str. 2 vor ggü. Bismarckstr.",
        "geometry_type": "Point",
        "address": "Neuendorfer Str. 2 vor ggü. Bismarckstr.",
        "operator": "Wall GmbH",
        "access": "public",
        "fee": "yes",
        "payment_method": "Karte/App/Paypal/BVG-Guthabenkarte",
        "opening_hours": "24h",
        "wheelchair": "yes",
        "changing_table": "no",
        "toilet_type": "standalone",
        "gender_access": "unknown",
        "indoor": "no",
        "covered": "unknown",
        "drinking_water": "unknown",
        "supervised": "unknown",
        "maintenance_status": "operational",
        "source": "berlin_open_data_wfs",
        "source_id": "64",
        "source_url": "https://daten.berlin.de/datensaetze/offentliche-toiletten-wfs-ad2c0c24",
        "source_timestamp": "2025-07-17",
        "download_date": "2026-05-31",
        "license": "dl-de-zero-2.0",
        "last_verified": "2026-05-31",
        "berlin_feature_id": "toiletten.64",
        "berlin_bezirk": "Spandau",
        "berlin_vertrag": "Toilettenvertrag mit Wall",
        "berlin_modelltyp": "Berliner Toilette mit 1 Platz",
        "berlin_symbol": "WC",
        "berlin_nutzungsentgelt_raw": 0.5,
        "berlin_zahlungsart": "Karte/App/Paypal/BVG-Guthabenkarte",
        "berlin_barrierefrei_raw": "ja",
        "berlin_barrierearm_raw": "ja",
        "berlin_wickeltisch_raw": "nein"
      }
    },
    {
      "type": "Feature",
      "geometry": {
        "type": "Point",
        "coordinates": [
          13.2903565,
          52.51879631
        ]
      },
      "properties": {
        "facility_id": "atm-toilet-047",
        "name": "Klausenerplatz ggü. 23 Mittelinsel vor Spandauer Damm",
        "geometry_type": "Point",
        "address": "Klausenerplatz ggü. 23 Mittelinsel vor Spandauer Damm",
        "operator": "Wall GmbH",
        "access": "public",
        "fee": "no",
        "payment_method": null,
        "opening_hours": "24h",
        "wheelchair": "yes",
        "changing_table": "yes",
        "toilet_type": "standalone",
        "gender_access": "unknown",
        "indoor": "no",
        "covered": "unknown",
        "drinking_water": "unknown",
        "supervised": "unknown",
        "maintenance_status": "operational",
        "source": "berlin_open_data_wfs",
        "source_id": "65",
        "source_url": "https://daten.berlin.de/datensaetze/offentliche-toiletten-wfs-ad2c0c24",
        "source_timestamp": "2025-07-17",
        "download_date": "2026-05-31",
        "license": "dl-de-zero-2.0",
        "last_verified": "2026-05-31",
        "berlin_feature_id": "toiletten.65",
        "berlin_bezirk": "Charlottenburg-Wilmersdorf",
        "berlin_vertrag": "Toilettenvertrag mit Wall",
        "berlin_modelltyp": "Berliner Toilette 1 Platz mit 2 Pissoirs",
        "berlin_symbol": "WC",
        "berlin_nutzungsentgelt_raw": 0,
        "berlin_zahlungsart": null,
        "berlin_barrierefrei_raw": "ja",
        "berlin_barrierearm_raw": "ja",
        "berlin_wickeltisch_raw": "ja"
      }
    },
    {
      "type": "Feature",
      "geometry": {
        "type": "Point",
        "coordinates": [
          13.62535,
          52.45772604
        ]
      },
      "properties": {
        "facility_id": "atm-toilet-048",
        "name": "S-Bhf. Friedrichshagen, Dahlwitzer Landstr. ggü. Schöneicher Str.",
        "geometry_type": "Point",
        "address": "S-Bhf. Friedrichshagen, Dahlwitzer Landstr. ggü. Schöneicher Str.",
        "operator": "Wall GmbH",
        "access": "public",
        "fee": "no",
        "payment_method": null,
        "opening_hours": "24h",
        "wheelchair": "yes",
        "changing_table": "no",
        "toilet_type": "standalone",
        "gender_access": "unknown",
        "indoor": "no",
        "covered": "unknown",
        "drinking_water": "unknown",
        "supervised": "unknown",
        "maintenance_status": "operational",
        "source": "berlin_open_data_wfs",
        "source_id": "66",
        "source_url": "https://daten.berlin.de/datensaetze/offentliche-toiletten-wfs-ad2c0c24",
        "source_timestamp": "2025-07-17",
        "download_date": "2026-05-31",
        "license": "dl-de-zero-2.0",
        "last_verified": "2026-05-31",
        "berlin_feature_id": "toiletten.66",
        "berlin_bezirk": "Treptow-Köpenick",
        "berlin_vertrag": "Toilettenvertrag mit Wall",
        "berlin_modelltyp": "Berliner Toilette 1 Platz mit 2 Pissoirs",
        "berlin_symbol": "WC",
        "berlin_nutzungsentgelt_raw": 0,
        "berlin_zahlungsart": null,
        "berlin_barrierefrei_raw": "ja",
        "berlin_barrierearm_raw": "ja",
        "berlin_wickeltisch_raw": "nein"
      }
    },
    {
      "type": "Feature",
      "geometry": {
        "type": "Point",
        "coordinates": [
          13.33693,
          52.48049704
        ]
      },
      "properties": {
        "facility_id": "atm-toilet-049",
        "name": "Hans-Rosenthal-Platz , Kufsteiner Str. ggü. Fritz-Elsas-Str.",
        "geometry_type": "Point",
        "address": "Hans-Rosenthal-Platz , Kufsteiner Str. ggü. Fritz-Elsas-Str.",
        "operator": "Wall GmbH",
        "access": "public",
        "fee": "no",
        "payment_method": null,
        "opening_hours": "24h",
        "wheelchair": "yes",
        "changing_table": "yes",
        "toilet_type": "standalone",
        "gender_access": "unknown",
        "indoor": "no",
        "covered": "unknown",
        "drinking_water": "unknown",
        "supervised": "unknown",
        "maintenance_status": "operational",
        "source": "berlin_open_data_wfs",
        "source_id": "67",
        "source_url": "https://daten.berlin.de/datensaetze/offentliche-toiletten-wfs-ad2c0c24",
        "source_timestamp": "2025-07-17",
        "download_date": "2026-05-31",
        "license": "dl-de-zero-2.0",
        "last_verified": "2026-05-31",
        "berlin_feature_id": "toiletten.67",
        "berlin_bezirk": "Charlottenburg-Wilmersdorf",
        "berlin_vertrag": "Toilettenvertrag mit Wall",
        "berlin_modelltyp": "Berliner Toilette 1 Platz mit 2 Pissoirs",
        "berlin_symbol": "WC",
        "berlin_nutzungsentgelt_raw": 0,
        "berlin_zahlungsart": null,
        "berlin_barrierefrei_raw": "ja",
        "berlin_barrierearm_raw": "ja",
        "berlin_wickeltisch_raw": "ja"
      }
    },
    {
      "type": "Feature",
      "geometry": {
        "type": "Point",
        "coordinates": [
          13.36306169,
          52.49987909
        ]
      },
      "properties": {
        "facility_id": "atm-toilet-050",
        "name": "Potsdamer Str. 109 hinter Kurfürstenstr.",
        "geometry_type": "Point",
        "address": "Potsdamer Str. 109 hinter Kurfürstenstr.",
        "operator": "Wall GmbH",
        "access": "public",
        "fee": "no",
        "payment_method": null,
        "opening_hours": "24h",
        "wheelchair": "yes",
        "changing_table": "no",
        "toilet_type": "standalone",
        "gender_access": "unknown",
        "indoor": "no",
        "covered": "unknown",
        "drinking_water": "unknown",
        "supervised": "unknown",
        "maintenance_status": "operational",
        "source": "berlin_open_data_wfs",
        "source_id": "68",
        "source_url": "https://daten.berlin.de/datensaetze/offentliche-toiletten-wfs-ad2c0c24",
        "source_timestamp": "2025-07-17",
        "download_date": "2026-05-31",
        "license": "dl-de-zero-2.0",
        "last_verified": "2026-05-31",
        "berlin_feature_id": "toiletten.68",
        "berlin_bezirk": "Mitte",
        "berlin_vertrag": "Toilettenvertrag mit Wall",
        "berlin_modelltyp": "Berliner Toilette 2 Plätze mit 2 Pissoirs",
        "berlin_symbol": "WC",
        "berlin_nutzungsentgelt_raw": 0,
        "berlin_zahlungsart": null,
        "berlin_barrierefrei_raw": "ja",
        "berlin_barrierearm_raw": "ja",
        "berlin_wickeltisch_raw": "nein"
      }
    },
    {
      "type": "Feature",
      "geometry": {
        "type": "Point",
        "coordinates": [
          13.549245,
          52.54436704
        ]
      },
      "properties": {
        "facility_id": "atm-toilet-051",
        "name": "Marzahner Promenade (Fußgängerzone) 30-33 ggü. Franz-Stenzer-Str. 21-23",
        "geometry_type": "Point",
        "address": "Marzahner Promenade (Fußgängerzone) 30-33 ggü. Franz-Stenzer-Str. 21-23",
        "operator": "Wall GmbH",
        "access": "public",
        "fee": "yes",
        "payment_method": "Karte/App/Paypal/BVG-Guthabenkarte",
        "opening_hours": "24h",
        "wheelchair": "yes",
        "changing_table": "yes",
        "toilet_type": "standalone",
        "gender_access": "unknown",
        "indoor": "no",
        "covered": "unknown",
        "drinking_water": "unknown",
        "supervised": "unknown",
        "maintenance_status": "operational",
        "source": "berlin_open_data_wfs",
        "source_id": "69",
        "source_url": "https://daten.berlin.de/datensaetze/offentliche-toiletten-wfs-ad2c0c24",
        "source_timestamp": "2025-07-17",
        "download_date": "2026-05-31",
        "license": "dl-de-zero-2.0",
        "last_verified": "2026-05-31",
        "berlin_feature_id": "toiletten.69",
        "berlin_bezirk": "Marzahn-Hellersdorf",
        "berlin_vertrag": "Toilettenvertrag mit Wall",
        "berlin_modelltyp": "Berliner Toilette mit 1 Platz",
        "berlin_symbol": "WC",
        "berlin_nutzungsentgelt_raw": 0.5,
        "berlin_zahlungsart": "Karte/App/Paypal/BVG-Guthabenkarte",
        "berlin_barrierefrei_raw": "ja",
        "berlin_barrierearm_raw": "ja",
        "berlin_wickeltisch_raw": "ja"
      }
    },
    {
      "type": "Feature",
      "geometry": {
        "type": "Point",
        "coordinates": [
          13.41983203,
          52.49567029
        ]
      },
      "properties": {
        "facility_id": "atm-toilet-052",
        "name": "Planufer hinter Kottbusser Str./Kottbusser Brücke",
        "geometry_type": "Point",
        "address": "Planufer hinter Kottbusser Str./Kottbusser Brücke",
        "operator": "Wall GmbH",
        "access": "public",
        "fee": "yes",
        "payment_method": "Karte/App/Paypal/BVG-Guthabenkarte",
        "opening_hours": "24h",
        "wheelchair": "yes",
        "changing_table": "no",
        "toilet_type": "standalone",
        "gender_access": "unknown",
        "indoor": "no",
        "covered": "unknown",
        "drinking_water": "unknown",
        "supervised": "unknown",
        "maintenance_status": "operational",
        "source": "berlin_open_data_wfs",
        "source_id": "70",
        "source_url": "https://daten.berlin.de/datensaetze/offentliche-toiletten-wfs-ad2c0c24",
        "source_timestamp": "2025-07-17",
        "download_date": "2026-05-31",
        "license": "dl-de-zero-2.0",
        "last_verified": "2026-05-31",
        "berlin_feature_id": "toiletten.70",
        "berlin_bezirk": "Friedrichshain-Kreuzberg",
        "berlin_vertrag": "Toilettenvertrag mit Wall",
        "berlin_modelltyp": "Berliner Toilette mit 1 Platz",
        "berlin_symbol": "WC",
        "berlin_nutzungsentgelt_raw": 0.5,
        "berlin_zahlungsart": "Karte/App/Paypal/BVG-Guthabenkarte",
        "berlin_barrierefrei_raw": "ja",
        "berlin_barrierearm_raw": "ja",
        "berlin_wickeltisch_raw": "nein"
      }
    },
    {
      "type": "Feature",
      "geometry": {
        "type": "Point",
        "coordinates": [
          13.14397069,
          52.45383792
        ]
      },
      "properties": {
        "facility_id": "atm-toilet-053",
        "name": "Kladower Damm 387 vor Sakrower Landstr.",
        "geometry_type": "Point",
        "address": "Kladower Damm 387 vor Sakrower Landstr.",
        "operator": "Wall GmbH",
        "access": "public",
        "fee": "yes",
        "payment_method": "Karte/App/Paypal/BVG-Guthabenkarte",
        "opening_hours": "24h",
        "wheelchair": "yes",
        "changing_table": "no",
        "toilet_type": "standalone",
        "gender_access": "unknown",
        "indoor": "no",
        "covered": "unknown",
        "drinking_water": "unknown",
        "supervised": "unknown",
        "maintenance_status": "operational",
        "source": "berlin_open_data_wfs",
        "source_id": "71",
        "source_url": "https://daten.berlin.de/datensaetze/offentliche-toiletten-wfs-ad2c0c24",
        "source_timestamp": "2025-07-17",
        "download_date": "2026-05-31",
        "license": "dl-de-zero-2.0",
        "last_verified": "2026-05-31",
        "berlin_feature_id": "toiletten.71",
        "berlin_bezirk": "Spandau",
        "berlin_vertrag": "Toilettenvertrag mit Wall",
        "berlin_modelltyp": "Berliner Toilette mit 1 Platz",
        "berlin_symbol": "WC",
        "berlin_nutzungsentgelt_raw": 0.5,
        "berlin_zahlungsart": "Karte/App/Paypal/BVG-Guthabenkarte",
        "berlin_barrierefrei_raw": "ja",
        "berlin_barrierearm_raw": "ja",
        "berlin_wickeltisch_raw": "nein"
      }
    },
    {
      "type": "Feature",
      "geometry": {
        "type": "Point",
        "coordinates": [
          13.56090832,
          52.50593952
        ]
      },
      "properties": {
        "facility_id": "atm-toilet-054",
        "name": "U-Bhf. Elsterwerdaer Platz, Elsterwerdaer Platz 1 - 3 vor U-Bhf.",
        "geometry_type": "Point",
        "address": "U-Bhf. Elsterwerdaer Platz, Elsterwerdaer Platz 1 - 3 vor U-Bhf.",
        "operator": "Wall GmbH",
        "access": "public",
        "fee": "no",
        "payment_method": null,
        "opening_hours": "24h",
        "wheelchair": "yes",
        "changing_table": "no",
        "toilet_type": "standalone",
        "gender_access": "unknown",
        "indoor": "no",
        "covered": "unknown",
        "drinking_water": "unknown",
        "supervised": "unknown",
        "maintenance_status": "operational",
        "source": "berlin_open_data_wfs",
        "source_id": "73",
        "source_url": "https://daten.berlin.de/datensaetze/offentliche-toiletten-wfs-ad2c0c24",
        "source_timestamp": "2025-07-17",
        "download_date": "2026-05-31",
        "license": "dl-de-zero-2.0",
        "last_verified": "2026-05-31",
        "berlin_feature_id": "toiletten.73",
        "berlin_bezirk": "Marzahn-Hellersdorf",
        "berlin_vertrag": "Toilettenvertrag mit Wall",
        "berlin_modelltyp": "Berliner Toilette 1 Platz mit 2 Pissoirs",
        "berlin_symbol": "WC",
        "berlin_nutzungsentgelt_raw": 0,
        "berlin_zahlungsart": null,
        "berlin_barrierefrei_raw": "ja",
        "berlin_barrierearm_raw": "ja",
        "berlin_wickeltisch_raw": "nein"
      }
    },
    {
      "type": "Feature",
      "geometry": {
        "type": "Point",
        "coordinates": [
          13.34347128,
          52.47867561
        ]
      },
      "properties": {
        "facility_id": "atm-toilet-055",
        "name": "Innsbrucker Platz Mittelinsel vor Wexstr. 1",
        "geometry_type": "Point",
        "address": "Innsbrucker Platz Mittelinsel vor Wexstr. 1",
        "operator": "Wall GmbH",
        "access": "public",
        "fee": "yes",
        "payment_method": "Karte/App/Paypal/BVG-Guthabenkarte",
        "opening_hours": "24h",
        "wheelchair": "yes",
        "changing_table": "no",
        "toilet_type": "standalone",
        "gender_access": "unknown",
        "indoor": "no",
        "covered": "unknown",
        "drinking_water": "unknown",
        "supervised": "unknown",
        "maintenance_status": "operational",
        "source": "berlin_open_data_wfs",
        "source_id": "74",
        "source_url": "https://daten.berlin.de/datensaetze/offentliche-toiletten-wfs-ad2c0c24",
        "source_timestamp": "2025-07-17",
        "download_date": "2026-05-31",
        "license": "dl-de-zero-2.0",
        "last_verified": "2026-05-31",
        "berlin_feature_id": "toiletten.74",
        "berlin_bezirk": "Tempelhof-Schöneberg",
        "berlin_vertrag": "Toilettenvertrag mit Wall",
        "berlin_modelltyp": "Berliner Toilette mit 1 Platz",
        "berlin_symbol": "WC",
        "berlin_nutzungsentgelt_raw": 0.5,
        "berlin_zahlungsart": "Karte/App/Paypal/BVG-Guthabenkarte",
        "berlin_barrierefrei_raw": "ja",
        "berlin_barrierearm_raw": "ja",
        "berlin_wickeltisch_raw": "nein"
      }
    },
    {
      "type": "Feature",
      "geometry": {
        "type": "Point",
        "coordinates": [
          13.574246,
          52.41367804
        ]
      },
      "properties": {
        "facility_id": "atm-toilet-056",
        "name": "S-Bhf. Grünau, Wassersportallee hinter Adlergestell",
        "geometry_type": "Point",
        "address": "S-Bhf. Grünau, Wassersportallee hinter Adlergestell",
        "operator": "Wall GmbH",
        "access": "public",
        "fee": "yes",
        "payment_method": "Karte/App/Paypal/BVG-Guthabenkarte",
        "opening_hours": "24h",
        "wheelchair": "yes",
        "changing_table": "no",
        "toilet_type": "standalone",
        "gender_access": "unknown",
        "indoor": "no",
        "covered": "unknown",
        "drinking_water": "unknown",
        "supervised": "unknown",
        "maintenance_status": "operational",
        "source": "berlin_open_data_wfs",
        "source_id": "75",
        "source_url": "https://daten.berlin.de/datensaetze/offentliche-toiletten-wfs-ad2c0c24",
        "source_timestamp": "2025-07-17",
        "download_date": "2026-05-31",
        "license": "dl-de-zero-2.0",
        "last_verified": "2026-05-31",
        "berlin_feature_id": "toiletten.75",
        "berlin_bezirk": "Treptow-Köpenick",
        "berlin_vertrag": "Toilettenvertrag mit Wall",
        "berlin_modelltyp": "Berliner Toilette mit 1 Platz",
        "berlin_symbol": "WC",
        "berlin_nutzungsentgelt_raw": 0.5,
        "berlin_zahlungsart": "Karte/App/Paypal/BVG-Guthabenkarte",
        "berlin_barrierefrei_raw": "ja",
        "berlin_barrierearm_raw": "ja",
        "berlin_wickeltisch_raw": "nein"
      }
    },
    {
      "type": "Feature",
      "geometry": {
        "type": "Point",
        "coordinates": [
          13.5884471,
          52.52086728
        ]
      },
      "properties": {
        "facility_id": "atm-toilet-057",
        "name": "U-Bhf. Kaulsdorf-Nord, Hellersdorfer Str. 78 ggü. Ludwigsluster Str.",
        "geometry_type": "Point",
        "address": "U-Bhf. Kaulsdorf-Nord, Hellersdorfer Str. 78 ggü. Ludwigsluster Str.",
        "operator": "Wall GmbH",
        "access": "public",
        "fee": "yes",
        "payment_method": "Karte/App/Paypal/BVG-Guthabenkarte",
        "opening_hours": "24h",
        "wheelchair": "yes",
        "changing_table": "no",
        "toilet_type": "standalone",
        "gender_access": "unknown",
        "indoor": "no",
        "covered": "unknown",
        "drinking_water": "unknown",
        "supervised": "unknown",
        "maintenance_status": "operational",
        "source": "berlin_open_data_wfs",
        "source_id": "76",
        "source_url": "https://daten.berlin.de/datensaetze/offentliche-toiletten-wfs-ad2c0c24",
        "source_timestamp": "2025-07-17",
        "download_date": "2026-05-31",
        "license": "dl-de-zero-2.0",
        "last_verified": "2026-05-31",
        "berlin_feature_id": "toiletten.76",
        "berlin_bezirk": "Marzahn-Hellersdorf",
        "berlin_vertrag": "Toilettenvertrag mit Wall",
        "berlin_modelltyp": "Berliner Toilette mit 1 Platz",
        "berlin_symbol": "WC",
        "berlin_nutzungsentgelt_raw": 0.5,
        "berlin_zahlungsart": "Karte/App/Paypal/BVG-Guthabenkarte",
        "berlin_barrierefrei_raw": "ja",
        "berlin_barrierearm_raw": "ja",
        "berlin_wickeltisch_raw": "nein"
      }
    },
    {
      "type": "Feature",
      "geometry": {
        "type": "Point",
        "coordinates": [
          13.24017109,
          52.44234291
        ]
      },
      "properties": {
        "facility_id": "atm-toilet-058",
        "name": "Argentinische Allee vor Fischerhüttenstr. 68",
        "geometry_type": "Point",
        "address": "Argentinische Allee vor Fischerhüttenstr. 68",
        "operator": "Wall GmbH",
        "access": "public",
        "fee": "yes",
        "payment_method": "Karte/App/Paypal/BVG-Guthabenkarte",
        "opening_hours": "24h",
        "wheelchair": "yes",
        "changing_table": "no",
        "toilet_type": "standalone",
        "gender_access": "unknown",
        "indoor": "no",
        "covered": "unknown",
        "drinking_water": "unknown",
        "supervised": "unknown",
        "maintenance_status": "operational",
        "source": "berlin_open_data_wfs",
        "source_id": "77",
        "source_url": "https://daten.berlin.de/datensaetze/offentliche-toiletten-wfs-ad2c0c24",
        "source_timestamp": "2025-07-17",
        "download_date": "2026-05-31",
        "license": "dl-de-zero-2.0",
        "last_verified": "2026-05-31",
        "berlin_feature_id": "toiletten.77",
        "berlin_bezirk": "Steglitz-Zehlendorf",
        "berlin_vertrag": "Toilettenvertrag mit Wall",
        "berlin_modelltyp": "Berliner Toilette mit 1 Platz",
        "berlin_symbol": "WC",
        "berlin_nutzungsentgelt_raw": 0.5,
        "berlin_zahlungsart": "Karte/App/Paypal/BVG-Guthabenkarte",
        "berlin_barrierefrei_raw": "ja",
        "berlin_barrierearm_raw": "ja",
        "berlin_wickeltisch_raw": "nein"
      }
    },
    {
      "type": "Feature",
      "geometry": {
        "type": "Point",
        "coordinates": [
          13.32671558,
          52.56391962
        ]
      },
      "properties": {
        "facility_id": "atm-toilet-059",
        "name": "Kurt-Schumacher-Platz, Scharnweberstr. ggü. 19 vor Kurt-Schumacher Damm",
        "geometry_type": "Point",
        "address": "Kurt-Schumacher-Platz, Scharnweberstr. ggü. 19 vor Kurt-Schumacher Damm",
        "operator": "Wall GmbH",
        "access": "public",
        "fee": "yes",
        "payment_method": "Karte/App/Paypal/BVG-Guthabenkarte",
        "opening_hours": "24h",
        "wheelchair": "yes",
        "changing_table": "no",
        "toilet_type": "standalone",
        "gender_access": "unknown",
        "indoor": "no",
        "covered": "unknown",
        "drinking_water": "unknown",
        "supervised": "unknown",
        "maintenance_status": "operational",
        "source": "berlin_open_data_wfs",
        "source_id": "78",
        "source_url": "https://daten.berlin.de/datensaetze/offentliche-toiletten-wfs-ad2c0c24",
        "source_timestamp": "2025-07-17",
        "download_date": "2026-05-31",
        "license": "dl-de-zero-2.0",
        "last_verified": "2026-05-31",
        "berlin_feature_id": "toiletten.78",
        "berlin_bezirk": "Reinickendorf",
        "berlin_vertrag": "Toilettenvertrag mit Wall",
        "berlin_modelltyp": "Berliner Toilette mit 1 Platz",
        "berlin_symbol": "WC",
        "berlin_nutzungsentgelt_raw": 0.5,
        "berlin_zahlungsart": "Karte/App/Paypal/BVG-Guthabenkarte",
        "berlin_barrierefrei_raw": "ja",
        "berlin_barrierearm_raw": "ja",
        "berlin_wickeltisch_raw": "nein"
      }
    },
    {
      "type": "Feature",
      "geometry": {
        "type": "Point",
        "coordinates": [
          13.30866482,
          52.46723683
        ]
      },
      "properties": {
        "facility_id": "atm-toilet-060",
        "name": "U-Bhf. Breitenbachplatz 8 Mittelinsel hinter Dillenburger Str.",
        "geometry_type": "Point",
        "address": "U-Bhf. Breitenbachplatz 8 Mittelinsel hinter Dillenburger Str.",
        "operator": "Wall GmbH",
        "access": "public",
        "fee": "yes",
        "payment_method": "Karte/App/Paypal/BVG-Guthabenkarte",
        "opening_hours": "24h",
        "wheelchair": "yes",
        "changing_table": "no",
        "toilet_type": "standalone",
        "gender_access": "unknown",
        "indoor": "no",
        "covered": "unknown",
        "drinking_water": "unknown",
        "supervised": "unknown",
        "maintenance_status": "operational",
        "source": "berlin_open_data_wfs",
        "source_id": "79",
        "source_url": "https://daten.berlin.de/datensaetze/offentliche-toiletten-wfs-ad2c0c24",
        "source_timestamp": "2025-07-17",
        "download_date": "2026-05-31",
        "license": "dl-de-zero-2.0",
        "last_verified": "2026-05-31",
        "berlin_feature_id": "toiletten.79",
        "berlin_bezirk": "Steglitz-Zehlendorf",
        "berlin_vertrag": "Toilettenvertrag mit Wall",
        "berlin_modelltyp": "Berliner Toilette mit 1 Platz",
        "berlin_symbol": "WC",
        "berlin_nutzungsentgelt_raw": 0.5,
        "berlin_zahlungsart": "Karte/App/Paypal/BVG-Guthabenkarte",
        "berlin_barrierefrei_raw": "ja",
        "berlin_barrierearm_raw": "ja",
        "berlin_wickeltisch_raw": "nein"
      }
    },
    {
      "type": "Feature",
      "geometry": {
        "type": "Point",
        "coordinates": [
          13.35362219,
          52.49487804
        ]
      },
      "properties": {
        "facility_id": "atm-toilet-061",
        "name": "Winterfeldtplatz, Hohenstaufenstr. 1 hinter Goltzstr.",
        "geometry_type": "Point",
        "address": "Winterfeldtplatz, Hohenstaufenstr. 1 hinter Goltzstr.",
        "operator": "Wall GmbH",
        "access": "public",
        "fee": "yes",
        "payment_method": "Karte/App/Paypal/BVG-Guthabenkarte",
        "opening_hours": "24h",
        "wheelchair": "yes",
        "changing_table": "no",
        "toilet_type": "standalone",
        "gender_access": "unknown",
        "indoor": "no",
        "covered": "unknown",
        "drinking_water": "unknown",
        "supervised": "unknown",
        "maintenance_status": "operational",
        "source": "berlin_open_data_wfs",
        "source_id": "81",
        "source_url": "https://daten.berlin.de/datensaetze/offentliche-toiletten-wfs-ad2c0c24",
        "source_timestamp": "2025-07-17",
        "download_date": "2026-05-31",
        "license": "dl-de-zero-2.0",
        "last_verified": "2026-05-31",
        "berlin_feature_id": "toiletten.81",
        "berlin_bezirk": "Tempelhof-Schöneberg",
        "berlin_vertrag": "Toilettenvertrag mit Wall",
        "berlin_modelltyp": "Berliner Toilette mit 1 Platz",
        "berlin_symbol": "WC",
        "berlin_nutzungsentgelt_raw": 0.5,
        "berlin_zahlungsart": "Karte/App/Paypal/BVG-Guthabenkarte",
        "berlin_barrierefrei_raw": "ja",
        "berlin_barrierearm_raw": "ja",
        "berlin_wickeltisch_raw": "nein"
      }
    },
    {
      "type": "Feature",
      "geometry": {
        "type": "Point",
        "coordinates": [
          13.50932998,
          52.45370571
        ]
      },
      "properties": {
        "facility_id": "atm-toilet-062",
        "name": "S-Bhf. Schöneweide, Sterndamm 8 - 10",
        "geometry_type": "Point",
        "address": "S-Bhf. Schöneweide, Sterndamm 8 - 10",
        "operator": "Wall GmbH",
        "access": "public",
        "fee": "yes",
        "payment_method": "Karte/App/Paypal/BVG-Guthabenkarte",
        "opening_hours": "24h",
        "wheelchair": "yes",
        "changing_table": "no",
        "toilet_type": "standalone",
        "gender_access": "unknown",
        "indoor": "no",
        "covered": "unknown",
        "drinking_water": "unknown",
        "supervised": "unknown",
        "maintenance_status": "operational",
        "source": "berlin_open_data_wfs",
        "source_id": "82",
        "source_url": "https://daten.berlin.de/datensaetze/offentliche-toiletten-wfs-ad2c0c24",
        "source_timestamp": "2025-07-17",
        "download_date": "2026-05-31",
        "license": "dl-de-zero-2.0",
        "last_verified": "2026-05-31",
        "berlin_feature_id": "toiletten.82",
        "berlin_bezirk": "Treptow-Köpenick",
        "berlin_vertrag": "Toilettenvertrag mit Wall",
        "berlin_modelltyp": "Berliner Toilette mit 1 Platz",
        "berlin_symbol": "WC",
        "berlin_nutzungsentgelt_raw": 0.5,
        "berlin_zahlungsart": "Karte/App/Paypal/BVG-Guthabenkarte",
        "berlin_barrierefrei_raw": "ja",
        "berlin_barrierearm_raw": "ja",
        "berlin_wickeltisch_raw": "nein"
      }
    },
    {
      "type": "Feature",
      "geometry": {
        "type": "Point",
        "coordinates": [
          13.33233623,
          52.59754512
        ]
      },
      "properties": {
        "facility_id": "atm-toilet-063",
        "name": "S-Bhf. Wittenau, Göschenplatz, Oranienburger Str. 184 - 185",
        "geometry_type": "Point",
        "address": "S-Bhf. Wittenau, Göschenplatz, Oranienburger Str. 184 - 185",
        "operator": "Wall GmbH",
        "access": "public",
        "fee": "yes",
        "payment_method": "Karte/App/Paypal/BVG-Guthabenkarte",
        "opening_hours": "24h",
        "wheelchair": "yes",
        "changing_table": "no",
        "toilet_type": "standalone",
        "gender_access": "unknown",
        "indoor": "no",
        "covered": "unknown",
        "drinking_water": "unknown",
        "supervised": "unknown",
        "maintenance_status": "operational",
        "source": "berlin_open_data_wfs",
        "source_id": "83",
        "source_url": "https://daten.berlin.de/datensaetze/offentliche-toiletten-wfs-ad2c0c24",
        "source_timestamp": "2025-07-17",
        "download_date": "2026-05-31",
        "license": "dl-de-zero-2.0",
        "last_verified": "2026-05-31",
        "berlin_feature_id": "toiletten.83",
        "berlin_bezirk": "Reinickendorf",
        "berlin_vertrag": "Toilettenvertrag mit Wall",
        "berlin_modelltyp": "Berliner Toilette mit 1 Platz",
        "berlin_symbol": "WC",
        "berlin_nutzungsentgelt_raw": 0.5,
        "berlin_zahlungsart": "Karte/App/Paypal/BVG-Guthabenkarte",
        "berlin_barrierefrei_raw": "ja",
        "berlin_barrierearm_raw": "ja",
        "berlin_wickeltisch_raw": "nein"
      }
    },
    {
      "type": "Feature",
      "geometry": {
        "type": "Point",
        "coordinates": [
          13.398054,
          52.49053404
        ]
      },
      "properties": {
        "facility_id": "atm-toilet-064",
        "name": "Gneisenaustr. 39 hinter Schleiermacher Str.",
        "geometry_type": "Point",
        "address": "Gneisenaustr. 39 hinter Schleiermacher Str.",
        "operator": "Wall GmbH",
        "access": "public",
        "fee": "no",
        "payment_method": null,
        "opening_hours": "24h",
        "wheelchair": "yes",
        "changing_table": "no",
        "toilet_type": "standalone",
        "gender_access": "unknown",
        "indoor": "no",
        "covered": "unknown",
        "drinking_water": "unknown",
        "supervised": "unknown",
        "maintenance_status": "operational",
        "source": "berlin_open_data_wfs",
        "source_id": "84",
        "source_url": "https://daten.berlin.de/datensaetze/offentliche-toiletten-wfs-ad2c0c24",
        "source_timestamp": "2025-07-17",
        "download_date": "2026-05-31",
        "license": "dl-de-zero-2.0",
        "last_verified": "2026-05-31",
        "berlin_feature_id": "toiletten.84",
        "berlin_bezirk": "Friedrichshain-Kreuzberg",
        "berlin_vertrag": "Toilettenvertrag mit Wall",
        "berlin_modelltyp": "Berliner Toilette 1 Platz mit 2 Pissoirs",
        "berlin_symbol": "WC",
        "berlin_nutzungsentgelt_raw": 0,
        "berlin_zahlungsart": null,
        "berlin_barrierefrei_raw": "ja",
        "berlin_barrierearm_raw": "ja",
        "berlin_wickeltisch_raw": "nein"
      }
    },
    {
      "type": "Feature",
      "geometry": {
        "type": "Point",
        "coordinates": [
          13.43915689,
          52.4950581
        ]
      },
      "properties": {
        "facility_id": "atm-toilet-065",
        "name": "Görlitzer Park, Wiener Str. 59A ggü. Glogauer Str.",
        "geometry_type": "Point",
        "address": "Görlitzer Park, Wiener Str. 59A ggü. Glogauer Str.",
        "operator": "Wall GmbH",
        "access": "public",
        "fee": "yes",
        "payment_method": "Karte/App/Paypal/BVG-Guthabenkarte",
        "opening_hours": "24h",
        "wheelchair": "yes",
        "changing_table": "no",
        "toilet_type": "standalone",
        "gender_access": "unknown",
        "indoor": "no",
        "covered": "unknown",
        "drinking_water": "unknown",
        "supervised": "unknown",
        "maintenance_status": "operational",
        "source": "berlin_open_data_wfs",
        "source_id": "85",
        "source_url": "https://daten.berlin.de/datensaetze/offentliche-toiletten-wfs-ad2c0c24",
        "source_timestamp": "2025-07-17",
        "download_date": "2026-05-31",
        "license": "dl-de-zero-2.0",
        "last_verified": "2026-05-31",
        "berlin_feature_id": "toiletten.85",
        "berlin_bezirk": "Friedrichshain-Kreuzberg",
        "berlin_vertrag": "Toilettenvertrag mit Wall",
        "berlin_modelltyp": "Berliner Toilette mit 1 Platz",
        "berlin_symbol": "WC",
        "berlin_nutzungsentgelt_raw": 0.5,
        "berlin_zahlungsart": "Karte/App/Paypal/BVG-Guthabenkarte",
        "berlin_barrierefrei_raw": "ja",
        "berlin_barrierearm_raw": "ja",
        "berlin_wickeltisch_raw": "nein"
      }
    },
    {
      "type": "Feature",
      "geometry": {
        "type": "Point",
        "coordinates": [
          13.41359552,
          52.55991886
        ]
      },
      "properties": {
        "facility_id": "atm-toilet-066",
        "name": "Elsa-Brändström-Str. 2 Mittelinsel hinter Berliner Str.",
        "geometry_type": "Point",
        "address": "Elsa-Brändström-Str. 2 Mittelinsel hinter Berliner Str.",
        "operator": "Wall GmbH",
        "access": "public",
        "fee": "yes",
        "payment_method": "Karte/App/Paypal/BVG-Guthabenkarte",
        "opening_hours": "24h",
        "wheelchair": "yes",
        "changing_table": "no",
        "toilet_type": "standalone",
        "gender_access": "unknown",
        "indoor": "no",
        "covered": "unknown",
        "drinking_water": "unknown",
        "supervised": "unknown",
        "maintenance_status": "operational",
        "source": "berlin_open_data_wfs",
        "source_id": "86",
        "source_url": "https://daten.berlin.de/datensaetze/offentliche-toiletten-wfs-ad2c0c24",
        "source_timestamp": "2025-07-17",
        "download_date": "2026-05-31",
        "license": "dl-de-zero-2.0",
        "last_verified": "2026-05-31",
        "berlin_feature_id": "toiletten.86",
        "berlin_bezirk": "Pankow",
        "berlin_vertrag": "Toilettenvertrag mit Wall",
        "berlin_modelltyp": "Berliner Toilette mit 1 Platz",
        "berlin_symbol": "WC",
        "berlin_nutzungsentgelt_raw": 0.5,
        "berlin_zahlungsart": "Karte/App/Paypal/BVG-Guthabenkarte",
        "berlin_barrierefrei_raw": "ja",
        "berlin_barrierearm_raw": "ja",
        "berlin_wickeltisch_raw": "nein"
      }
    },
    {
      "type": "Feature",
      "geometry": {
        "type": "Point",
        "coordinates": [
          13.41343229,
          52.55067679
        ]
      },
      "properties": {
        "facility_id": "atm-toilet-067",
        "name": "Schivelbeiner Str. 1 Mittelinsel hinter Schönhauser Allee",
        "geometry_type": "Point",
        "address": "Schivelbeiner Str. 1 Mittelinsel hinter Schönhauser Allee",
        "operator": "Wall GmbH",
        "access": "public",
        "fee": "yes",
        "payment_method": "Karte/App/Paypal/BVG-Guthabenkarte",
        "opening_hours": "24h",
        "wheelchair": "yes",
        "changing_table": "no",
        "toilet_type": "standalone",
        "gender_access": "unknown",
        "indoor": "no",
        "covered": "unknown",
        "drinking_water": "unknown",
        "supervised": "unknown",
        "maintenance_status": "operational",
        "source": "berlin_open_data_wfs",
        "source_id": "87",
        "source_url": "https://daten.berlin.de/datensaetze/offentliche-toiletten-wfs-ad2c0c24",
        "source_timestamp": "2025-07-17",
        "download_date": "2026-05-31",
        "license": "dl-de-zero-2.0",
        "last_verified": "2026-05-31",
        "berlin_feature_id": "toiletten.87",
        "berlin_bezirk": "Pankow",
        "berlin_vertrag": "Toilettenvertrag mit Wall",
        "berlin_modelltyp": "Berliner Toilette mit 1 Platz",
        "berlin_symbol": "WC",
        "berlin_nutzungsentgelt_raw": 0.5,
        "berlin_zahlungsart": "Karte/App/Paypal/BVG-Guthabenkarte",
        "berlin_barrierefrei_raw": "ja",
        "berlin_barrierearm_raw": "ja",
        "berlin_wickeltisch_raw": "nein"
      }
    },
    {
      "type": "Feature",
      "geometry": {
        "type": "Point",
        "coordinates": [
          13.50882,
          52.51505004
        ]
      },
      "properties": {
        "facility_id": "atm-toilet-068",
        "name": "Gudrunstr. 20 vor Rüdigerstr. (am Zentralfriedhof Friedrichsfelde)",
        "geometry_type": "Point",
        "address": "Gudrunstr. 20 vor Rüdigerstr. (am Zentralfriedhof Friedrichsfelde)",
        "operator": "Wall GmbH",
        "access": "public",
        "fee": "yes",
        "payment_method": "Karte/App/Paypal/BVG-Guthabenkarte",
        "opening_hours": "24h",
        "wheelchair": "yes",
        "changing_table": "no",
        "toilet_type": "standalone",
        "gender_access": "unknown",
        "indoor": "no",
        "covered": "unknown",
        "drinking_water": "unknown",
        "supervised": "unknown",
        "maintenance_status": "operational",
        "source": "berlin_open_data_wfs",
        "source_id": "88",
        "source_url": "https://daten.berlin.de/datensaetze/offentliche-toiletten-wfs-ad2c0c24",
        "source_timestamp": "2025-07-17",
        "download_date": "2026-05-31",
        "license": "dl-de-zero-2.0",
        "last_verified": "2026-05-31",
        "berlin_feature_id": "toiletten.88",
        "berlin_bezirk": "Lichtenberg",
        "berlin_vertrag": "Toilettenvertrag mit Wall",
        "berlin_modelltyp": "Berliner Toilette mit 1 Platz",
        "berlin_symbol": "WC",
        "berlin_nutzungsentgelt_raw": 0.5,
        "berlin_zahlungsart": "Karte/App/Paypal/BVG-Guthabenkarte",
        "berlin_barrierefrei_raw": "ja",
        "berlin_barrierearm_raw": "ja",
        "berlin_wickeltisch_raw": "nein"
      }
    },
    {
      "type": "Feature",
      "geometry": {
        "type": "Point",
        "coordinates": [
          13.46391551,
          52.50790007
        ]
      },
      "properties": {
        "facility_id": "atm-toilet-069",
        "name": "Wühlischplatz, Wühlischstr. ggü. 11 hinter Sonntagstr.",
        "geometry_type": "Point",
        "address": "Wühlischplatz, Wühlischstr. ggü. 11 hinter Sonntagstr.",
        "operator": "Wall GmbH",
        "access": "public",
        "fee": "yes",
        "payment_method": "Karte/App/Paypal/BVG-Guthabenkarte",
        "opening_hours": "24h",
        "wheelchair": "yes",
        "changing_table": "no",
        "toilet_type": "standalone",
        "gender_access": "unknown",
        "indoor": "no",
        "covered": "unknown",
        "drinking_water": "unknown",
        "supervised": "unknown",
        "maintenance_status": "operational",
        "source": "berlin_open_data_wfs",
        "source_id": "89",
        "source_url": "https://daten.berlin.de/datensaetze/offentliche-toiletten-wfs-ad2c0c24",
        "source_timestamp": "2025-07-17",
        "download_date": "2026-05-31",
        "license": "dl-de-zero-2.0",
        "last_verified": "2026-05-31",
        "berlin_feature_id": "toiletten.89",
        "berlin_bezirk": "Friedrichshain-Kreuzberg",
        "berlin_vertrag": "Toilettenvertrag mit Wall",
        "berlin_modelltyp": "Berliner Toilette mit 1 Platz",
        "berlin_symbol": "WC",
        "berlin_nutzungsentgelt_raw": 0.5,
        "berlin_zahlungsart": "Karte/App/Paypal/BVG-Guthabenkarte",
        "berlin_barrierefrei_raw": "ja",
        "berlin_barrierearm_raw": "ja",
        "berlin_wickeltisch_raw": "nein"
      }
    },
    {
      "type": "Feature",
      "geometry": {
        "type": "Point",
        "coordinates": [
          13.38566639,
          52.44438323
        ]
      },
      "properties": {
        "facility_id": "atm-toilet-070",
        "name": "Mariendorfer Damm 90 vor Prinzenstr.",
        "geometry_type": "Point",
        "address": "Mariendorfer Damm 90 vor Prinzenstr.",
        "operator": "Wall GmbH",
        "access": "public",
        "fee": "no",
        "payment_method": null,
        "opening_hours": "24h",
        "wheelchair": "yes",
        "changing_table": "no",
        "toilet_type": "standalone",
        "gender_access": "unknown",
        "indoor": "no",
        "covered": "unknown",
        "drinking_water": "unknown",
        "supervised": "unknown",
        "maintenance_status": "operational",
        "source": "berlin_open_data_wfs",
        "source_id": "90",
        "source_url": "https://daten.berlin.de/datensaetze/offentliche-toiletten-wfs-ad2c0c24",
        "source_timestamp": "2025-07-17",
        "download_date": "2026-05-31",
        "license": "dl-de-zero-2.0",
        "last_verified": "2026-05-31",
        "berlin_feature_id": "toiletten.90",
        "berlin_bezirk": "Tempelhof-Schöneberg",
        "berlin_vertrag": "Toilettenvertrag mit Wall",
        "berlin_modelltyp": "Berliner Toilette 2 Plätze mit 2 Pissoirs",
        "berlin_symbol": "WC",
        "berlin_nutzungsentgelt_raw": 0,
        "berlin_zahlungsart": null,
        "berlin_barrierefrei_raw": "ja",
        "berlin_barrierearm_raw": "ja",
        "berlin_wickeltisch_raw": "nein"
      }
    },
    {
      "type": "Feature",
      "geometry": {
        "type": "Point",
        "coordinates": [
          13.391234,
          52.50126904
        ]
      },
      "properties": {
        "facility_id": "atm-toilet-071",
        "name": "Friedrichstr. ggü. 10-11 vor Franz-Klühs-Str.",
        "geometry_type": "Point",
        "address": "Friedrichstr. ggü. 10-11 vor Franz-Klühs-Str.",
        "operator": "Wall GmbH",
        "access": "public",
        "fee": "yes",
        "payment_method": "Karte/App/Paypal/BVG-Guthabenkarte",
        "opening_hours": "24h",
        "wheelchair": "yes",
        "changing_table": "no",
        "toilet_type": "standalone",
        "gender_access": "unknown",
        "indoor": "no",
        "covered": "unknown",
        "drinking_water": "unknown",
        "supervised": "unknown",
        "maintenance_status": "operational",
        "source": "berlin_open_data_wfs",
        "source_id": "91",
        "source_url": "https://daten.berlin.de/datensaetze/offentliche-toiletten-wfs-ad2c0c24",
        "source_timestamp": "2025-07-17",
        "download_date": "2026-05-31",
        "license": "dl-de-zero-2.0",
        "last_verified": "2026-05-31",
        "berlin_feature_id": "toiletten.91",
        "berlin_bezirk": "Friedrichshain-Kreuzberg",
        "berlin_vertrag": "Toilettenvertrag mit Wall",
        "berlin_modelltyp": "Berliner Toilette mit 1 Platz",
        "berlin_symbol": "WC",
        "berlin_nutzungsentgelt_raw": 0.5,
        "berlin_zahlungsart": "Karte/App/Paypal/BVG-Guthabenkarte",
        "berlin_barrierefrei_raw": "ja",
        "berlin_barrierearm_raw": "ja",
        "berlin_wickeltisch_raw": "nein"
      }
    },
    {
      "type": "Feature",
      "geometry": {
        "type": "Point",
        "coordinates": [
          13.263703,
          52.48750404
        ]
      },
      "properties": {
        "facility_id": "atm-toilet-072",
        "name": "S-Bhf. Grunewald, Fontanestr. ggü. Winklerstr. 28 (Kamielplatz)",
        "geometry_type": "Point",
        "address": "S-Bhf. Grunewald, Fontanestr. ggü. Winklerstr. 28 (Kamielplatz)",
        "operator": "Wall GmbH",
        "access": "public",
        "fee": "yes",
        "payment_method": "Karte/App/Paypal/BVG-Guthabenkarte",
        "opening_hours": "24h",
        "wheelchair": "yes",
        "changing_table": "no",
        "toilet_type": "standalone",
        "gender_access": "unknown",
        "indoor": "no",
        "covered": "unknown",
        "drinking_water": "unknown",
        "supervised": "unknown",
        "maintenance_status": "operational",
        "source": "berlin_open_data_wfs",
        "source_id": "92",
        "source_url": "https://daten.berlin.de/datensaetze/offentliche-toiletten-wfs-ad2c0c24",
        "source_timestamp": "2025-07-17",
        "download_date": "2026-05-31",
        "license": "dl-de-zero-2.0",
        "last_verified": "2026-05-31",
        "berlin_feature_id": "toiletten.92",
        "berlin_bezirk": "Charlottenburg-Wilmersdorf",
        "berlin_vertrag": "Toilettenvertrag mit Wall",
        "berlin_modelltyp": "Berliner Toilette mit 1 Platz",
        "berlin_symbol": "WC",
        "berlin_nutzungsentgelt_raw": 0.5,
        "berlin_zahlungsart": "Karte/App/Paypal/BVG-Guthabenkarte",
        "berlin_barrierefrei_raw": "ja",
        "berlin_barrierearm_raw": "ja",
        "berlin_wickeltisch_raw": "nein"
      }
    },
    {
      "type": "Feature",
      "geometry": {
        "type": "Point",
        "coordinates": [
          13.48398,
          52.50302004
        ]
      },
      "properties": {
        "facility_id": "atm-toilet-073",
        "name": "S-Bhf. Nöldnerplatz, Archibaldweg vor Lückstr.",
        "geometry_type": "Point",
        "address": "S-Bhf. Nöldnerplatz, Archibaldweg vor Lückstr.",
        "operator": "Wall GmbH",
        "access": "public",
        "fee": "yes",
        "payment_method": "Karte/App/Paypal/BVG-Guthabenkarte",
        "opening_hours": "24h",
        "wheelchair": "yes",
        "changing_table": "yes",
        "toilet_type": "standalone",
        "gender_access": "unknown",
        "indoor": "no",
        "covered": "unknown",
        "drinking_water": "unknown",
        "supervised": "unknown",
        "maintenance_status": "operational",
        "source": "berlin_open_data_wfs",
        "source_id": "93",
        "source_url": "https://daten.berlin.de/datensaetze/offentliche-toiletten-wfs-ad2c0c24",
        "source_timestamp": "2025-07-17",
        "download_date": "2026-05-31",
        "license": "dl-de-zero-2.0",
        "last_verified": "2026-05-31",
        "berlin_feature_id": "toiletten.93",
        "berlin_bezirk": "Lichtenberg",
        "berlin_vertrag": "Toilettenvertrag mit Wall",
        "berlin_modelltyp": "Berliner Toilette mit 1 Platz",
        "berlin_symbol": "WC",
        "berlin_nutzungsentgelt_raw": 0.5,
        "berlin_zahlungsart": "Karte/App/Paypal/BVG-Guthabenkarte",
        "berlin_barrierefrei_raw": "ja",
        "berlin_barrierearm_raw": "ja",
        "berlin_wickeltisch_raw": "ja"
      }
    },
    {
      "type": "Feature",
      "geometry": {
        "type": "Point",
        "coordinates": [
          13.32828671,
          52.479007
        ]
      },
      "properties": {
        "facility_id": "atm-toilet-074",
        "name": "Bundesallee, Bundesplatz 6 Mittelinsel vor Detmolder Str.",
        "geometry_type": "Point",
        "address": "Bundesallee, Bundesplatz 6 Mittelinsel vor Detmolder Str.",
        "operator": "Wall GmbH",
        "access": "public",
        "fee": "yes",
        "payment_method": "Karte/App/Paypal/BVG-Guthabenkarte",
        "opening_hours": "24h",
        "wheelchair": "yes",
        "changing_table": "no",
        "toilet_type": "standalone",
        "gender_access": "unknown",
        "indoor": "no",
        "covered": "unknown",
        "drinking_water": "unknown",
        "supervised": "unknown",
        "maintenance_status": "operational",
        "source": "berlin_open_data_wfs",
        "source_id": "94",
        "source_url": "https://daten.berlin.de/datensaetze/offentliche-toiletten-wfs-ad2c0c24",
        "source_timestamp": "2025-07-17",
        "download_date": "2026-05-31",
        "license": "dl-de-zero-2.0",
        "last_verified": "2026-05-31",
        "berlin_feature_id": "toiletten.94",
        "berlin_bezirk": "Charlottenburg-Wilmersdorf",
        "berlin_vertrag": "Toilettenvertrag mit Wall",
        "berlin_modelltyp": "Berliner Toilette mit 1 Platz",
        "berlin_symbol": "WC",
        "berlin_nutzungsentgelt_raw": 0.5,
        "berlin_zahlungsart": "Karte/App/Paypal/BVG-Guthabenkarte",
        "berlin_barrierefrei_raw": "ja",
        "berlin_barrierearm_raw": "ja",
        "berlin_wickeltisch_raw": "nein"
      }
    },
    {
      "type": "Feature",
      "geometry": {
        "type": "Point",
        "coordinates": [
          13.39051341,
          52.54474841
        ]
      },
      "properties": {
        "facility_id": "atm-toilet-075",
        "name": "Humboldthain, Gustav-Meyer-Allee hinter Brunnenstr.",
        "geometry_type": "Point",
        "address": "Humboldthain, Gustav-Meyer-Allee hinter Brunnenstr.",
        "operator": "Wall GmbH",
        "access": "public",
        "fee": "yes",
        "payment_method": "Karte/App/Paypal/BVG-Guthabenkarte",
        "opening_hours": "24h",
        "wheelchair": "yes",
        "changing_table": "no",
        "toilet_type": "standalone",
        "gender_access": "unknown",
        "indoor": "no",
        "covered": "unknown",
        "drinking_water": "unknown",
        "supervised": "unknown",
        "maintenance_status": "operational",
        "source": "berlin_open_data_wfs",
        "source_id": "95",
        "source_url": "https://daten.berlin.de/datensaetze/offentliche-toiletten-wfs-ad2c0c24",
        "source_timestamp": "2025-07-17",
        "download_date": "2026-05-31",
        "license": "dl-de-zero-2.0",
        "last_verified": "2026-05-31",
        "berlin_feature_id": "toiletten.95",
        "berlin_bezirk": "Mitte",
        "berlin_vertrag": "Toilettenvertrag mit Wall",
        "berlin_modelltyp": "Berliner Toilette mit 1 Platz",
        "berlin_symbol": "WC",
        "berlin_nutzungsentgelt_raw": 0.5,
        "berlin_zahlungsart": "Karte/App/Paypal/BVG-Guthabenkarte",
        "berlin_barrierefrei_raw": "ja",
        "berlin_barrierearm_raw": "ja",
        "berlin_wickeltisch_raw": "nein"
      }
    },
    {
      "type": "Feature",
      "geometry": {
        "type": "Point",
        "coordinates": [
          13.50467113,
          52.57333014
        ]
      },
      "properties": {
        "facility_id": "atm-toilet-076",
        "name": "S-Bhf. Wartenberg , Egon-Erwin-Kisch-Str. 28",
        "geometry_type": "Point",
        "address": "S-Bhf. Wartenberg , Egon-Erwin-Kisch-Str. 28",
        "operator": "Wall GmbH",
        "access": "public",
        "fee": "yes",
        "payment_method": "Karte/App/Paypal/BVG-Guthabenkarte",
        "opening_hours": "24h",
        "wheelchair": "yes",
        "changing_table": "yes",
        "toilet_type": "standalone",
        "gender_access": "unknown",
        "indoor": "no",
        "covered": "unknown",
        "drinking_water": "unknown",
        "supervised": "unknown",
        "maintenance_status": "operational",
        "source": "berlin_open_data_wfs",
        "source_id": "97",
        "source_url": "https://daten.berlin.de/datensaetze/offentliche-toiletten-wfs-ad2c0c24",
        "source_timestamp": "2025-07-17",
        "download_date": "2026-05-31",
        "license": "dl-de-zero-2.0",
        "last_verified": "2026-05-31",
        "berlin_feature_id": "toiletten.97",
        "berlin_bezirk": "Lichtenberg",
        "berlin_vertrag": "Toilettenvertrag mit Wall",
        "berlin_modelltyp": "Berliner Toilette mit 1 Platz",
        "berlin_symbol": "WC",
        "berlin_nutzungsentgelt_raw": 0.5,
        "berlin_zahlungsart": "Karte/App/Paypal/BVG-Guthabenkarte",
        "berlin_barrierefrei_raw": "ja",
        "berlin_barrierearm_raw": "ja",
        "berlin_wickeltisch_raw": "ja"
      }
    },
    {
      "type": "Feature",
      "geometry": {
        "type": "Point",
        "coordinates": [
          13.32239001,
          52.49714135
        ]
      },
      "properties": {
        "facility_id": "atm-toilet-077",
        "name": "Ludwigkirchplatz 12 vor Pfalzburger Str.",
        "geometry_type": "Point",
        "address": "Ludwigkirchplatz 12 vor Pfalzburger Str.",
        "operator": "Wall GmbH",
        "access": "public",
        "fee": "yes",
        "payment_method": "Karte/App/Paypal/BVG-Guthabenkarte",
        "opening_hours": "24h",
        "wheelchair": "yes",
        "changing_table": "yes",
        "toilet_type": "standalone",
        "gender_access": "unknown",
        "indoor": "no",
        "covered": "unknown",
        "drinking_water": "unknown",
        "supervised": "unknown",
        "maintenance_status": "operational",
        "source": "berlin_open_data_wfs",
        "source_id": "98",
        "source_url": "https://daten.berlin.de/datensaetze/offentliche-toiletten-wfs-ad2c0c24",
        "source_timestamp": "2025-07-17",
        "download_date": "2026-05-31",
        "license": "dl-de-zero-2.0",
        "last_verified": "2026-05-31",
        "berlin_feature_id": "toiletten.98",
        "berlin_bezirk": "Charlottenburg-Wilmersdorf",
        "berlin_vertrag": "Toilettenvertrag mit Wall",
        "berlin_modelltyp": "Berliner Toilette mit 1 Platz",
        "berlin_symbol": "WC",
        "berlin_nutzungsentgelt_raw": 0.5,
        "berlin_zahlungsart": "Karte/App/Paypal/BVG-Guthabenkarte",
        "berlin_barrierefrei_raw": "ja",
        "berlin_barrierearm_raw": "ja",
        "berlin_wickeltisch_raw": "ja"
      }
    },
    {
      "type": "Feature",
      "geometry": {
        "type": "Point",
        "coordinates": [
          13.42739337,
          52.52711568
        ]
      },
      "properties": {
        "facility_id": "atm-toilet-078",
        "name": "Am Märchenbrunnen, Friedenstr. ggü. 4 vor ggü. Georgenkirchstr.",
        "geometry_type": "Point",
        "address": "Am Märchenbrunnen, Friedenstr. ggü. 4 vor ggü. Georgenkirchstr.",
        "operator": "Wall GmbH",
        "access": "public",
        "fee": "yes",
        "payment_method": "Karte/App/Paypal/BVG-Guthabenkarte",
        "opening_hours": "24h",
        "wheelchair": "yes",
        "changing_table": "no",
        "toilet_type": "standalone",
        "gender_access": "unknown",
        "indoor": "no",
        "covered": "unknown",
        "drinking_water": "unknown",
        "supervised": "unknown",
        "maintenance_status": "operational",
        "source": "berlin_open_data_wfs",
        "source_id": "99",
        "source_url": "https://daten.berlin.de/datensaetze/offentliche-toiletten-wfs-ad2c0c24",
        "source_timestamp": "2025-07-17",
        "download_date": "2026-05-31",
        "license": "dl-de-zero-2.0",
        "last_verified": "2026-05-31",
        "berlin_feature_id": "toiletten.99",
        "berlin_bezirk": "Friedrichshain-Kreuzberg",
        "berlin_vertrag": "Toilettenvertrag mit Wall",
        "berlin_modelltyp": "Berliner Toilette mit 1 Platz",
        "berlin_symbol": "WC",
        "berlin_nutzungsentgelt_raw": 0.5,
        "berlin_zahlungsart": "Karte/App/Paypal/BVG-Guthabenkarte",
        "berlin_barrierefrei_raw": "ja",
        "berlin_barrierearm_raw": "ja",
        "berlin_wickeltisch_raw": "nein"
      }
    },
    {
      "type": "Feature",
      "geometry": {
        "type": "Point",
        "coordinates": [
          13.48680536,
          52.46589121
        ]
      },
      "properties": {
        "facility_id": "atm-toilet-079",
        "name": "Kiefholzstr. 258 hinter Baumschulenstr.",
        "geometry_type": "Point",
        "address": "Kiefholzstr. 258 hinter Baumschulenstr.",
        "operator": "Wall GmbH",
        "access": "public",
        "fee": "yes",
        "payment_method": "Karte/App/Paypal/BVG-Guthabenkarte",
        "opening_hours": "24h",
        "wheelchair": "yes",
        "changing_table": "no",
        "toilet_type": "standalone",
        "gender_access": "unknown",
        "indoor": "no",
        "covered": "unknown",
        "drinking_water": "unknown",
        "supervised": "unknown",
        "maintenance_status": "operational",
        "source": "berlin_open_data_wfs",
        "source_id": "100",
        "source_url": "https://daten.berlin.de/datensaetze/offentliche-toiletten-wfs-ad2c0c24",
        "source_timestamp": "2025-07-17",
        "download_date": "2026-05-31",
        "license": "dl-de-zero-2.0",
        "last_verified": "2026-05-31",
        "berlin_feature_id": "toiletten.100",
        "berlin_bezirk": "Treptow-Köpenick",
        "berlin_vertrag": "Toilettenvertrag mit Wall",
        "berlin_modelltyp": "Berliner Toilette mit 1 Platz",
        "berlin_symbol": "WC",
        "berlin_nutzungsentgelt_raw": 0.5,
        "berlin_zahlungsart": "Karte/App/Paypal/BVG-Guthabenkarte",
        "berlin_barrierefrei_raw": "ja",
        "berlin_barrierearm_raw": "ja",
        "berlin_wickeltisch_raw": "nein"
      }
    },
    {
      "type": "Feature",
      "geometry": {
        "type": "Point",
        "coordinates": [
          13.39527778,
          52.53977781
        ]
      },
      "properties": {
        "facility_id": "atm-toilet-080",
        "name": "Stralsunder Str. (Fußgängerzone) 61 hinter Brunnenstr.",
        "geometry_type": "Point",
        "address": "Stralsunder Str. (Fußgängerzone) 61 hinter Brunnenstr.",
        "operator": "Wall GmbH",
        "access": "public",
        "fee": "yes",
        "payment_method": "Karte/App/Paypal/BVG-Guthabenkarte",
        "opening_hours": "24h",
        "wheelchair": "yes",
        "changing_table": "yes",
        "toilet_type": "standalone",
        "gender_access": "unknown",
        "indoor": "no",
        "covered": "unknown",
        "drinking_water": "unknown",
        "supervised": "unknown",
        "maintenance_status": "operational",
        "source": "berlin_open_data_wfs",
        "source_id": "101",
        "source_url": "https://daten.berlin.de/datensaetze/offentliche-toiletten-wfs-ad2c0c24",
        "source_timestamp": "2025-07-17",
        "download_date": "2026-05-31",
        "license": "dl-de-zero-2.0",
        "last_verified": "2026-05-31",
        "berlin_feature_id": "toiletten.101",
        "berlin_bezirk": "Mitte",
        "berlin_vertrag": "Toilettenvertrag mit Wall",
        "berlin_modelltyp": "Berliner Toilette mit 1 Platz",
        "berlin_symbol": "WC",
        "berlin_nutzungsentgelt_raw": 0.5,
        "berlin_zahlungsart": "Karte/App/Paypal/BVG-Guthabenkarte",
        "berlin_barrierefrei_raw": "ja",
        "berlin_barrierearm_raw": "ja",
        "berlin_wickeltisch_raw": "ja"
      }
    },
    {
      "type": "Feature",
      "geometry": {
        "type": "Point",
        "coordinates": [
          13.43822268,
          52.54148326
        ]
      },
      "properties": {
        "facility_id": "atm-toilet-081",
        "name": "Grellstr. 39 Mittelinsel hinter Greifswalder Str.",
        "geometry_type": "Point",
        "address": "Grellstr. 39 Mittelinsel hinter Greifswalder Str.",
        "operator": "Wall GmbH",
        "access": "public",
        "fee": "yes",
        "payment_method": "Karte/App/Paypal/BVG-Guthabenkarte",
        "opening_hours": "24h",
        "wheelchair": "yes",
        "changing_table": "no",
        "toilet_type": "standalone",
        "gender_access": "unknown",
        "indoor": "no",
        "covered": "unknown",
        "drinking_water": "unknown",
        "supervised": "unknown",
        "maintenance_status": "operational",
        "source": "berlin_open_data_wfs",
        "source_id": "102",
        "source_url": "https://daten.berlin.de/datensaetze/offentliche-toiletten-wfs-ad2c0c24",
        "source_timestamp": "2025-07-17",
        "download_date": "2026-05-31",
        "license": "dl-de-zero-2.0",
        "last_verified": "2026-05-31",
        "berlin_feature_id": "toiletten.102",
        "berlin_bezirk": "Pankow",
        "berlin_vertrag": "Toilettenvertrag mit Wall",
        "berlin_modelltyp": "Berliner Toilette mit 1 Platz",
        "berlin_symbol": "WC",
        "berlin_nutzungsentgelt_raw": 0.5,
        "berlin_zahlungsart": "Karte/App/Paypal/BVG-Guthabenkarte",
        "berlin_barrierefrei_raw": "ja",
        "berlin_barrierearm_raw": "ja",
        "berlin_wickeltisch_raw": "nein"
      }
    },
    {
      "type": "Feature",
      "geometry": {
        "type": "Point",
        "coordinates": [
          13.44538488,
          52.47407194
        ]
      },
      "properties": {
        "facility_id": "atm-toilet-082",
        "name": "Richardplatz 17 Mittelinsel hinter Richardstr.",
        "geometry_type": "Point",
        "address": "Richardplatz 17 Mittelinsel hinter Richardstr.",
        "operator": "Wall GmbH",
        "access": "public",
        "fee": "yes",
        "payment_method": "Karte/App/Paypal/BVG-Guthabenkarte",
        "opening_hours": "24h",
        "wheelchair": "yes",
        "changing_table": "no",
        "toilet_type": "standalone",
        "gender_access": "unknown",
        "indoor": "no",
        "covered": "unknown",
        "drinking_water": "unknown",
        "supervised": "unknown",
        "maintenance_status": "operational",
        "source": "berlin_open_data_wfs",
        "source_id": "103",
        "source_url": "https://daten.berlin.de/datensaetze/offentliche-toiletten-wfs-ad2c0c24",
        "source_timestamp": "2025-07-17",
        "download_date": "2026-05-31",
        "license": "dl-de-zero-2.0",
        "last_verified": "2026-05-31",
        "berlin_feature_id": "toiletten.103",
        "berlin_bezirk": "Neukölln",
        "berlin_vertrag": "Toilettenvertrag mit Wall",
        "berlin_modelltyp": "Berliner Toilette mit 1 Platz",
        "berlin_symbol": "WC",
        "berlin_nutzungsentgelt_raw": 0.5,
        "berlin_zahlungsart": "Karte/App/Paypal/BVG-Guthabenkarte",
        "berlin_barrierefrei_raw": "ja",
        "berlin_barrierearm_raw": "ja",
        "berlin_wickeltisch_raw": "nein"
      }
    },
    {
      "type": "Feature",
      "geometry": {
        "type": "Point",
        "coordinates": [
          13.30926853,
          52.47332461
        ]
      },
      "properties": {
        "facility_id": "atm-toilet-083",
        "name": "Eberbacher Str. 24 Mittelinsel hinter Binger Str.",
        "geometry_type": "Point",
        "address": "Eberbacher Str. 24 Mittelinsel hinter Binger Str.",
        "operator": "Wall GmbH",
        "access": "public",
        "fee": "yes",
        "payment_method": "Karte/App/Paypal/BVG-Guthabenkarte",
        "opening_hours": "24h",
        "wheelchair": "yes",
        "changing_table": "yes",
        "toilet_type": "standalone",
        "gender_access": "unknown",
        "indoor": "no",
        "covered": "unknown",
        "drinking_water": "unknown",
        "supervised": "unknown",
        "maintenance_status": "operational",
        "source": "berlin_open_data_wfs",
        "source_id": "104",
        "source_url": "https://daten.berlin.de/datensaetze/offentliche-toiletten-wfs-ad2c0c24",
        "source_timestamp": "2025-07-17",
        "download_date": "2026-05-31",
        "license": "dl-de-zero-2.0",
        "last_verified": "2026-05-31",
        "berlin_feature_id": "toiletten.104",
        "berlin_bezirk": "Charlottenburg-Wilmersdorf",
        "berlin_vertrag": "Toilettenvertrag mit Wall",
        "berlin_modelltyp": "Berliner Toilette mit 1 Platz",
        "berlin_symbol": "WC",
        "berlin_nutzungsentgelt_raw": 0.5,
        "berlin_zahlungsart": "Karte/App/Paypal/BVG-Guthabenkarte",
        "berlin_barrierefrei_raw": "ja",
        "berlin_barrierearm_raw": "ja",
        "berlin_wickeltisch_raw": "ja"
      }
    },
    {
      "type": "Feature",
      "geometry": {
        "type": "Point",
        "coordinates": [
          13.35281188,
          52.48432519
        ]
      },
      "properties": {
        "facility_id": "atm-toilet-084",
        "name": "Hauptstr. 128 Mittelinsel vor Albertstr.",
        "geometry_type": "Point",
        "address": "Hauptstr. 128 Mittelinsel vor Albertstr.",
        "operator": "Wall GmbH",
        "access": "public",
        "fee": "yes",
        "payment_method": "Karte/App/Paypal/BVG-Guthabenkarte",
        "opening_hours": "24h",
        "wheelchair": "yes",
        "changing_table": "no",
        "toilet_type": "standalone",
        "gender_access": "unknown",
        "indoor": "no",
        "covered": "unknown",
        "drinking_water": "unknown",
        "supervised": "unknown",
        "maintenance_status": "operational",
        "source": "berlin_open_data_wfs",
        "source_id": "106",
        "source_url": "https://daten.berlin.de/datensaetze/offentliche-toiletten-wfs-ad2c0c24",
        "source_timestamp": "2025-07-17",
        "download_date": "2026-05-31",
        "license": "dl-de-zero-2.0",
        "last_verified": "2026-05-31",
        "berlin_feature_id": "toiletten.106",
        "berlin_bezirk": "Tempelhof-Schöneberg",
        "berlin_vertrag": "Toilettenvertrag mit Wall",
        "berlin_modelltyp": "Berliner Toilette mit 1 Platz",
        "berlin_symbol": "WC",
        "berlin_nutzungsentgelt_raw": 0.5,
        "berlin_zahlungsart": "Karte/App/Paypal/BVG-Guthabenkarte",
        "berlin_barrierefrei_raw": "ja",
        "berlin_barrierearm_raw": "ja",
        "berlin_wickeltisch_raw": "nein"
      }
    },
    {
      "type": "Feature",
      "geometry": {
        "type": "Point",
        "coordinates": [
          13.32748453,
          52.48647699
        ]
      },
      "properties": {
        "facility_id": "atm-toilet-085",
        "name": "Badensche Str. 29 hinter Berliner Str.",
        "geometry_type": "Point",
        "address": "Badensche Str. 29 hinter Berliner Str.",
        "operator": "Wall GmbH",
        "access": "public",
        "fee": "yes",
        "payment_method": "Karte/App/Paypal/BVG-Guthabenkarte",
        "opening_hours": "24h",
        "wheelchair": "yes",
        "changing_table": "no",
        "toilet_type": "standalone",
        "gender_access": "unknown",
        "indoor": "no",
        "covered": "unknown",
        "drinking_water": "unknown",
        "supervised": "unknown",
        "maintenance_status": "operational",
        "source": "berlin_open_data_wfs",
        "source_id": "107",
        "source_url": "https://daten.berlin.de/datensaetze/offentliche-toiletten-wfs-ad2c0c24",
        "source_timestamp": "2025-07-17",
        "download_date": "2026-05-31",
        "license": "dl-de-zero-2.0",
        "last_verified": "2026-05-31",
        "berlin_feature_id": "toiletten.107",
        "berlin_bezirk": "Charlottenburg-Wilmersdorf",
        "berlin_vertrag": "Toilettenvertrag mit Wall",
        "berlin_modelltyp": "Berliner Toilette mit 1 Platz",
        "berlin_symbol": "WC",
        "berlin_nutzungsentgelt_raw": 0.5,
        "berlin_zahlungsart": "Karte/App/Paypal/BVG-Guthabenkarte",
        "berlin_barrierefrei_raw": "ja",
        "berlin_barrierearm_raw": "ja",
        "berlin_wickeltisch_raw": "nein"
      }
    },
    {
      "type": "Feature",
      "geometry": {
        "type": "Point",
        "coordinates": [
          13.35593646,
          52.55543704
        ]
      },
      "properties": {
        "facility_id": "atm-toilet-086",
        "name": "Ungarnstr. ggü. 58 hinter ggü. Indische Str.",
        "geometry_type": "Point",
        "address": "Ungarnstr. ggü. 58 hinter ggü. Indische Str.",
        "operator": "Wall GmbH",
        "access": "public",
        "fee": "no",
        "payment_method": null,
        "opening_hours": "24h",
        "wheelchair": "yes",
        "changing_table": "no",
        "toilet_type": "standalone",
        "gender_access": "unknown",
        "indoor": "no",
        "covered": "unknown",
        "drinking_water": "unknown",
        "supervised": "unknown",
        "maintenance_status": "operational",
        "source": "berlin_open_data_wfs",
        "source_id": "108",
        "source_url": "https://daten.berlin.de/datensaetze/offentliche-toiletten-wfs-ad2c0c24",
        "source_timestamp": "2025-07-17",
        "download_date": "2026-05-31",
        "license": "dl-de-zero-2.0",
        "last_verified": "2026-05-31",
        "berlin_feature_id": "toiletten.108",
        "berlin_bezirk": "Mitte",
        "berlin_vertrag": "Toilettenvertrag mit Wall",
        "berlin_modelltyp": "Berliner Toilette 1 Platz mit 2 Pissoirs",
        "berlin_symbol": "WC",
        "berlin_nutzungsentgelt_raw": 0,
        "berlin_zahlungsart": null,
        "berlin_barrierefrei_raw": "ja",
        "berlin_barrierearm_raw": "ja",
        "berlin_wickeltisch_raw": "nein"
      }
    },
    {
      "type": "Feature",
      "geometry": {
        "type": "Point",
        "coordinates": [
          13.46108994,
          52.51995539
        ]
      },
      "properties": {
        "facility_id": "atm-toilet-087",
        "name": "Forckenbeckplatz, Eldenaer Str. ggü. 44-45 hinter Liebigstr.",
        "geometry_type": "Point",
        "address": "Forckenbeckplatz, Eldenaer Str. ggü. 44-45 hinter Liebigstr.",
        "operator": "Wall GmbH",
        "access": "public",
        "fee": "yes",
        "payment_method": "Karte/App/Paypal/BVG-Guthabenkarte",
        "opening_hours": "24h",
        "wheelchair": "yes",
        "changing_table": "no",
        "toilet_type": "standalone",
        "gender_access": "unknown",
        "indoor": "no",
        "covered": "unknown",
        "drinking_water": "unknown",
        "supervised": "unknown",
        "maintenance_status": "operational",
        "source": "berlin_open_data_wfs",
        "source_id": "109",
        "source_url": "https://daten.berlin.de/datensaetze/offentliche-toiletten-wfs-ad2c0c24",
        "source_timestamp": "2025-07-17",
        "download_date": "2026-05-31",
        "license": "dl-de-zero-2.0",
        "last_verified": "2026-05-31",
        "berlin_feature_id": "toiletten.109",
        "berlin_bezirk": "Friedrichshain-Kreuzberg",
        "berlin_vertrag": "Toilettenvertrag mit Wall",
        "berlin_modelltyp": "Berliner Toilette mit 1 Platz",
        "berlin_symbol": "WC",
        "berlin_nutzungsentgelt_raw": 0.5,
        "berlin_zahlungsart": "Karte/App/Paypal/BVG-Guthabenkarte",
        "berlin_barrierefrei_raw": "ja",
        "berlin_barrierearm_raw": "ja",
        "berlin_wickeltisch_raw": "nein"
      }
    },
    {
      "type": "Feature",
      "geometry": {
        "type": "Point",
        "coordinates": [
          13.34150163,
          52.46954345
        ]
      },
      "properties": {
        "facility_id": "atm-toilet-088",
        "name": "Dürerplatz 5 vor Rembrandtstr.",
        "geometry_type": "Point",
        "address": "Dürerplatz 5 vor Rembrandtstr.",
        "operator": "Wall GmbH",
        "access": "public",
        "fee": "yes",
        "payment_method": "Karte/App/Paypal/BVG-Guthabenkarte",
        "opening_hours": "24h",
        "wheelchair": "yes",
        "changing_table": "no",
        "toilet_type": "standalone",
        "gender_access": "unknown",
        "indoor": "no",
        "covered": "unknown",
        "drinking_water": "unknown",
        "supervised": "unknown",
        "maintenance_status": "operational",
        "source": "berlin_open_data_wfs",
        "source_id": "110",
        "source_url": "https://daten.berlin.de/datensaetze/offentliche-toiletten-wfs-ad2c0c24",
        "source_timestamp": "2025-07-17",
        "download_date": "2026-05-31",
        "license": "dl-de-zero-2.0",
        "last_verified": "2026-05-31",
        "berlin_feature_id": "toiletten.110",
        "berlin_bezirk": "Tempelhof-Schöneberg",
        "berlin_vertrag": "Toilettenvertrag mit Wall",
        "berlin_modelltyp": "Berliner Toilette mit 1 Platz",
        "berlin_symbol": "WC",
        "berlin_nutzungsentgelt_raw": 0.5,
        "berlin_zahlungsart": "Karte/App/Paypal/BVG-Guthabenkarte",
        "berlin_barrierefrei_raw": "ja",
        "berlin_barrierearm_raw": "ja",
        "berlin_wickeltisch_raw": "nein"
      }
    },
    {
      "type": "Feature",
      "geometry": {
        "type": "Point",
        "coordinates": [
          13.49460645,
          52.63565562
        ]
      },
      "properties": {
        "facility_id": "atm-toilet-089",
        "name": "Wiltbergstr. 19 vor Walter-Friedrich-Str.",
        "geometry_type": "Point",
        "address": "Wiltbergstr. 19 vor Walter-Friedrich-Str.",
        "operator": "Wall GmbH",
        "access": "public",
        "fee": "yes",
        "payment_method": "Karte/App/Paypal/BVG-Guthabenkarte",
        "opening_hours": "24h",
        "wheelchair": "yes",
        "changing_table": "no",
        "toilet_type": "standalone",
        "gender_access": "unknown",
        "indoor": "no",
        "covered": "unknown",
        "drinking_water": "unknown",
        "supervised": "unknown",
        "maintenance_status": "operational",
        "source": "berlin_open_data_wfs",
        "source_id": "111",
        "source_url": "https://daten.berlin.de/datensaetze/offentliche-toiletten-wfs-ad2c0c24",
        "source_timestamp": "2025-07-17",
        "download_date": "2026-05-31",
        "license": "dl-de-zero-2.0",
        "last_verified": "2026-05-31",
        "berlin_feature_id": "toiletten.111",
        "berlin_bezirk": "Pankow",
        "berlin_vertrag": "Toilettenvertrag mit Wall",
        "berlin_modelltyp": "Berliner Toilette mit 1 Platz",
        "berlin_symbol": "WC",
        "berlin_nutzungsentgelt_raw": 0.5,
        "berlin_zahlungsart": "Karte/App/Paypal/BVG-Guthabenkarte",
        "berlin_barrierefrei_raw": "ja",
        "berlin_barrierearm_raw": "ja",
        "berlin_wickeltisch_raw": "nein"
      }
    },
    {
      "type": "Feature",
      "geometry": {
        "type": "Point",
        "coordinates": [
          13.38350244,
          52.55606887
        ]
      },
      "properties": {
        "facility_id": "atm-toilet-090",
        "name": "Osloer Str. 18 Mittelinsel hinter Prinzenallee",
        "geometry_type": "Point",
        "address": "Osloer Str. 18 Mittelinsel hinter Prinzenallee",
        "operator": "Wall GmbH",
        "access": "public",
        "fee": "yes",
        "payment_method": "Karte/App/Paypal/BVG-Guthabenkarte",
        "opening_hours": "24h",
        "wheelchair": "yes",
        "changing_table": "no",
        "toilet_type": "standalone",
        "gender_access": "unknown",
        "indoor": "no",
        "covered": "unknown",
        "drinking_water": "unknown",
        "supervised": "unknown",
        "maintenance_status": "operational",
        "source": "berlin_open_data_wfs",
        "source_id": "112",
        "source_url": "https://daten.berlin.de/datensaetze/offentliche-toiletten-wfs-ad2c0c24",
        "source_timestamp": "2025-07-17",
        "download_date": "2026-05-31",
        "license": "dl-de-zero-2.0",
        "last_verified": "2026-05-31",
        "berlin_feature_id": "toiletten.112",
        "berlin_bezirk": "Mitte",
        "berlin_vertrag": "Toilettenvertrag mit Wall",
        "berlin_modelltyp": "Berliner Toilette mit 1 Platz",
        "berlin_symbol": "WC",
        "berlin_nutzungsentgelt_raw": 0.5,
        "berlin_zahlungsart": "Karte/App/Paypal/BVG-Guthabenkarte",
        "berlin_barrierefrei_raw": "ja",
        "berlin_barrierearm_raw": "ja",
        "berlin_wickeltisch_raw": "nein"
      }
    },
    {
      "type": "Feature",
      "geometry": {
        "type": "Point",
        "coordinates": [
          13.46437459,
          52.4874668
        ]
      },
      "properties": {
        "facility_id": "atm-toilet-091",
        "name": "Am Treptower Park ggü. 31-32",
        "geometry_type": "Point",
        "address": "Am Treptower Park ggü. 31-32",
        "operator": "Wall GmbH",
        "access": "public",
        "fee": "yes",
        "payment_method": "Karte/App/Paypal/BVG-Guthabenkarte",
        "opening_hours": "24h",
        "wheelchair": "yes",
        "changing_table": "no",
        "toilet_type": "standalone",
        "gender_access": "unknown",
        "indoor": "no",
        "covered": "unknown",
        "drinking_water": "unknown",
        "supervised": "unknown",
        "maintenance_status": "operational",
        "source": "berlin_open_data_wfs",
        "source_id": "113",
        "source_url": "https://daten.berlin.de/datensaetze/offentliche-toiletten-wfs-ad2c0c24",
        "source_timestamp": "2025-07-17",
        "download_date": "2026-05-31",
        "license": "dl-de-zero-2.0",
        "last_verified": "2026-05-31",
        "berlin_feature_id": "toiletten.113",
        "berlin_bezirk": "Treptow-Köpenick",
        "berlin_vertrag": "Toilettenvertrag mit Wall",
        "berlin_modelltyp": "Berliner Toilette mit 1 Platz",
        "berlin_symbol": "WC",
        "berlin_nutzungsentgelt_raw": 0.5,
        "berlin_zahlungsart": "Karte/App/Paypal/BVG-Guthabenkarte",
        "berlin_barrierefrei_raw": "ja",
        "berlin_barrierearm_raw": "ja",
        "berlin_wickeltisch_raw": "nein"
      }
    },
    {
      "type": "Feature",
      "geometry": {
        "type": "Point",
        "coordinates": [
          13.3670489,
          52.49384768
        ]
      },
      "properties": {
        "facility_id": "atm-toilet-092",
        "name": "Bülowstr. ggü. 49 vor Yorckstr., Goebenstr.",
        "geometry_type": "Point",
        "address": "Bülowstr. ggü. 49 vor Yorckstr., Goebenstr.",
        "operator": "Wall GmbH",
        "access": "public",
        "fee": "yes",
        "payment_method": "Karte/App/Paypal/BVG-Guthabenkarte",
        "opening_hours": "24h",
        "wheelchair": "yes",
        "changing_table": "no",
        "toilet_type": "standalone",
        "gender_access": "unknown",
        "indoor": "no",
        "covered": "unknown",
        "drinking_water": "unknown",
        "supervised": "unknown",
        "maintenance_status": "operational",
        "source": "berlin_open_data_wfs",
        "source_id": "114",
        "source_url": "https://daten.berlin.de/datensaetze/offentliche-toiletten-wfs-ad2c0c24",
        "source_timestamp": "2025-07-17",
        "download_date": "2026-05-31",
        "license": "dl-de-zero-2.0",
        "last_verified": "2026-05-31",
        "berlin_feature_id": "toiletten.114",
        "berlin_bezirk": "Tempelhof-Schöneberg",
        "berlin_vertrag": "Toilettenvertrag mit Wall",
        "berlin_modelltyp": "Berliner Toilette mit 1 Platz",
        "berlin_symbol": "WC",
        "berlin_nutzungsentgelt_raw": 0.5,
        "berlin_zahlungsart": "Karte/App/Paypal/BVG-Guthabenkarte",
        "berlin_barrierefrei_raw": "ja",
        "berlin_barrierearm_raw": "ja",
        "berlin_wickeltisch_raw": "nein"
      }
    },
    {
      "type": "Feature",
      "geometry": {
        "type": "Point",
        "coordinates": [
          13.34809497,
          52.52609313
        ]
      },
      "properties": {
        "facility_id": "atm-toilet-093",
        "name": "Turmstr. ggü. 20a-21 vor ggü. Bandelstr.",
        "geometry_type": "Point",
        "address": "Turmstr. ggü. 20a-21 vor ggü. Bandelstr.",
        "operator": "Wall GmbH",
        "access": "public",
        "fee": "no",
        "payment_method": null,
        "opening_hours": "24h",
        "wheelchair": "yes",
        "changing_table": "no",
        "toilet_type": "standalone",
        "gender_access": "unknown",
        "indoor": "no",
        "covered": "unknown",
        "drinking_water": "unknown",
        "supervised": "unknown",
        "maintenance_status": "operational",
        "source": "berlin_open_data_wfs",
        "source_id": "115",
        "source_url": "https://daten.berlin.de/datensaetze/offentliche-toiletten-wfs-ad2c0c24",
        "source_timestamp": "2025-07-17",
        "download_date": "2026-05-31",
        "license": "dl-de-zero-2.0",
        "last_verified": "2026-05-31",
        "berlin_feature_id": "toiletten.115",
        "berlin_bezirk": "Mitte",
        "berlin_vertrag": "Toilettenvertrag mit Wall",
        "berlin_modelltyp": "Berliner Toilette 1 Platz mit 2 Pissoirs",
        "berlin_symbol": "WC",
        "berlin_nutzungsentgelt_raw": 0,
        "berlin_zahlungsart": null,
        "berlin_barrierefrei_raw": "ja",
        "berlin_barrierearm_raw": "ja",
        "berlin_wickeltisch_raw": "nein"
      }
    },
    {
      "type": "Feature",
      "geometry": {
        "type": "Point",
        "coordinates": [
          13.41357257,
          52.51270775
        ]
      },
      "properties": {
        "facility_id": "atm-toilet-094",
        "name": "Köllnischer Park, Rungestr. 31 ggü. Wassergasse",
        "geometry_type": "Point",
        "address": "Köllnischer Park, Rungestr. 31 ggü. Wassergasse",
        "operator": "Wall GmbH",
        "access": "public",
        "fee": "yes",
        "payment_method": "Karte/App/Paypal/BVG-Guthabenkarte",
        "opening_hours": "24h",
        "wheelchair": "yes",
        "changing_table": "no",
        "toilet_type": "standalone",
        "gender_access": "unknown",
        "indoor": "no",
        "covered": "unknown",
        "drinking_water": "unknown",
        "supervised": "unknown",
        "maintenance_status": "operational",
        "source": "berlin_open_data_wfs",
        "source_id": "116",
        "source_url": "https://daten.berlin.de/datensaetze/offentliche-toiletten-wfs-ad2c0c24",
        "source_timestamp": "2025-07-17",
        "download_date": "2026-05-31",
        "license": "dl-de-zero-2.0",
        "last_verified": "2026-05-31",
        "berlin_feature_id": "toiletten.116",
        "berlin_bezirk": "Mitte",
        "berlin_vertrag": "Toilettenvertrag mit Wall",
        "berlin_modelltyp": "Berliner Toilette mit 1 Platz",
        "berlin_symbol": "WC",
        "berlin_nutzungsentgelt_raw": 0.5,
        "berlin_zahlungsart": "Karte/App/Paypal/BVG-Guthabenkarte",
        "berlin_barrierefrei_raw": "ja",
        "berlin_barrierearm_raw": "ja",
        "berlin_wickeltisch_raw": "nein"
      }
    },
    {
      "type": "Feature",
      "geometry": {
        "type": "Point",
        "coordinates": [
          13.41329416,
          52.55375529
        ]
      },
      "properties": {
        "facility_id": "atm-toilet-095",
        "name": "Bornholmer Str. 94 Mittelinsel vor Schönhauser Allee",
        "geometry_type": "Point",
        "address": "Bornholmer Str. 94 Mittelinsel vor Schönhauser Allee",
        "operator": "Wall GmbH",
        "access": "public",
        "fee": "yes",
        "payment_method": "Karte/App/Paypal/BVG-Guthabenkarte",
        "opening_hours": "24h",
        "wheelchair": "yes",
        "changing_table": "no",
        "toilet_type": "standalone",
        "gender_access": "unknown",
        "indoor": "no",
        "covered": "unknown",
        "drinking_water": "unknown",
        "supervised": "unknown",
        "maintenance_status": "operational",
        "source": "berlin_open_data_wfs",
        "source_id": "117",
        "source_url": "https://daten.berlin.de/datensaetze/offentliche-toiletten-wfs-ad2c0c24",
        "source_timestamp": "2025-07-17",
        "download_date": "2026-05-31",
        "license": "dl-de-zero-2.0",
        "last_verified": "2026-05-31",
        "berlin_feature_id": "toiletten.117",
        "berlin_bezirk": "Pankow",
        "berlin_vertrag": "Toilettenvertrag mit Wall",
        "berlin_modelltyp": "Berliner Toilette mit 1 Platz",
        "berlin_symbol": "WC",
        "berlin_nutzungsentgelt_raw": 0.5,
        "berlin_zahlungsart": "Karte/App/Paypal/BVG-Guthabenkarte",
        "berlin_barrierefrei_raw": "ja",
        "berlin_barrierearm_raw": "ja",
        "berlin_wickeltisch_raw": "nein"
      }
    },
    {
      "type": "Feature",
      "geometry": {
        "type": "Point",
        "coordinates": [
          13.47697618,
          52.51314665
        ]
      },
      "properties": {
        "facility_id": "atm-toilet-096",
        "name": "Gürtelstr. vor Frankfurter Allee 120-122",
        "geometry_type": "Point",
        "address": "Gürtelstr. vor Frankfurter Allee 120-122",
        "operator": "Wall GmbH",
        "access": "public",
        "fee": "yes",
        "payment_method": "Karte/App/Paypal/BVG-Guthabenkarte",
        "opening_hours": "24h",
        "wheelchair": "yes",
        "changing_table": "no",
        "toilet_type": "standalone",
        "gender_access": "unknown",
        "indoor": "no",
        "covered": "unknown",
        "drinking_water": "unknown",
        "supervised": "unknown",
        "maintenance_status": "operational",
        "source": "berlin_open_data_wfs",
        "source_id": "118",
        "source_url": "https://daten.berlin.de/datensaetze/offentliche-toiletten-wfs-ad2c0c24",
        "source_timestamp": "2025-07-17",
        "download_date": "2026-05-31",
        "license": "dl-de-zero-2.0",
        "last_verified": "2026-05-31",
        "berlin_feature_id": "toiletten.118",
        "berlin_bezirk": "Lichtenberg",
        "berlin_vertrag": "Toilettenvertrag mit Wall",
        "berlin_modelltyp": "Berliner Toilette mit 1 Platz",
        "berlin_symbol": "WC",
        "berlin_nutzungsentgelt_raw": 0.5,
        "berlin_zahlungsart": "Karte/App/Paypal/BVG-Guthabenkarte",
        "berlin_barrierefrei_raw": "ja",
        "berlin_barrierearm_raw": "ja",
        "berlin_wickeltisch_raw": "nein"
      }
    },
    {
      "type": "Feature",
      "geometry": {
        "type": "Point",
        "coordinates": [
          13.44733616,
          52.51144621
        ]
      },
      "properties": {
        "facility_id": "atm-toilet-097",
        "name": "Comeniusplatz , Torellstr. ggü. 1 vor Marchlewskistr.",
        "geometry_type": "Point",
        "address": "Comeniusplatz , Torellstr. ggü. 1 vor Marchlewskistr.",
        "operator": "Wall GmbH",
        "access": "public",
        "fee": "no",
        "payment_method": null,
        "opening_hours": "24h",
        "wheelchair": "yes",
        "changing_table": "no",
        "toilet_type": "standalone",
        "gender_access": "unknown",
        "indoor": "no",
        "covered": "unknown",
        "drinking_water": "unknown",
        "supervised": "unknown",
        "maintenance_status": "operational",
        "source": "berlin_open_data_wfs",
        "source_id": "119",
        "source_url": "https://daten.berlin.de/datensaetze/offentliche-toiletten-wfs-ad2c0c24",
        "source_timestamp": "2025-07-17",
        "download_date": "2026-05-31",
        "license": "dl-de-zero-2.0",
        "last_verified": "2026-05-31",
        "berlin_feature_id": "toiletten.119",
        "berlin_bezirk": "Friedrichshain-Kreuzberg",
        "berlin_vertrag": "Toilettenvertrag mit Wall",
        "berlin_modelltyp": "Berliner Toilette 1 Platz mit 2 Pissoirs",
        "berlin_symbol": "WC",
        "berlin_nutzungsentgelt_raw": 0,
        "berlin_zahlungsart": null,
        "berlin_barrierefrei_raw": "ja",
        "berlin_barrierearm_raw": "ja",
        "berlin_wickeltisch_raw": "nein"
      }
    },
    {
      "type": "Feature",
      "geometry": {
        "type": "Point",
        "coordinates": [
          13.40542608,
          52.54676507
        ]
      },
      "properties": {
        "facility_id": "atm-toilet-098",
        "name": "Am Falkplatz ggü. 5 hinter Gleimstr.",
        "geometry_type": "Point",
        "address": "Am Falkplatz ggü. 5 hinter Gleimstr.",
        "operator": "Wall GmbH",
        "access": "public",
        "fee": "no",
        "payment_method": null,
        "opening_hours": "24h",
        "wheelchair": "yes",
        "changing_table": "yes",
        "toilet_type": "standalone",
        "gender_access": "unknown",
        "indoor": "no",
        "covered": "unknown",
        "drinking_water": "unknown",
        "supervised": "unknown",
        "maintenance_status": "operational",
        "source": "berlin_open_data_wfs",
        "source_id": "120",
        "source_url": "https://daten.berlin.de/datensaetze/offentliche-toiletten-wfs-ad2c0c24",
        "source_timestamp": "2025-07-17",
        "download_date": "2026-05-31",
        "license": "dl-de-zero-2.0",
        "last_verified": "2026-05-31",
        "berlin_feature_id": "toiletten.120",
        "berlin_bezirk": "Pankow",
        "berlin_vertrag": "Toilettenvertrag mit Wall",
        "berlin_modelltyp": "Berliner Toilette 1 Platz mit 2 Pissoirs",
        "berlin_symbol": "WC",
        "berlin_nutzungsentgelt_raw": 0,
        "berlin_zahlungsart": null,
        "berlin_barrierefrei_raw": "ja",
        "berlin_barrierearm_raw": "ja",
        "berlin_wickeltisch_raw": "ja"
      }
    },
    {
      "type": "Feature",
      "geometry": {
        "type": "Point",
        "coordinates": [
          13.56583554,
          52.57009941
        ]
      },
      "properties": {
        "facility_id": "atm-toilet-099",
        "name": "S-Bhf. Ahrensfelde, Ahrensfelder Platz hinter Märkische Allee 376, Havemannstr.",
        "geometry_type": "Point",
        "address": "S-Bhf. Ahrensfelde, Ahrensfelder Platz hinter Märkische Allee 376, Havemannstr.",
        "operator": "Wall GmbH",
        "access": "public",
        "fee": "no",
        "payment_method": null,
        "opening_hours": "24h",
        "wheelchair": "yes",
        "changing_table": "no",
        "toilet_type": "standalone",
        "gender_access": "unknown",
        "indoor": "no",
        "covered": "unknown",
        "drinking_water": "unknown",
        "supervised": "unknown",
        "maintenance_status": "operational",
        "source": "berlin_open_data_wfs",
        "source_id": "121",
        "source_url": "https://daten.berlin.de/datensaetze/offentliche-toiletten-wfs-ad2c0c24",
        "source_timestamp": "2025-07-17",
        "download_date": "2026-05-31",
        "license": "dl-de-zero-2.0",
        "last_verified": "2026-05-31",
        "berlin_feature_id": "toiletten.121",
        "berlin_bezirk": "Marzahn-Hellersdorf",
        "berlin_vertrag": "Toilettenvertrag mit Wall",
        "berlin_modelltyp": "Berliner Toilette 1 Platz mit 2 Pissoirs",
        "berlin_symbol": "WC",
        "berlin_nutzungsentgelt_raw": 0,
        "berlin_zahlungsart": null,
        "berlin_barrierefrei_raw": "ja",
        "berlin_barrierearm_raw": "ja",
        "berlin_wickeltisch_raw": "nein"
      }
    },
    {
      "type": "Feature",
      "geometry": {
        "type": "Point",
        "coordinates": [
          13.49426207,
          52.54559586
        ]
      },
      "properties": {
        "facility_id": "atm-toilet-100",
        "name": "Degnerstr. 5 hinter Waldowstr.",
        "geometry_type": "Point",
        "address": "Degnerstr. 5 hinter Waldowstr.",
        "operator": "Wall GmbH",
        "access": "public",
        "fee": "yes",
        "payment_method": "Karte/App/Paypal/BVG-Guthabenkarte",
        "opening_hours": "24h",
        "wheelchair": "yes",
        "changing_table": "no",
        "toilet_type": "standalone",
        "gender_access": "unknown",
        "indoor": "no",
        "covered": "unknown",
        "drinking_water": "unknown",
        "supervised": "unknown",
        "maintenance_status": "operational",
        "source": "berlin_open_data_wfs",
        "source_id": "122",
        "source_url": "https://daten.berlin.de/datensaetze/offentliche-toiletten-wfs-ad2c0c24",
        "source_timestamp": "2025-07-17",
        "download_date": "2026-05-31",
        "license": "dl-de-zero-2.0",
        "last_verified": "2026-05-31",
        "berlin_feature_id": "toiletten.122",
        "berlin_bezirk": "Lichtenberg",
        "berlin_vertrag": "Toilettenvertrag mit Wall",
        "berlin_modelltyp": "Berliner Toilette mit 1 Platz",
        "berlin_symbol": "WC",
        "berlin_nutzungsentgelt_raw": 0.5,
        "berlin_zahlungsart": "Karte/App/Paypal/BVG-Guthabenkarte",
        "berlin_barrierefrei_raw": "ja",
        "berlin_barrierearm_raw": "ja",
        "berlin_wickeltisch_raw": "nein"
      }
    },
    {
      "type": "Feature",
      "geometry": {
        "type": "Point",
        "coordinates": [
          13.42732495,
          52.54586702
        ]
      },
      "properties": {
        "facility_id": "atm-toilet-101",
        "name": "Wichertstr. 43 Mittelinsel hinter Prenzlauer Allee",
        "geometry_type": "Point",
        "address": "Wichertstr. 43 Mittelinsel hinter Prenzlauer Allee",
        "operator": "Wall GmbH",
        "access": "public",
        "fee": "no",
        "payment_method": null,
        "opening_hours": "24h",
        "wheelchair": "yes",
        "changing_table": "no",
        "toilet_type": "standalone",
        "gender_access": "unknown",
        "indoor": "no",
        "covered": "unknown",
        "drinking_water": "unknown",
        "supervised": "unknown",
        "maintenance_status": "operational",
        "source": "berlin_open_data_wfs",
        "source_id": "123",
        "source_url": "https://daten.berlin.de/datensaetze/offentliche-toiletten-wfs-ad2c0c24",
        "source_timestamp": "2025-07-17",
        "download_date": "2026-05-31",
        "license": "dl-de-zero-2.0",
        "last_verified": "2026-05-31",
        "berlin_feature_id": "toiletten.123",
        "berlin_bezirk": "Pankow",
        "berlin_vertrag": "Toilettenvertrag mit Wall",
        "berlin_modelltyp": "Berliner Toilette 1 Platz mit 2 Pissoirs",
        "berlin_symbol": "WC",
        "berlin_nutzungsentgelt_raw": 0,
        "berlin_zahlungsart": null,
        "berlin_barrierefrei_raw": "ja",
        "berlin_barrierearm_raw": "ja",
        "berlin_wickeltisch_raw": "nein"
      }
    },
    {
      "type": "Feature",
      "geometry": {
        "type": "Point",
        "coordinates": [
          13.3355016,
          52.52499599
        ]
      },
      "properties": {
        "facility_id": "atm-toilet-102",
        "name": "Alt-Moabit ggü. 81-82 vor Ottostr.",
        "geometry_type": "Point",
        "address": "Alt-Moabit ggü. 81-82 vor Ottostr.",
        "operator": "Wall GmbH",
        "access": "public",
        "fee": "yes",
        "payment_method": "Karte/App/Paypal/BVG-Guthabenkarte",
        "opening_hours": "24h",
        "wheelchair": "yes",
        "changing_table": "no",
        "toilet_type": "standalone",
        "gender_access": "unknown",
        "indoor": "no",
        "covered": "unknown",
        "drinking_water": "unknown",
        "supervised": "unknown",
        "maintenance_status": "operational",
        "source": "berlin_open_data_wfs",
        "source_id": "124",
        "source_url": "https://daten.berlin.de/datensaetze/offentliche-toiletten-wfs-ad2c0c24",
        "source_timestamp": "2025-07-17",
        "download_date": "2026-05-31",
        "license": "dl-de-zero-2.0",
        "last_verified": "2026-05-31",
        "berlin_feature_id": "toiletten.124",
        "berlin_bezirk": "Mitte",
        "berlin_vertrag": "Toilettenvertrag mit Wall",
        "berlin_modelltyp": "Berliner Toilette mit 1 Platz",
        "berlin_symbol": "WC",
        "berlin_nutzungsentgelt_raw": 0.5,
        "berlin_zahlungsart": "Karte/App/Paypal/BVG-Guthabenkarte",
        "berlin_barrierefrei_raw": "ja",
        "berlin_barrierearm_raw": "ja",
        "berlin_wickeltisch_raw": "nein"
      }
    },
    {
      "type": "Feature",
      "geometry": {
        "type": "Point",
        "coordinates": [
          13.47661219,
          52.42266025
        ]
      },
      "properties": {
        "facility_id": "atm-toilet-103",
        "name": "U-Bhf. Wutzkyallee, Joachim-Gottschalk-Weg 12 - 14",
        "geometry_type": "Point",
        "address": "U-Bhf. Wutzkyallee, Joachim-Gottschalk-Weg 12 - 14",
        "operator": "Wall GmbH",
        "access": "public",
        "fee": "yes",
        "payment_method": "Karte/App/Paypal/BVG-Guthabenkarte",
        "opening_hours": "24h",
        "wheelchair": "yes",
        "changing_table": "no",
        "toilet_type": "standalone",
        "gender_access": "unknown",
        "indoor": "no",
        "covered": "unknown",
        "drinking_water": "unknown",
        "supervised": "unknown",
        "maintenance_status": "operational",
        "source": "berlin_open_data_wfs",
        "source_id": "125",
        "source_url": "https://daten.berlin.de/datensaetze/offentliche-toiletten-wfs-ad2c0c24",
        "source_timestamp": "2025-07-17",
        "download_date": "2026-05-31",
        "license": "dl-de-zero-2.0",
        "last_verified": "2026-05-31",
        "berlin_feature_id": "toiletten.125",
        "berlin_bezirk": "Neukölln",
        "berlin_vertrag": "Toilettenvertrag mit Wall",
        "berlin_modelltyp": "Berliner Toilette mit 1 Platz",
        "berlin_symbol": "WC",
        "berlin_nutzungsentgelt_raw": 0.5,
        "berlin_zahlungsart": "Karte/App/Paypal/BVG-Guthabenkarte",
        "berlin_barrierefrei_raw": "ja",
        "berlin_barrierearm_raw": "ja",
        "berlin_wickeltisch_raw": "nein"
      }
    },
    {
      "type": "Feature",
      "geometry": {
        "type": "Point",
        "coordinates": [
          13.41865976,
          52.54289978
        ]
      },
      "properties": {
        "facility_id": "atm-toilet-104",
        "name": "Helmholtzplatz, Raumerstr. ggü. 9",
        "geometry_type": "Point",
        "address": "Helmholtzplatz, Raumerstr. ggü. 9",
        "operator": "Wall GmbH",
        "access": "public",
        "fee": "no",
        "payment_method": null,
        "opening_hours": "24h",
        "wheelchair": "yes",
        "changing_table": "yes",
        "toilet_type": "standalone",
        "gender_access": "unknown",
        "indoor": "no",
        "covered": "unknown",
        "drinking_water": "unknown",
        "supervised": "unknown",
        "maintenance_status": "operational",
        "source": "berlin_open_data_wfs",
        "source_id": "126",
        "source_url": "https://daten.berlin.de/datensaetze/offentliche-toiletten-wfs-ad2c0c24",
        "source_timestamp": "2025-07-17",
        "download_date": "2026-05-31",
        "license": "dl-de-zero-2.0",
        "last_verified": "2026-05-31",
        "berlin_feature_id": "toiletten.126",
        "berlin_bezirk": "Pankow",
        "berlin_vertrag": "Toilettenvertrag mit Wall",
        "berlin_modelltyp": "Berliner Toilette 1 Platz mit 2 Pissoirs",
        "berlin_symbol": "WC",
        "berlin_nutzungsentgelt_raw": 0,
        "berlin_zahlungsart": null,
        "berlin_barrierefrei_raw": "ja",
        "berlin_barrierearm_raw": "ja",
        "berlin_wickeltisch_raw": "ja"
      }
    },
    {
      "type": "Feature",
      "geometry": {
        "type": "Point",
        "coordinates": [
          13.355711,
          52.45925104
        ]
      },
      "properties": {
        "facility_id": "atm-toilet-105",
        "name": "S-Bhf. Priesterweg, Priesterweg ggü. Parkplatz",
        "geometry_type": "Point",
        "address": "S-Bhf. Priesterweg, Priesterweg ggü. Parkplatz",
        "operator": "Wall GmbH",
        "access": "public",
        "fee": "yes",
        "payment_method": "Karte/App/Paypal/BVG-Guthabenkarte",
        "opening_hours": "24h",
        "wheelchair": "yes",
        "changing_table": "no",
        "toilet_type": "standalone",
        "gender_access": "unknown",
        "indoor": "no",
        "covered": "unknown",
        "drinking_water": "unknown",
        "supervised": "unknown",
        "maintenance_status": "operational",
        "source": "berlin_open_data_wfs",
        "source_id": "127",
        "source_url": "https://daten.berlin.de/datensaetze/offentliche-toiletten-wfs-ad2c0c24",
        "source_timestamp": "2025-07-17",
        "download_date": "2026-05-31",
        "license": "dl-de-zero-2.0",
        "last_verified": "2026-05-31",
        "berlin_feature_id": "toiletten.127",
        "berlin_bezirk": "Tempelhof-Schöneberg",
        "berlin_vertrag": "Toilettenvertrag mit Wall",
        "berlin_modelltyp": "Berliner Toilette mit 1 Platz",
        "berlin_symbol": "WC",
        "berlin_nutzungsentgelt_raw": 0.5,
        "berlin_zahlungsart": "Karte/App/Paypal/BVG-Guthabenkarte",
        "berlin_barrierefrei_raw": "ja",
        "berlin_barrierearm_raw": "ja",
        "berlin_wickeltisch_raw": "nein"
      }
    },
    {
      "type": "Feature",
      "geometry": {
        "type": "Point",
        "coordinates": [
          13.36315439,
          52.41349848
        ]
      },
      "properties": {
        "facility_id": "atm-toilet-106",
        "name": "Marienfelder Allee 144-146 ggü. Malteserstr.",
        "geometry_type": "Point",
        "address": "Marienfelder Allee 144-146 ggü. Malteserstr.",
        "operator": "Wall GmbH",
        "access": "public",
        "fee": "yes",
        "payment_method": "Karte/App/Paypal/BVG-Guthabenkarte",
        "opening_hours": "24h",
        "wheelchair": "yes",
        "changing_table": "no",
        "toilet_type": "standalone",
        "gender_access": "unknown",
        "indoor": "no",
        "covered": "unknown",
        "drinking_water": "unknown",
        "supervised": "unknown",
        "maintenance_status": "operational",
        "source": "berlin_open_data_wfs",
        "source_id": "128",
        "source_url": "https://daten.berlin.de/datensaetze/offentliche-toiletten-wfs-ad2c0c24",
        "source_timestamp": "2025-07-17",
        "download_date": "2026-05-31",
        "license": "dl-de-zero-2.0",
        "last_verified": "2026-05-31",
        "berlin_feature_id": "toiletten.128",
        "berlin_bezirk": "Tempelhof-Schöneberg",
        "berlin_vertrag": "Toilettenvertrag mit Wall",
        "berlin_modelltyp": "Berliner Toilette mit 1 Platz",
        "berlin_symbol": "WC",
        "berlin_nutzungsentgelt_raw": 0.5,
        "berlin_zahlungsart": "Karte/App/Paypal/BVG-Guthabenkarte",
        "berlin_barrierefrei_raw": "ja",
        "berlin_barrierearm_raw": "ja",
        "berlin_wickeltisch_raw": "nein"
      }
    },
    {
      "type": "Feature",
      "geometry": {
        "type": "Point",
        "coordinates": [
          13.57488685,
          52.51290078
        ]
      },
      "properties": {
        "facility_id": "atm-toilet-107",
        "name": "S-Bhf. Wuhletal, Altentreptower Str.",
        "geometry_type": "Point",
        "address": "S-Bhf. Wuhletal, Altentreptower Str.",
        "operator": "Wall GmbH",
        "access": "public",
        "fee": "yes",
        "payment_method": "Karte/App/Paypal/BVG-Guthabenkarte",
        "opening_hours": "24h",
        "wheelchair": "yes",
        "changing_table": "yes",
        "toilet_type": "standalone",
        "gender_access": "unknown",
        "indoor": "no",
        "covered": "unknown",
        "drinking_water": "unknown",
        "supervised": "unknown",
        "maintenance_status": "operational",
        "source": "berlin_open_data_wfs",
        "source_id": "130",
        "source_url": "https://daten.berlin.de/datensaetze/offentliche-toiletten-wfs-ad2c0c24",
        "source_timestamp": "2025-07-17",
        "download_date": "2026-05-31",
        "license": "dl-de-zero-2.0",
        "last_verified": "2026-05-31",
        "berlin_feature_id": "toiletten.130",
        "berlin_bezirk": "Marzahn-Hellersdorf",
        "berlin_vertrag": "Toilettenvertrag mit Wall",
        "berlin_modelltyp": "Berliner Toilette mit 1 Platz",
        "berlin_symbol": "WC",
        "berlin_nutzungsentgelt_raw": 0.5,
        "berlin_zahlungsart": "Karte/App/Paypal/BVG-Guthabenkarte",
        "berlin_barrierefrei_raw": "ja",
        "berlin_barrierearm_raw": "ja",
        "berlin_wickeltisch_raw": "ja"
      }
    },
    {
      "type": "Feature",
      "geometry": {
        "type": "Point",
        "coordinates": [
          13.33620516,
          52.45100854
        ]
      },
      "properties": {
        "facility_id": "atm-toilet-108",
        "name": "Steglitzer Damm ggü. 3 hinter Albrechtstr.",
        "geometry_type": "Point",
        "address": "Steglitzer Damm ggü. 3 hinter Albrechtstr.",
        "operator": "Wall GmbH",
        "access": "public",
        "fee": "yes",
        "payment_method": "Karte/App/Paypal/BVG-Guthabenkarte",
        "opening_hours": "24h",
        "wheelchair": "yes",
        "changing_table": "no",
        "toilet_type": "standalone",
        "gender_access": "unknown",
        "indoor": "no",
        "covered": "unknown",
        "drinking_water": "unknown",
        "supervised": "unknown",
        "maintenance_status": "operational",
        "source": "berlin_open_data_wfs",
        "source_id": "131",
        "source_url": "https://daten.berlin.de/datensaetze/offentliche-toiletten-wfs-ad2c0c24",
        "source_timestamp": "2025-07-17",
        "download_date": "2026-05-31",
        "license": "dl-de-zero-2.0",
        "last_verified": "2026-05-31",
        "berlin_feature_id": "toiletten.131",
        "berlin_bezirk": "Steglitz-Zehlendorf",
        "berlin_vertrag": "Toilettenvertrag mit Wall",
        "berlin_modelltyp": "Berliner Toilette mit 1 Platz",
        "berlin_symbol": "WC",
        "berlin_nutzungsentgelt_raw": 0.5,
        "berlin_zahlungsart": "Karte/App/Paypal/BVG-Guthabenkarte",
        "berlin_barrierefrei_raw": "ja",
        "berlin_barrierearm_raw": "ja",
        "berlin_wickeltisch_raw": "nein"
      }
    },
    {
      "type": "Feature",
      "geometry": {
        "type": "Point",
        "coordinates": [
          13.46902428,
          52.51123157
        ]
      },
      "properties": {
        "facility_id": "atm-toilet-109",
        "name": "Traveplatz, Weichselstr. ggü. 13-14 vor Travestr.",
        "geometry_type": "Point",
        "address": "Traveplatz, Weichselstr. ggü. 13-14 vor Travestr.",
        "operator": "Wall GmbH",
        "access": "public",
        "fee": "yes",
        "payment_method": "Karte/App/Paypal/BVG-Guthabenkarte",
        "opening_hours": "24h",
        "wheelchair": "yes",
        "changing_table": "no",
        "toilet_type": "standalone",
        "gender_access": "unknown",
        "indoor": "no",
        "covered": "unknown",
        "drinking_water": "unknown",
        "supervised": "unknown",
        "maintenance_status": "operational",
        "source": "berlin_open_data_wfs",
        "source_id": "132",
        "source_url": "https://daten.berlin.de/datensaetze/offentliche-toiletten-wfs-ad2c0c24",
        "source_timestamp": "2025-07-17",
        "download_date": "2026-05-31",
        "license": "dl-de-zero-2.0",
        "last_verified": "2026-05-31",
        "berlin_feature_id": "toiletten.132",
        "berlin_bezirk": "Friedrichshain-Kreuzberg",
        "berlin_vertrag": "Toilettenvertrag mit Wall",
        "berlin_modelltyp": "Berliner Toilette mit 1 Platz",
        "berlin_symbol": "WC",
        "berlin_nutzungsentgelt_raw": 0.5,
        "berlin_zahlungsart": "Karte/App/Paypal/BVG-Guthabenkarte",
        "berlin_barrierefrei_raw": "ja",
        "berlin_barrierearm_raw": "ja",
        "berlin_wickeltisch_raw": "nein"
      }
    },
    {
      "type": "Feature",
      "geometry": {
        "type": "Point",
        "coordinates": [
          13.42089017,
          52.54864132
        ]
      },
      "properties": {
        "facility_id": "atm-toilet-110",
        "name": "Wichertstr. 21 Mittelinsel hinter Stahlheimer Str. 3a",
        "geometry_type": "Point",
        "address": "Wichertstr. 21 Mittelinsel hinter Stahlheimer Str. 3a",
        "operator": "Wall GmbH",
        "access": "public",
        "fee": "no",
        "payment_method": null,
        "opening_hours": "24h",
        "wheelchair": "yes",
        "changing_table": "no",
        "toilet_type": "standalone",
        "gender_access": "unknown",
        "indoor": "no",
        "covered": "unknown",
        "drinking_water": "unknown",
        "supervised": "unknown",
        "maintenance_status": "operational",
        "source": "berlin_open_data_wfs",
        "source_id": "134",
        "source_url": "https://daten.berlin.de/datensaetze/offentliche-toiletten-wfs-ad2c0c24",
        "source_timestamp": "2025-07-17",
        "download_date": "2026-05-31",
        "license": "dl-de-zero-2.0",
        "last_verified": "2026-05-31",
        "berlin_feature_id": "toiletten.134",
        "berlin_bezirk": "Pankow",
        "berlin_vertrag": "Toilettenvertrag mit Wall",
        "berlin_modelltyp": "Berliner Toilette 1 Platz mit 2 Pissoirs",
        "berlin_symbol": "WC",
        "berlin_nutzungsentgelt_raw": 0,
        "berlin_zahlungsart": null,
        "berlin_barrierefrei_raw": "ja",
        "berlin_barrierearm_raw": "ja",
        "berlin_wickeltisch_raw": "nein"
      }
    },
    {
      "type": "Feature",
      "geometry": {
        "type": "Point",
        "coordinates": [
          13.46625556,
          52.55261489
        ]
      },
      "properties": {
        "facility_id": "atm-toilet-111",
        "name": "Berliner Allee ggü. 160 ggü. Wegenerstr. 1 (am Weißen See)",
        "geometry_type": "Point",
        "address": "Berliner Allee ggü. 160 ggü. Wegenerstr. 1 (am Weißen See)",
        "operator": "Wall GmbH",
        "access": "public",
        "fee": "no",
        "payment_method": null,
        "opening_hours": "24h",
        "wheelchair": "yes",
        "changing_table": "yes",
        "toilet_type": "standalone",
        "gender_access": "unknown",
        "indoor": "no",
        "covered": "unknown",
        "drinking_water": "unknown",
        "supervised": "unknown",
        "maintenance_status": "operational",
        "source": "berlin_open_data_wfs",
        "source_id": "135",
        "source_url": "https://daten.berlin.de/datensaetze/offentliche-toiletten-wfs-ad2c0c24",
        "source_timestamp": "2025-07-17",
        "download_date": "2026-05-31",
        "license": "dl-de-zero-2.0",
        "last_verified": "2026-05-31",
        "berlin_feature_id": "toiletten.135",
        "berlin_bezirk": "Pankow",
        "berlin_vertrag": "Toilettenvertrag mit Wall",
        "berlin_modelltyp": "Berliner Toilette 1 Platz mit 2 Pissoirs",
        "berlin_symbol": "WC",
        "berlin_nutzungsentgelt_raw": 0,
        "berlin_zahlungsart": null,
        "berlin_barrierefrei_raw": "ja",
        "berlin_barrierearm_raw": "ja",
        "berlin_wickeltisch_raw": "ja"
      }
    },
    {
      "type": "Feature",
      "geometry": {
        "type": "Point",
        "coordinates": [
          13.43890576,
          52.47371418
        ]
      },
      "properties": {
        "facility_id": "atm-toilet-112",
        "name": "Thomashöhe, Thomasstr. ggü. 11-15 hinter Mittelweg",
        "geometry_type": "Point",
        "address": "Thomashöhe, Thomasstr. ggü. 11-15 hinter Mittelweg",
        "operator": "Wall GmbH",
        "access": "public",
        "fee": "no",
        "payment_method": null,
        "opening_hours": "24h",
        "wheelchair": "yes",
        "changing_table": "no",
        "toilet_type": "standalone",
        "gender_access": "unknown",
        "indoor": "no",
        "covered": "unknown",
        "drinking_water": "unknown",
        "supervised": "unknown",
        "maintenance_status": "operational",
        "source": "berlin_open_data_wfs",
        "source_id": "136",
        "source_url": "https://daten.berlin.de/datensaetze/offentliche-toiletten-wfs-ad2c0c24",
        "source_timestamp": "2025-07-17",
        "download_date": "2026-05-31",
        "license": "dl-de-zero-2.0",
        "last_verified": "2026-05-31",
        "berlin_feature_id": "toiletten.136",
        "berlin_bezirk": "Neukölln",
        "berlin_vertrag": "Toilettenvertrag mit Wall",
        "berlin_modelltyp": "Berliner Toilette 1 Platz mit 2 Pissoirs",
        "berlin_symbol": "WC",
        "berlin_nutzungsentgelt_raw": 0,
        "berlin_zahlungsart": null,
        "berlin_barrierefrei_raw": "ja",
        "berlin_barrierearm_raw": "ja",
        "berlin_wickeltisch_raw": "nein"
      }
    },
    {
      "type": "Feature",
      "geometry": {
        "type": "Point",
        "coordinates": [
          13.42056481,
          52.60714456
        ]
      },
      "properties": {
        "facility_id": "atm-toilet-113",
        "name": "Hugenottenplatz, Schweizer Tal ggü. 48 vor Rosenthaler Weg",
        "geometry_type": "Point",
        "address": "Hugenottenplatz, Schweizer Tal ggü. 48 vor Rosenthaler Weg",
        "operator": "Wall GmbH",
        "access": "public",
        "fee": "yes",
        "payment_method": "Karte/App/Paypal/BVG-Guthabenkarte",
        "opening_hours": "24h",
        "wheelchair": "yes",
        "changing_table": "no",
        "toilet_type": "standalone",
        "gender_access": "unknown",
        "indoor": "no",
        "covered": "unknown",
        "drinking_water": "unknown",
        "supervised": "unknown",
        "maintenance_status": "operational",
        "source": "berlin_open_data_wfs",
        "source_id": "137",
        "source_url": "https://daten.berlin.de/datensaetze/offentliche-toiletten-wfs-ad2c0c24",
        "source_timestamp": "2025-07-17",
        "download_date": "2026-05-31",
        "license": "dl-de-zero-2.0",
        "last_verified": "2026-05-31",
        "berlin_feature_id": "toiletten.137",
        "berlin_bezirk": "Pankow",
        "berlin_vertrag": "Toilettenvertrag mit Wall",
        "berlin_modelltyp": "Berliner Toilette mit 1 Platz",
        "berlin_symbol": "WC",
        "berlin_nutzungsentgelt_raw": 0.5,
        "berlin_zahlungsart": "Karte/App/Paypal/BVG-Guthabenkarte",
        "berlin_barrierefrei_raw": "ja",
        "berlin_barrierearm_raw": "ja",
        "berlin_wickeltisch_raw": "nein"
      }
    },
    {
      "type": "Feature",
      "geometry": {
        "type": "Point",
        "coordinates": [
          13.42199925,
          52.47758455
        ]
      },
      "properties": {
        "facility_id": "atm-toilet-114",
        "name": "Schillerpromenade 37 Mittelinsel hinter Herrfurthplatz",
        "geometry_type": "Point",
        "address": "Schillerpromenade 37 Mittelinsel hinter Herrfurthplatz",
        "operator": "Wall GmbH",
        "access": "public",
        "fee": "no",
        "payment_method": null,
        "opening_hours": "24h",
        "wheelchair": "yes",
        "changing_table": "no",
        "toilet_type": "standalone",
        "gender_access": "unknown",
        "indoor": "no",
        "covered": "unknown",
        "drinking_water": "unknown",
        "supervised": "unknown",
        "maintenance_status": "operational",
        "source": "berlin_open_data_wfs",
        "source_id": "138",
        "source_url": "https://daten.berlin.de/datensaetze/offentliche-toiletten-wfs-ad2c0c24",
        "source_timestamp": "2025-07-17",
        "download_date": "2026-05-31",
        "license": "dl-de-zero-2.0",
        "last_verified": "2026-05-31",
        "berlin_feature_id": "toiletten.138",
        "berlin_bezirk": "Neukölln",
        "berlin_vertrag": "Toilettenvertrag mit Wall",
        "berlin_modelltyp": "Berliner Toilette 1 Platz mit 2 Pissoirs",
        "berlin_symbol": "WC",
        "berlin_nutzungsentgelt_raw": 0,
        "berlin_zahlungsart": null,
        "berlin_barrierefrei_raw": "ja",
        "berlin_barrierearm_raw": "ja",
        "berlin_wickeltisch_raw": "nein"
      }
    },
    {
      "type": "Feature",
      "geometry": {
        "type": "Point",
        "coordinates": [
          13.41016173,
          52.38777881
        ]
      },
      "properties": {
        "facility_id": "atm-toilet-115",
        "name": "Im Domstift vor Lichtenrader Damm",
        "geometry_type": "Point",
        "address": "Im Domstift vor Lichtenrader Damm",
        "operator": "Wall GmbH",
        "access": "public",
        "fee": "yes",
        "payment_method": "Karte/App/Paypal/BVG-Guthabenkarte",
        "opening_hours": "24h",
        "wheelchair": "yes",
        "changing_table": "no",
        "toilet_type": "standalone",
        "gender_access": "unknown",
        "indoor": "no",
        "covered": "unknown",
        "drinking_water": "unknown",
        "supervised": "unknown",
        "maintenance_status": "operational",
        "source": "berlin_open_data_wfs",
        "source_id": "139",
        "source_url": "https://daten.berlin.de/datensaetze/offentliche-toiletten-wfs-ad2c0c24",
        "source_timestamp": "2025-07-17",
        "download_date": "2026-05-31",
        "license": "dl-de-zero-2.0",
        "last_verified": "2026-05-31",
        "berlin_feature_id": "toiletten.139",
        "berlin_bezirk": "Tempelhof-Schöneberg",
        "berlin_vertrag": "Toilettenvertrag mit Wall",
        "berlin_modelltyp": "Berliner Toilette mit 1 Platz",
        "berlin_symbol": "WC",
        "berlin_nutzungsentgelt_raw": 0.5,
        "berlin_zahlungsart": "Karte/App/Paypal/BVG-Guthabenkarte",
        "berlin_barrierefrei_raw": "ja",
        "berlin_barrierearm_raw": "ja",
        "berlin_wickeltisch_raw": "nein"
      }
    },
    {
      "type": "Feature",
      "geometry": {
        "type": "Point",
        "coordinates": [
          13.60117246,
          52.48255183
        ]
      },
      "properties": {
        "facility_id": "atm-toilet-116",
        "name": "Roedernstr. vor Hultschiner Damm 75",
        "geometry_type": "Point",
        "address": "Roedernstr. vor Hultschiner Damm 75",
        "operator": "Wall GmbH",
        "access": "public",
        "fee": "yes",
        "payment_method": "Karte/App/Paypal/BVG-Guthabenkarte",
        "opening_hours": "24h",
        "wheelchair": "yes",
        "changing_table": "no",
        "toilet_type": "standalone",
        "gender_access": "unknown",
        "indoor": "no",
        "covered": "unknown",
        "drinking_water": "unknown",
        "supervised": "unknown",
        "maintenance_status": "operational",
        "source": "berlin_open_data_wfs",
        "source_id": "140",
        "source_url": "https://daten.berlin.de/datensaetze/offentliche-toiletten-wfs-ad2c0c24",
        "source_timestamp": "2025-07-17",
        "download_date": "2026-05-31",
        "license": "dl-de-zero-2.0",
        "last_verified": "2026-05-31",
        "berlin_feature_id": "toiletten.140",
        "berlin_bezirk": "Marzahn-Hellersdorf",
        "berlin_vertrag": "Toilettenvertrag mit Wall",
        "berlin_modelltyp": "Berliner Toilette mit 1 Platz",
        "berlin_symbol": "WC",
        "berlin_nutzungsentgelt_raw": 0.5,
        "berlin_zahlungsart": "Karte/App/Paypal/BVG-Guthabenkarte",
        "berlin_barrierefrei_raw": "ja",
        "berlin_barrierearm_raw": "ja",
        "berlin_wickeltisch_raw": "nein"
      }
    },
    {
      "type": "Feature",
      "geometry": {
        "type": "Point",
        "coordinates": [
          13.46429066,
          52.47029641
        ]
      },
      "properties": {
        "facility_id": "atm-toilet-117",
        "name": "Sonnenallee 262 vor Grenzallee",
        "geometry_type": "Point",
        "address": "Sonnenallee 262 vor Grenzallee",
        "operator": "Wall GmbH",
        "access": "public",
        "fee": "no",
        "payment_method": null,
        "opening_hours": "24h",
        "wheelchair": "yes",
        "changing_table": "no",
        "toilet_type": "standalone",
        "gender_access": "unknown",
        "indoor": "no",
        "covered": "unknown",
        "drinking_water": "unknown",
        "supervised": "unknown",
        "maintenance_status": "operational",
        "source": "berlin_open_data_wfs",
        "source_id": "141",
        "source_url": "https://daten.berlin.de/datensaetze/offentliche-toiletten-wfs-ad2c0c24",
        "source_timestamp": "2025-07-17",
        "download_date": "2026-05-31",
        "license": "dl-de-zero-2.0",
        "last_verified": "2026-05-31",
        "berlin_feature_id": "toiletten.141",
        "berlin_bezirk": "Neukölln",
        "berlin_vertrag": "Toilettenvertrag mit Wall",
        "berlin_modelltyp": "Berliner Toilette 1 Platz mit 2 Pissoirs",
        "berlin_symbol": "WC",
        "berlin_nutzungsentgelt_raw": 0,
        "berlin_zahlungsart": null,
        "berlin_barrierefrei_raw": "ja",
        "berlin_barrierearm_raw": "ja",
        "berlin_wickeltisch_raw": "nein"
      }
    },
    {
      "type": "Feature",
      "geometry": {
        "type": "Point",
        "coordinates": [
          13.60470183,
          52.53938551
        ]
      },
      "properties": {
        "facility_id": "atm-toilet-118",
        "name": "Quedlinburger Str. hinter 1 vor Stendaler Str. 30",
        "geometry_type": "Point",
        "address": "Quedlinburger Str. hinter 1 vor Stendaler Str. 30",
        "operator": "Wall GmbH",
        "access": "public",
        "fee": "yes",
        "payment_method": "Karte/App/Paypal/BVG-Guthabenkarte",
        "opening_hours": "24h",
        "wheelchair": "yes",
        "changing_table": "no",
        "toilet_type": "standalone",
        "gender_access": "unknown",
        "indoor": "no",
        "covered": "unknown",
        "drinking_water": "unknown",
        "supervised": "unknown",
        "maintenance_status": "operational",
        "source": "berlin_open_data_wfs",
        "source_id": "142",
        "source_url": "https://daten.berlin.de/datensaetze/offentliche-toiletten-wfs-ad2c0c24",
        "source_timestamp": "2025-07-17",
        "download_date": "2026-05-31",
        "license": "dl-de-zero-2.0",
        "last_verified": "2026-05-31",
        "berlin_feature_id": "toiletten.142",
        "berlin_bezirk": "Marzahn-Hellersdorf",
        "berlin_vertrag": "Toilettenvertrag mit Wall",
        "berlin_modelltyp": "Berliner Toilette mit 1 Platz",
        "berlin_symbol": "WC",
        "berlin_nutzungsentgelt_raw": 0.5,
        "berlin_zahlungsart": "Karte/App/Paypal/BVG-Guthabenkarte",
        "berlin_barrierefrei_raw": "ja",
        "berlin_barrierearm_raw": "ja",
        "berlin_wickeltisch_raw": "nein"
      }
    },
    {
      "type": "Feature",
      "geometry": {
        "type": "Point",
        "coordinates": [
          13.37109775,
          52.42251988
        ]
      },
      "properties": {
        "facility_id": "atm-toilet-119",
        "name": "Hranitzkistr. vor Marienfelder Allee 27",
        "geometry_type": "Point",
        "address": "Hranitzkistr. vor Marienfelder Allee 27",
        "operator": "Wall GmbH",
        "access": "public",
        "fee": "yes",
        "payment_method": "Karte/App/Paypal/BVG-Guthabenkarte",
        "opening_hours": "24h",
        "wheelchair": "yes",
        "changing_table": "no",
        "toilet_type": "standalone",
        "gender_access": "unknown",
        "indoor": "no",
        "covered": "unknown",
        "drinking_water": "unknown",
        "supervised": "unknown",
        "maintenance_status": "operational",
        "source": "berlin_open_data_wfs",
        "source_id": "143",
        "source_url": "https://daten.berlin.de/datensaetze/offentliche-toiletten-wfs-ad2c0c24",
        "source_timestamp": "2025-07-17",
        "download_date": "2026-05-31",
        "license": "dl-de-zero-2.0",
        "last_verified": "2026-05-31",
        "berlin_feature_id": "toiletten.143",
        "berlin_bezirk": "Tempelhof-Schöneberg",
        "berlin_vertrag": "Toilettenvertrag mit Wall",
        "berlin_modelltyp": "Berliner Toilette mit 1 Platz",
        "berlin_symbol": "WC",
        "berlin_nutzungsentgelt_raw": 0.5,
        "berlin_zahlungsart": "Karte/App/Paypal/BVG-Guthabenkarte",
        "berlin_barrierefrei_raw": "ja",
        "berlin_barrierearm_raw": "ja",
        "berlin_wickeltisch_raw": "nein"
      }
    },
    {
      "type": "Feature",
      "geometry": {
        "type": "Point",
        "coordinates": [
          13.4284121,
          52.47991339
        ]
      },
      "properties": {
        "facility_id": "atm-toilet-120",
        "name": "Boddinplatz, Mainzer Str. hinter Boddinstr.",
        "geometry_type": "Point",
        "address": "Boddinplatz, Mainzer Str. hinter Boddinstr.",
        "operator": "Wall GmbH",
        "access": "public",
        "fee": "no",
        "payment_method": null,
        "opening_hours": "24h",
        "wheelchair": "yes",
        "changing_table": "no",
        "toilet_type": "standalone",
        "gender_access": "unknown",
        "indoor": "no",
        "covered": "unknown",
        "drinking_water": "unknown",
        "supervised": "unknown",
        "maintenance_status": "operational",
        "source": "berlin_open_data_wfs",
        "source_id": "144",
        "source_url": "https://daten.berlin.de/datensaetze/offentliche-toiletten-wfs-ad2c0c24",
        "source_timestamp": "2025-07-17",
        "download_date": "2026-05-31",
        "license": "dl-de-zero-2.0",
        "last_verified": "2026-05-31",
        "berlin_feature_id": "toiletten.144",
        "berlin_bezirk": "Neukölln",
        "berlin_vertrag": "Toilettenvertrag mit Wall",
        "berlin_modelltyp": "Berliner Toilette 1 Platz mit 2 Pissoirs",
        "berlin_symbol": "WC",
        "berlin_nutzungsentgelt_raw": 0,
        "berlin_zahlungsart": null,
        "berlin_barrierefrei_raw": "ja",
        "berlin_barrierearm_raw": "ja",
        "berlin_wickeltisch_raw": "nein"
      }
    },
    {
      "type": "Feature",
      "geometry": {
        "type": "Point",
        "coordinates": [
          13.54735,
          52.50095304
        ]
      },
      "properties": {
        "facility_id": "atm-toilet-121",
        "name": "Debenzer Str. ggü. 36 vor Beruner Str. (Biesdorfer Baggersee)",
        "geometry_type": "Point",
        "address": "Debenzer Str. ggü. 36 vor Beruner Str. (Biesdorfer Baggersee)",
        "operator": "Wall GmbH",
        "access": "public",
        "fee": "no",
        "payment_method": null,
        "opening_hours": "24h",
        "wheelchair": "yes",
        "changing_table": "yes",
        "toilet_type": "standalone",
        "gender_access": "unknown",
        "indoor": "no",
        "covered": "unknown",
        "drinking_water": "unknown",
        "supervised": "unknown",
        "maintenance_status": "operational",
        "source": "berlin_open_data_wfs",
        "source_id": "145",
        "source_url": "https://daten.berlin.de/datensaetze/offentliche-toiletten-wfs-ad2c0c24",
        "source_timestamp": "2025-07-17",
        "download_date": "2026-05-31",
        "license": "dl-de-zero-2.0",
        "last_verified": "2026-05-31",
        "berlin_feature_id": "toiletten.145",
        "berlin_bezirk": "Marzahn-Hellersdorf",
        "berlin_vertrag": "Toilettenvertrag mit Wall",
        "berlin_modelltyp": "Berliner Toilette 1 Platz mit 2 Pissoirs",
        "berlin_symbol": "WC",
        "berlin_nutzungsentgelt_raw": 0,
        "berlin_zahlungsart": null,
        "berlin_barrierefrei_raw": "ja",
        "berlin_barrierearm_raw": "ja",
        "berlin_wickeltisch_raw": "ja"
      }
    },
    {
      "type": "Feature",
      "geometry": {
        "type": "Point",
        "coordinates": [
          13.34281826,
          52.45068363
        ]
      },
      "properties": {
        "facility_id": "atm-toilet-122",
        "name": "Steglitzer Damm vor 39/39a hinter Immenweg",
        "geometry_type": "Point",
        "address": "Steglitzer Damm vor 39/39a hinter Immenweg",
        "operator": "Wall GmbH",
        "access": "public",
        "fee": "yes",
        "payment_method": "Karte/App/Paypal/BVG-Guthabenkarte",
        "opening_hours": "24h",
        "wheelchair": "yes",
        "changing_table": "no",
        "toilet_type": "standalone",
        "gender_access": "unknown",
        "indoor": "no",
        "covered": "unknown",
        "drinking_water": "unknown",
        "supervised": "unknown",
        "maintenance_status": "operational",
        "source": "berlin_open_data_wfs",
        "source_id": "146",
        "source_url": "https://daten.berlin.de/datensaetze/offentliche-toiletten-wfs-ad2c0c24",
        "source_timestamp": "2025-07-17",
        "download_date": "2026-05-31",
        "license": "dl-de-zero-2.0",
        "last_verified": "2026-05-31",
        "berlin_feature_id": "toiletten.146",
        "berlin_bezirk": "Steglitz-Zehlendorf",
        "berlin_vertrag": "Toilettenvertrag mit Wall",
        "berlin_modelltyp": "Berliner Toilette mit 1 Platz",
        "berlin_symbol": "WC",
        "berlin_nutzungsentgelt_raw": 0.5,
        "berlin_zahlungsart": "Karte/App/Paypal/BVG-Guthabenkarte",
        "berlin_barrierefrei_raw": "ja",
        "berlin_barrierearm_raw": "ja",
        "berlin_wickeltisch_raw": "nein"
      }
    },
    {
      "type": "Feature",
      "geometry": {
        "type": "Point",
        "coordinates": [
          13.377623,
          52.46396504
        ]
      },
      "properties": {
        "facility_id": "atm-toilet-123",
        "name": "Bosepark, Manteuffelstr. ggü. 9 hinter Bosestr.",
        "geometry_type": "Point",
        "address": "Bosepark, Manteuffelstr. ggü. 9 hinter Bosestr.",
        "operator": "Wall GmbH",
        "access": "public",
        "fee": "no",
        "payment_method": null,
        "opening_hours": "24h",
        "wheelchair": "yes",
        "changing_table": "yes",
        "toilet_type": "standalone",
        "gender_access": "unknown",
        "indoor": "no",
        "covered": "unknown",
        "drinking_water": "unknown",
        "supervised": "unknown",
        "maintenance_status": "operational",
        "source": "berlin_open_data_wfs",
        "source_id": "147",
        "source_url": "https://daten.berlin.de/datensaetze/offentliche-toiletten-wfs-ad2c0c24",
        "source_timestamp": "2025-07-17",
        "download_date": "2026-05-31",
        "license": "dl-de-zero-2.0",
        "last_verified": "2026-05-31",
        "berlin_feature_id": "toiletten.147",
        "berlin_bezirk": "Tempelhof-Schöneberg",
        "berlin_vertrag": "Toilettenvertrag mit Wall",
        "berlin_modelltyp": "Berliner Toilette 1 Platz mit 2 Pissoirs",
        "berlin_symbol": "WC",
        "berlin_nutzungsentgelt_raw": 0,
        "berlin_zahlungsart": null,
        "berlin_barrierefrei_raw": "ja",
        "berlin_barrierearm_raw": "ja",
        "berlin_wickeltisch_raw": "ja"
      }
    },
    {
      "type": "Feature",
      "geometry": {
        "type": "Point",
        "coordinates": [
          13.37816284,
          52.52895761
        ]
      },
      "properties": {
        "facility_id": "atm-toilet-124",
        "name": "Invalidenstr. ggü. 44 am Platz vor dem Neuen Tor",
        "geometry_type": "Point",
        "address": "Invalidenstr. ggü. 44 am Platz vor dem Neuen Tor",
        "operator": "Wall GmbH",
        "access": "public",
        "fee": "no",
        "payment_method": null,
        "opening_hours": "24h",
        "wheelchair": "yes",
        "changing_table": "no",
        "toilet_type": "standalone",
        "gender_access": "unknown",
        "indoor": "no",
        "covered": "unknown",
        "drinking_water": "unknown",
        "supervised": "unknown",
        "maintenance_status": "operational",
        "source": "berlin_open_data_wfs",
        "source_id": "148",
        "source_url": "https://daten.berlin.de/datensaetze/offentliche-toiletten-wfs-ad2c0c24",
        "source_timestamp": "2025-07-17",
        "download_date": "2026-05-31",
        "license": "dl-de-zero-2.0",
        "last_verified": "2026-05-31",
        "berlin_feature_id": "toiletten.148",
        "berlin_bezirk": "Mitte",
        "berlin_vertrag": "Toilettenvertrag mit Wall",
        "berlin_modelltyp": "Berliner Toilette 1 Platz mit 2 Pissoirs",
        "berlin_symbol": "WC",
        "berlin_nutzungsentgelt_raw": 0,
        "berlin_zahlungsart": null,
        "berlin_barrierefrei_raw": "ja",
        "berlin_barrierearm_raw": "ja",
        "berlin_wickeltisch_raw": "nein"
      }
    },
    {
      "type": "Feature",
      "geometry": {
        "type": "Point",
        "coordinates": [
          13.48851,
          52.61763504
        ]
      },
      "properties": {
        "facility_id": "atm-toilet-125",
        "name": "Achillesstr. ggü. 59 hinter Bucher Chaussee",
        "geometry_type": "Point",
        "address": "Achillesstr. ggü. 59 hinter Bucher Chaussee",
        "operator": "Wall GmbH",
        "access": "public",
        "fee": "yes",
        "payment_method": "Karte/App/Paypal/BVG-Guthabenkarte",
        "opening_hours": "24h",
        "wheelchair": "yes",
        "changing_table": "no",
        "toilet_type": "standalone",
        "gender_access": "unknown",
        "indoor": "no",
        "covered": "unknown",
        "drinking_water": "unknown",
        "supervised": "unknown",
        "maintenance_status": "operational",
        "source": "berlin_open_data_wfs",
        "source_id": "149",
        "source_url": "https://daten.berlin.de/datensaetze/offentliche-toiletten-wfs-ad2c0c24",
        "source_timestamp": "2025-07-17",
        "download_date": "2026-05-31",
        "license": "dl-de-zero-2.0",
        "last_verified": "2026-05-31",
        "berlin_feature_id": "toiletten.149",
        "berlin_bezirk": "Pankow",
        "berlin_vertrag": "Toilettenvertrag mit Wall",
        "berlin_modelltyp": "Berliner Toilette mit 1 Platz",
        "berlin_symbol": "WC",
        "berlin_nutzungsentgelt_raw": 0.5,
        "berlin_zahlungsart": "Karte/App/Paypal/BVG-Guthabenkarte",
        "berlin_barrierefrei_raw": "ja",
        "berlin_barrierearm_raw": "ja",
        "berlin_wickeltisch_raw": "nein"
      }
    },
    {
      "type": "Feature",
      "geometry": {
        "type": "Point",
        "coordinates": [
          13.37599736,
          52.45591143
        ]
      },
      "properties": {
        "facility_id": "atm-toilet-126",
        "name": "Attilaplatz, Attilastr. ggü. 176 vor Manteuffelstr.",
        "geometry_type": "Point",
        "address": "Attilaplatz, Attilastr. ggü. 176 vor Manteuffelstr.",
        "operator": "Wall GmbH",
        "access": "public",
        "fee": "yes",
        "payment_method": "Karte/App/Paypal/BVG-Guthabenkarte",
        "opening_hours": "24h",
        "wheelchair": "yes",
        "changing_table": "no",
        "toilet_type": "standalone",
        "gender_access": "unknown",
        "indoor": "no",
        "covered": "unknown",
        "drinking_water": "unknown",
        "supervised": "unknown",
        "maintenance_status": "operational",
        "source": "berlin_open_data_wfs",
        "source_id": "150",
        "source_url": "https://daten.berlin.de/datensaetze/offentliche-toiletten-wfs-ad2c0c24",
        "source_timestamp": "2025-07-17",
        "download_date": "2026-05-31",
        "license": "dl-de-zero-2.0",
        "last_verified": "2026-05-31",
        "berlin_feature_id": "toiletten.150",
        "berlin_bezirk": "Tempelhof-Schöneberg",
        "berlin_vertrag": "Toilettenvertrag mit Wall",
        "berlin_modelltyp": "Berliner Toilette mit 1 Platz",
        "berlin_symbol": "WC",
        "berlin_nutzungsentgelt_raw": 0.5,
        "berlin_zahlungsart": "Karte/App/Paypal/BVG-Guthabenkarte",
        "berlin_barrierefrei_raw": "ja",
        "berlin_barrierearm_raw": "ja",
        "berlin_wickeltisch_raw": "nein"
      }
    },
    {
      "type": "Feature",
      "geometry": {
        "type": "Point",
        "coordinates": [
          13.51389091,
          52.46463712
        ]
      },
      "properties": {
        "facility_id": "atm-toilet-127",
        "name": "Griechische Allee 2 Mittelinsel hinter Edisonstr.",
        "geometry_type": "Point",
        "address": "Griechische Allee 2 Mittelinsel hinter Edisonstr.",
        "operator": "Wall GmbH",
        "access": "public",
        "fee": "yes",
        "payment_method": "Karte/App/Paypal/BVG-Guthabenkarte",
        "opening_hours": "24h",
        "wheelchair": "yes",
        "changing_table": "no",
        "toilet_type": "standalone",
        "gender_access": "unknown",
        "indoor": "no",
        "covered": "unknown",
        "drinking_water": "unknown",
        "supervised": "unknown",
        "maintenance_status": "operational",
        "source": "berlin_open_data_wfs",
        "source_id": "152",
        "source_url": "https://daten.berlin.de/datensaetze/offentliche-toiletten-wfs-ad2c0c24",
        "source_timestamp": "2025-07-17",
        "download_date": "2026-05-31",
        "license": "dl-de-zero-2.0",
        "last_verified": "2026-05-31",
        "berlin_feature_id": "toiletten.152",
        "berlin_bezirk": "Treptow-Köpenick",
        "berlin_vertrag": "Toilettenvertrag mit Wall",
        "berlin_modelltyp": "Berliner Toilette mit 1 Platz",
        "berlin_symbol": "WC",
        "berlin_nutzungsentgelt_raw": 0.5,
        "berlin_zahlungsart": "Karte/App/Paypal/BVG-Guthabenkarte",
        "berlin_barrierefrei_raw": "ja",
        "berlin_barrierearm_raw": "ja",
        "berlin_wickeltisch_raw": "nein"
      }
    },
    {
      "type": "Feature",
      "geometry": {
        "type": "Point",
        "coordinates": [
          13.43685584,
          52.4661677
        ]
      },
      "properties": {
        "facility_id": "atm-toilet-128",
        "name": "Kranoldplatz, Bendastr. ggü. Kranoldstr.",
        "geometry_type": "Point",
        "address": "Kranoldplatz, Bendastr. ggü. Kranoldstr.",
        "operator": "Wall GmbH",
        "access": "public",
        "fee": "no",
        "payment_method": null,
        "opening_hours": "24h",
        "wheelchair": "yes",
        "changing_table": "no",
        "toilet_type": "standalone",
        "gender_access": "unknown",
        "indoor": "no",
        "covered": "unknown",
        "drinking_water": "unknown",
        "supervised": "unknown",
        "maintenance_status": "operational",
        "source": "berlin_open_data_wfs",
        "source_id": "153",
        "source_url": "https://daten.berlin.de/datensaetze/offentliche-toiletten-wfs-ad2c0c24",
        "source_timestamp": "2025-07-17",
        "download_date": "2026-05-31",
        "license": "dl-de-zero-2.0",
        "last_verified": "2026-05-31",
        "berlin_feature_id": "toiletten.153",
        "berlin_bezirk": "Neukölln",
        "berlin_vertrag": "Toilettenvertrag mit Wall",
        "berlin_modelltyp": "Berliner Toilette 1 Platz mit 2 Pissoirs",
        "berlin_symbol": "WC",
        "berlin_nutzungsentgelt_raw": 0,
        "berlin_zahlungsart": null,
        "berlin_barrierefrei_raw": "ja",
        "berlin_barrierearm_raw": "ja",
        "berlin_wickeltisch_raw": "nein"
      }
    },
    {
      "type": "Feature",
      "geometry": {
        "type": "Point",
        "coordinates": [
          13.45114979,
          52.48906468
        ]
      },
      "properties": {
        "facility_id": "atm-toilet-129",
        "name": "Plesser Str. 7 vor Karl-Kunger-Str.",
        "geometry_type": "Point",
        "address": "Plesser Str. 7 vor Karl-Kunger-Str.",
        "operator": "Wall GmbH",
        "access": "public",
        "fee": "yes",
        "payment_method": "Karte/App/Paypal/BVG-Guthabenkarte",
        "opening_hours": "24h",
        "wheelchair": "yes",
        "changing_table": "no",
        "toilet_type": "standalone",
        "gender_access": "unknown",
        "indoor": "no",
        "covered": "unknown",
        "drinking_water": "unknown",
        "supervised": "unknown",
        "maintenance_status": "operational",
        "source": "berlin_open_data_wfs",
        "source_id": "154",
        "source_url": "https://daten.berlin.de/datensaetze/offentliche-toiletten-wfs-ad2c0c24",
        "source_timestamp": "2025-07-17",
        "download_date": "2026-05-31",
        "license": "dl-de-zero-2.0",
        "last_verified": "2026-05-31",
        "berlin_feature_id": "toiletten.154",
        "berlin_bezirk": "Treptow-Köpenick",
        "berlin_vertrag": "Toilettenvertrag mit Wall",
        "berlin_modelltyp": "Berliner Toilette mit 1 Platz",
        "berlin_symbol": "WC",
        "berlin_nutzungsentgelt_raw": 0.5,
        "berlin_zahlungsart": "Karte/App/Paypal/BVG-Guthabenkarte",
        "berlin_barrierefrei_raw": "ja",
        "berlin_barrierearm_raw": "ja",
        "berlin_wickeltisch_raw": "nein"
      }
    },
    {
      "type": "Feature",
      "geometry": {
        "type": "Point",
        "coordinates": [
          13.59157784,
          52.52941866
        ]
      },
      "properties": {
        "facility_id": "atm-toilet-130",
        "name": "U-Bhf. Kienberg, Neue Grottkauer Str. hinter Etkar-Andre-Str.",
        "geometry_type": "Point",
        "address": "U-Bhf. Kienberg, Neue Grottkauer Str. hinter Etkar-Andre-Str.",
        "operator": "Wall GmbH",
        "access": "public",
        "fee": "yes",
        "payment_method": "Karte/App/Paypal/BVG-Guthabenkarte",
        "opening_hours": "24h",
        "wheelchair": "yes",
        "changing_table": "yes",
        "toilet_type": "standalone",
        "gender_access": "unknown",
        "indoor": "no",
        "covered": "unknown",
        "drinking_water": "unknown",
        "supervised": "unknown",
        "maintenance_status": "operational",
        "source": "berlin_open_data_wfs",
        "source_id": "156",
        "source_url": "https://daten.berlin.de/datensaetze/offentliche-toiletten-wfs-ad2c0c24",
        "source_timestamp": "2025-07-17",
        "download_date": "2026-05-31",
        "license": "dl-de-zero-2.0",
        "last_verified": "2026-05-31",
        "berlin_feature_id": "toiletten.156",
        "berlin_bezirk": "Marzahn-Hellersdorf",
        "berlin_vertrag": "Toilettenvertrag mit Wall",
        "berlin_modelltyp": "Berliner Toilette mit 1 Platz",
        "berlin_symbol": "WC",
        "berlin_nutzungsentgelt_raw": 0.5,
        "berlin_zahlungsart": "Karte/App/Paypal/BVG-Guthabenkarte",
        "berlin_barrierefrei_raw": "ja",
        "berlin_barrierearm_raw": "ja",
        "berlin_wickeltisch_raw": "ja"
      }
    },
    {
      "type": "Feature",
      "geometry": {
        "type": "Point",
        "coordinates": [
          13.3483289,
          52.55611133
        ]
      },
      "properties": {
        "facility_id": "atm-toilet-131",
        "name": "Edinburger Str. 38 vor Barfusstr. staw. (Schillerpark)",
        "geometry_type": "Point",
        "address": "Edinburger Str. 38 vor Barfusstr. staw. (Schillerpark)",
        "operator": "Wall GmbH",
        "access": "public",
        "fee": "no",
        "payment_method": null,
        "opening_hours": "24h",
        "wheelchair": "yes",
        "changing_table": "yes",
        "toilet_type": "standalone",
        "gender_access": "unknown",
        "indoor": "no",
        "covered": "unknown",
        "drinking_water": "unknown",
        "supervised": "unknown",
        "maintenance_status": "operational",
        "source": "berlin_open_data_wfs",
        "source_id": "159",
        "source_url": "https://daten.berlin.de/datensaetze/offentliche-toiletten-wfs-ad2c0c24",
        "source_timestamp": "2025-07-17",
        "download_date": "2026-05-31",
        "license": "dl-de-zero-2.0",
        "last_verified": "2026-05-31",
        "berlin_feature_id": "toiletten.159",
        "berlin_bezirk": "Mitte",
        "berlin_vertrag": "Toilettenvertrag mit Wall",
        "berlin_modelltyp": "Berliner Toilette 1 Platz mit 2 Pissoirs",
        "berlin_symbol": "WC",
        "berlin_nutzungsentgelt_raw": 0,
        "berlin_zahlungsart": null,
        "berlin_barrierefrei_raw": "ja",
        "berlin_barrierearm_raw": "ja",
        "berlin_wickeltisch_raw": "ja"
      }
    },
    {
      "type": "Feature",
      "geometry": {
        "type": "Point",
        "coordinates": [
          13.53926,
          52.43443004
        ]
      },
      "properties": {
        "facility_id": "atm-toilet-132",
        "name": "S-Bhf. Adlershof, Rudower Chaussee 1 - 3 hinter Franz-Ehrlich-Str.",
        "geometry_type": "Point",
        "address": "S-Bhf. Adlershof, Rudower Chaussee 1 - 3 hinter Franz-Ehrlich-Str.",
        "operator": "Wall GmbH",
        "access": "public",
        "fee": "yes",
        "payment_method": "Karte/App/Paypal/BVG-Guthabenkarte",
        "opening_hours": "24h",
        "wheelchair": "yes",
        "changing_table": "no",
        "toilet_type": "standalone",
        "gender_access": "unknown",
        "indoor": "no",
        "covered": "unknown",
        "drinking_water": "unknown",
        "supervised": "unknown",
        "maintenance_status": "operational",
        "source": "berlin_open_data_wfs",
        "source_id": "160",
        "source_url": "https://daten.berlin.de/datensaetze/offentliche-toiletten-wfs-ad2c0c24",
        "source_timestamp": "2025-07-17",
        "download_date": "2026-05-31",
        "license": "dl-de-zero-2.0",
        "last_verified": "2026-05-31",
        "berlin_feature_id": "toiletten.160",
        "berlin_bezirk": "Treptow-Köpenick",
        "berlin_vertrag": "Toilettenvertrag mit Wall",
        "berlin_modelltyp": "Berliner Toilette mit 1 Platz",
        "berlin_symbol": "WC",
        "berlin_nutzungsentgelt_raw": 0.5,
        "berlin_zahlungsart": "Karte/App/Paypal/BVG-Guthabenkarte",
        "berlin_barrierefrei_raw": "ja",
        "berlin_barrierearm_raw": "ja",
        "berlin_wickeltisch_raw": "nein"
      }
    },
    {
      "type": "Feature",
      "geometry": {
        "type": "Point",
        "coordinates": [
          13.55491781,
          52.51342024
        ]
      },
      "properties": {
        "facility_id": "atm-toilet-133",
        "name": "S-Bhf. Biesdorf, Wuhlgartenweg hinter Oberfeldstr.",
        "geometry_type": "Point",
        "address": "S-Bhf. Biesdorf, Wuhlgartenweg hinter Oberfeldstr.",
        "operator": "Wall GmbH",
        "access": "public",
        "fee": "yes",
        "payment_method": "Karte/App/Paypal/BVG-Guthabenkarte",
        "opening_hours": "24h",
        "wheelchair": "yes",
        "changing_table": "no",
        "toilet_type": "standalone",
        "gender_access": "unknown",
        "indoor": "no",
        "covered": "unknown",
        "drinking_water": "unknown",
        "supervised": "unknown",
        "maintenance_status": "operational",
        "source": "berlin_open_data_wfs",
        "source_id": "161",
        "source_url": "https://daten.berlin.de/datensaetze/offentliche-toiletten-wfs-ad2c0c24",
        "source_timestamp": "2025-07-17",
        "download_date": "2026-05-31",
        "license": "dl-de-zero-2.0",
        "last_verified": "2026-05-31",
        "berlin_feature_id": "toiletten.161",
        "berlin_bezirk": "Marzahn-Hellersdorf",
        "berlin_vertrag": "Toilettenvertrag mit Wall",
        "berlin_modelltyp": "Berliner Toilette mit 1 Platz",
        "berlin_symbol": "WC",
        "berlin_nutzungsentgelt_raw": 0.5,
        "berlin_zahlungsart": "Karte/App/Paypal/BVG-Guthabenkarte",
        "berlin_barrierefrei_raw": "ja",
        "berlin_barrierearm_raw": "ja",
        "berlin_wickeltisch_raw": "nein"
      }
    },
    {
      "type": "Feature",
      "geometry": {
        "type": "Point",
        "coordinates": [
          13.24082699,
          52.51219569
        ]
      },
      "properties": {
        "facility_id": "atm-toilet-134",
        "name": "Olympiastadion, Trakehner Allee hinter ggü. 7 vor Coubertinplatz",
        "geometry_type": "Point",
        "address": "Olympiastadion, Trakehner Allee hinter ggü. 7 vor Coubertinplatz",
        "operator": "Wall GmbH",
        "access": "public",
        "fee": "yes",
        "payment_method": "Karte/App/Paypal/BVG-Guthabenkarte",
        "opening_hours": "24h",
        "wheelchair": "yes",
        "changing_table": "no",
        "toilet_type": "standalone",
        "gender_access": "unknown",
        "indoor": "no",
        "covered": "unknown",
        "drinking_water": "unknown",
        "supervised": "unknown",
        "maintenance_status": "operational",
        "source": "berlin_open_data_wfs",
        "source_id": "162",
        "source_url": "https://daten.berlin.de/datensaetze/offentliche-toiletten-wfs-ad2c0c24",
        "source_timestamp": "2025-07-17",
        "download_date": "2026-05-31",
        "license": "dl-de-zero-2.0",
        "last_verified": "2026-05-31",
        "berlin_feature_id": "toiletten.162",
        "berlin_bezirk": "Charlottenburg-Wilmersdorf",
        "berlin_vertrag": "Toilettenvertrag mit Wall",
        "berlin_modelltyp": "Berliner Toilette mit 2 Plätzen",
        "berlin_symbol": "WC",
        "berlin_nutzungsentgelt_raw": 0.5,
        "berlin_zahlungsart": "Karte/App/Paypal/BVG-Guthabenkarte",
        "berlin_barrierefrei_raw": "ja",
        "berlin_barrierearm_raw": "ja",
        "berlin_wickeltisch_raw": "nein"
      }
    },
    {
      "type": "Feature",
      "geometry": {
        "type": "Point",
        "coordinates": [
          13.64932986,
          52.37581704
        ]
      },
      "properties": {
        "facility_id": "atm-toilet-135",
        "name": "Wernsdorfer Str. ggü. 1 hinter Alt-Schmöckwitz",
        "geometry_type": "Point",
        "address": "Wernsdorfer Str. ggü. 1 hinter Alt-Schmöckwitz",
        "operator": "Wall GmbH",
        "access": "public",
        "fee": "yes",
        "payment_method": "Karte/App/Paypal/BVG-Guthabenkarte",
        "opening_hours": "24h",
        "wheelchair": "yes",
        "changing_table": "no",
        "toilet_type": "standalone",
        "gender_access": "unknown",
        "indoor": "no",
        "covered": "unknown",
        "drinking_water": "unknown",
        "supervised": "unknown",
        "maintenance_status": "operational",
        "source": "berlin_open_data_wfs",
        "source_id": "163",
        "source_url": "https://daten.berlin.de/datensaetze/offentliche-toiletten-wfs-ad2c0c24",
        "source_timestamp": "2025-07-17",
        "download_date": "2026-05-31",
        "license": "dl-de-zero-2.0",
        "last_verified": "2026-05-31",
        "berlin_feature_id": "toiletten.163",
        "berlin_bezirk": "Treptow-Köpenick",
        "berlin_vertrag": "Toilettenvertrag mit Wall",
        "berlin_modelltyp": "Berliner Toilette mit 1 Platz",
        "berlin_symbol": "WC",
        "berlin_nutzungsentgelt_raw": 0.5,
        "berlin_zahlungsart": "Karte/App/Paypal/BVG-Guthabenkarte",
        "berlin_barrierefrei_raw": "ja",
        "berlin_barrierearm_raw": "ja",
        "berlin_wickeltisch_raw": "nein"
      }
    },
    {
      "type": "Feature",
      "geometry": {
        "type": "Point",
        "coordinates": [
          13.34910572,
          52.4585531
        ]
      },
      "properties": {
        "facility_id": "atm-toilet-136",
        "name": "Munsterdamm vor Prellerweg",
        "geometry_type": "Point",
        "address": "Munsterdamm vor Prellerweg",
        "operator": "Wall GmbH",
        "access": "public",
        "fee": "yes",
        "payment_method": "Karte/App/Paypal/BVG-Guthabenkarte",
        "opening_hours": "24h",
        "wheelchair": "yes",
        "changing_table": "no",
        "toilet_type": "standalone",
        "gender_access": "unknown",
        "indoor": "no",
        "covered": "unknown",
        "drinking_water": "unknown",
        "supervised": "unknown",
        "maintenance_status": "operational",
        "source": "berlin_open_data_wfs",
        "source_id": "164",
        "source_url": "https://daten.berlin.de/datensaetze/offentliche-toiletten-wfs-ad2c0c24",
        "source_timestamp": "2025-07-17",
        "download_date": "2026-05-31",
        "license": "dl-de-zero-2.0",
        "last_verified": "2026-05-31",
        "berlin_feature_id": "toiletten.164",
        "berlin_bezirk": "Tempelhof-Schöneberg",
        "berlin_vertrag": "Toilettenvertrag mit Wall",
        "berlin_modelltyp": "Berliner Toilette mit 1 Platz",
        "berlin_symbol": "WC",
        "berlin_nutzungsentgelt_raw": 0.5,
        "berlin_zahlungsart": "Karte/App/Paypal/BVG-Guthabenkarte",
        "berlin_barrierefrei_raw": "ja",
        "berlin_barrierearm_raw": "ja",
        "berlin_wickeltisch_raw": "nein"
      }
    },
    {
      "type": "Feature",
      "geometry": {
        "type": "Point",
        "coordinates": [
          13.47958581,
          52.51899963
        ]
      },
      "properties": {
        "facility_id": "atm-toilet-137",
        "name": "Möllendorffstr. hinter Kielblockstr.",
        "geometry_type": "Point",
        "address": "Möllendorffstr. hinter Kielblockstr.",
        "operator": "Wall GmbH",
        "access": "public",
        "fee": "no",
        "payment_method": null,
        "opening_hours": "24h",
        "wheelchair": "yes",
        "changing_table": "yes",
        "toilet_type": "standalone",
        "gender_access": "unknown",
        "indoor": "no",
        "covered": "unknown",
        "drinking_water": "unknown",
        "supervised": "unknown",
        "maintenance_status": "operational",
        "source": "berlin_open_data_wfs",
        "source_id": "165",
        "source_url": "https://daten.berlin.de/datensaetze/offentliche-toiletten-wfs-ad2c0c24",
        "source_timestamp": "2025-07-17",
        "download_date": "2026-05-31",
        "license": "dl-de-zero-2.0",
        "last_verified": "2026-05-31",
        "berlin_feature_id": "toiletten.165",
        "berlin_bezirk": "Lichtenberg",
        "berlin_vertrag": "Toilettenvertrag mit Wall",
        "berlin_modelltyp": "Berliner Toilette 1 Platz mit 2 Pissoirs",
        "berlin_symbol": "WC",
        "berlin_nutzungsentgelt_raw": 0,
        "berlin_zahlungsart": null,
        "berlin_barrierefrei_raw": "ja",
        "berlin_barrierearm_raw": "ja",
        "berlin_wickeltisch_raw": "ja"
      }
    },
    {
      "type": "Feature",
      "geometry": {
        "type": "Point",
        "coordinates": [
          13.30931569,
          52.43090193
        ]
      },
      "properties": {
        "facility_id": "atm-toilet-138",
        "name": "Goerzallee 1-3 vor Königsberger Str.",
        "geometry_type": "Point",
        "address": "Goerzallee 1-3 vor Königsberger Str.",
        "operator": "Wall GmbH",
        "access": "public",
        "fee": "yes",
        "payment_method": "Karte/App/Paypal/BVG-Guthabenkarte",
        "opening_hours": "24h",
        "wheelchair": "yes",
        "changing_table": "no",
        "toilet_type": "standalone",
        "gender_access": "unknown",
        "indoor": "no",
        "covered": "unknown",
        "drinking_water": "unknown",
        "supervised": "unknown",
        "maintenance_status": "operational",
        "source": "berlin_open_data_wfs",
        "source_id": "166",
        "source_url": "https://daten.berlin.de/datensaetze/offentliche-toiletten-wfs-ad2c0c24",
        "source_timestamp": "2025-07-17",
        "download_date": "2026-05-31",
        "license": "dl-de-zero-2.0",
        "last_verified": "2026-05-31",
        "berlin_feature_id": "toiletten.166",
        "berlin_bezirk": "Steglitz-Zehlendorf",
        "berlin_vertrag": "Toilettenvertrag mit Wall",
        "berlin_modelltyp": "Berliner Toilette mit 1 Platz",
        "berlin_symbol": "WC",
        "berlin_nutzungsentgelt_raw": 0.5,
        "berlin_zahlungsart": "Karte/App/Paypal/BVG-Guthabenkarte",
        "berlin_barrierefrei_raw": "ja",
        "berlin_barrierearm_raw": "ja",
        "berlin_wickeltisch_raw": "nein"
      }
    },
    {
      "type": "Feature",
      "geometry": {
        "type": "Point",
        "coordinates": [
          13.52667175,
          52.4585929
        ]
      },
      "properties": {
        "facility_id": "atm-toilet-139",
        "name": "Wilhelminenhofstr. 54 hinter Rathenaustr. 1",
        "geometry_type": "Point",
        "address": "Wilhelminenhofstr. 54 hinter Rathenaustr. 1",
        "operator": "Wall GmbH",
        "access": "public",
        "fee": "yes",
        "payment_method": "Karte/App/Paypal/BVG-Guthabenkarte",
        "opening_hours": "24h",
        "wheelchair": "yes",
        "changing_table": "no",
        "toilet_type": "standalone",
        "gender_access": "unknown",
        "indoor": "no",
        "covered": "unknown",
        "drinking_water": "unknown",
        "supervised": "unknown",
        "maintenance_status": "operational",
        "source": "berlin_open_data_wfs",
        "source_id": "167",
        "source_url": "https://daten.berlin.de/datensaetze/offentliche-toiletten-wfs-ad2c0c24",
        "source_timestamp": "2025-07-17",
        "download_date": "2026-05-31",
        "license": "dl-de-zero-2.0",
        "last_verified": "2026-05-31",
        "berlin_feature_id": "toiletten.167",
        "berlin_bezirk": "Treptow-Köpenick",
        "berlin_vertrag": "Toilettenvertrag mit Wall",
        "berlin_modelltyp": "Berliner Toilette mit 1 Platz",
        "berlin_symbol": "WC",
        "berlin_nutzungsentgelt_raw": 0.5,
        "berlin_zahlungsart": "Karte/App/Paypal/BVG-Guthabenkarte",
        "berlin_barrierefrei_raw": "ja",
        "berlin_barrierearm_raw": "ja",
        "berlin_wickeltisch_raw": "nein"
      }
    },
    {
      "type": "Feature",
      "geometry": {
        "type": "Point",
        "coordinates": [
          13.37428942,
          52.50557045
        ]
      },
      "properties": {
        "facility_id": "atm-toilet-140",
        "name": "Linkstr. ggü. 10 vor ggü. Eichhornstr.",
        "geometry_type": "Point",
        "address": "Linkstr. ggü. 10 vor ggü. Eichhornstr.",
        "operator": "Wall GmbH",
        "access": "public",
        "fee": "no",
        "payment_method": null,
        "opening_hours": "24h",
        "wheelchair": "yes",
        "changing_table": "no",
        "toilet_type": "standalone",
        "gender_access": "unknown",
        "indoor": "no",
        "covered": "unknown",
        "drinking_water": "unknown",
        "supervised": "unknown",
        "maintenance_status": "operational",
        "source": "berlin_open_data_wfs",
        "source_id": "168",
        "source_url": "https://daten.berlin.de/datensaetze/offentliche-toiletten-wfs-ad2c0c24",
        "source_timestamp": "2025-07-17",
        "download_date": "2026-05-31",
        "license": "dl-de-zero-2.0",
        "last_verified": "2026-05-31",
        "berlin_feature_id": "toiletten.168",
        "berlin_bezirk": "Mitte",
        "berlin_vertrag": "Toilettenvertrag mit Wall",
        "berlin_modelltyp": "Berliner Toilette 1 Platz mit 2 Pissoirs",
        "berlin_symbol": "WC",
        "berlin_nutzungsentgelt_raw": 0,
        "berlin_zahlungsart": null,
        "berlin_barrierefrei_raw": "ja",
        "berlin_barrierearm_raw": "ja",
        "berlin_wickeltisch_raw": "nein"
      }
    },
    {
      "type": "Feature",
      "geometry": {
        "type": "Point",
        "coordinates": [
          13.72100464,
          52.43908177
        ]
      },
      "properties": {
        "facility_id": "atm-toilet-141",
        "name": "S-Bhf. Wilhelmshagen, Schönblicker Str. vor Erknerstr.",
        "geometry_type": "Point",
        "address": "S-Bhf. Wilhelmshagen, Schönblicker Str. vor Erknerstr.",
        "operator": "Wall GmbH",
        "access": "public",
        "fee": "yes",
        "payment_method": "Karte/App/Paypal/BVG-Guthabenkarte",
        "opening_hours": "24h",
        "wheelchair": "yes",
        "changing_table": "no",
        "toilet_type": "standalone",
        "gender_access": "unknown",
        "indoor": "no",
        "covered": "unknown",
        "drinking_water": "unknown",
        "supervised": "unknown",
        "maintenance_status": "operational",
        "source": "berlin_open_data_wfs",
        "source_id": "169",
        "source_url": "https://daten.berlin.de/datensaetze/offentliche-toiletten-wfs-ad2c0c24",
        "source_timestamp": "2025-07-17",
        "download_date": "2026-05-31",
        "license": "dl-de-zero-2.0",
        "last_verified": "2026-05-31",
        "berlin_feature_id": "toiletten.169",
        "berlin_bezirk": "Treptow-Köpenick",
        "berlin_vertrag": "Toilettenvertrag mit Wall",
        "berlin_modelltyp": "Berliner Toilette mit 1 Platz",
        "berlin_symbol": "WC",
        "berlin_nutzungsentgelt_raw": 0.5,
        "berlin_zahlungsart": "Karte/App/Paypal/BVG-Guthabenkarte",
        "berlin_barrierefrei_raw": "ja",
        "berlin_barrierearm_raw": "ja",
        "berlin_wickeltisch_raw": "nein"
      }
    },
    {
      "type": "Feature",
      "geometry": {
        "type": "Point",
        "coordinates": [
          13.52751847,
          52.41098733
        ]
      },
      "properties": {
        "facility_id": "atm-toilet-142",
        "name": "Schönefelder Chaussee 100 vor ggü. Gerosteig",
        "geometry_type": "Point",
        "address": "Schönefelder Chaussee 100 vor ggü. Gerosteig",
        "operator": "Wall GmbH",
        "access": "public",
        "fee": "yes",
        "payment_method": "Karte/App/Paypal/BVG-Guthabenkarte",
        "opening_hours": "24h",
        "wheelchair": "yes",
        "changing_table": "no",
        "toilet_type": "standalone",
        "gender_access": "unknown",
        "indoor": "no",
        "covered": "unknown",
        "drinking_water": "unknown",
        "supervised": "unknown",
        "maintenance_status": "operational",
        "source": "berlin_open_data_wfs",
        "source_id": "170",
        "source_url": "https://daten.berlin.de/datensaetze/offentliche-toiletten-wfs-ad2c0c24",
        "source_timestamp": "2025-07-17",
        "download_date": "2026-05-31",
        "license": "dl-de-zero-2.0",
        "last_verified": "2026-05-31",
        "berlin_feature_id": "toiletten.170",
        "berlin_bezirk": "Treptow-Köpenick",
        "berlin_vertrag": "Toilettenvertrag mit Wall",
        "berlin_modelltyp": "Berliner Toilette mit 1 Platz",
        "berlin_symbol": "WC",
        "berlin_nutzungsentgelt_raw": 0.5,
        "berlin_zahlungsart": "Karte/App/Paypal/BVG-Guthabenkarte",
        "berlin_barrierefrei_raw": "ja",
        "berlin_barrierearm_raw": "ja",
        "berlin_wickeltisch_raw": "nein"
      }
    },
    {
      "type": "Feature",
      "geometry": {
        "type": "Point",
        "coordinates": [
          13.24402778,
          52.51422226
        ]
      },
      "properties": {
        "facility_id": "atm-toilet-143",
        "name": "Olympiastadion, Gutsmuthsweg vor Olympischer Platz",
        "geometry_type": "Point",
        "address": "Olympiastadion, Gutsmuthsweg vor Olympischer Platz",
        "operator": "Wall GmbH",
        "access": "public",
        "fee": "no",
        "payment_method": null,
        "opening_hours": "bei Veranstaltungen",
        "wheelchair": "no",
        "changing_table": "no",
        "toilet_type": "standalone",
        "gender_access": "unknown",
        "indoor": "no",
        "covered": "unknown",
        "drinking_water": "unknown",
        "supervised": "unknown",
        "maintenance_status": "operational",
        "source": "berlin_open_data_wfs",
        "source_id": "171",
        "source_url": "https://daten.berlin.de/datensaetze/offentliche-toiletten-wfs-ad2c0c24",
        "source_timestamp": "2025-07-17",
        "download_date": "2026-05-31",
        "license": "dl-de-zero-2.0",
        "last_verified": "2026-05-31",
        "berlin_feature_id": "toiletten.171",
        "berlin_bezirk": "Charlottenburg-Wilmersdorf",
        "berlin_vertrag": "Toilettenvertrag mit Wall",
        "berlin_modelltyp": "gemauert",
        "berlin_symbol": "WC (bei Veranstaltungen)",
        "berlin_nutzungsentgelt_raw": 0,
        "berlin_zahlungsart": null,
        "berlin_barrierefrei_raw": "nein",
        "berlin_barrierearm_raw": "nein",
        "berlin_wickeltisch_raw": "nein"
      }
    },
    {
      "type": "Feature",
      "geometry": {
        "type": "Point",
        "coordinates": [
          13.240857,
          52.52550504
        ]
      },
      "properties": {
        "facility_id": "atm-toilet-144",
        "name": "U-Bhf. Ruhleben, Hempelsteig hinter 1 a ggü. Rückseite U-Bhf. Ruhleben",
        "geometry_type": "Point",
        "address": "U-Bhf. Ruhleben, Hempelsteig hinter 1 a ggü. Rückseite U-Bhf. Ruhleben",
        "operator": "Wall GmbH",
        "access": "public",
        "fee": "yes",
        "payment_method": "Karte/App/Paypal/BVG-Guthabenkarte",
        "opening_hours": "24h",
        "wheelchair": "yes",
        "changing_table": "no",
        "toilet_type": "standalone",
        "gender_access": "unknown",
        "indoor": "no",
        "covered": "unknown",
        "drinking_water": "unknown",
        "supervised": "unknown",
        "maintenance_status": "operational",
        "source": "berlin_open_data_wfs",
        "source_id": "172",
        "source_url": "https://daten.berlin.de/datensaetze/offentliche-toiletten-wfs-ad2c0c24",
        "source_timestamp": "2025-07-17",
        "download_date": "2026-05-31",
        "license": "dl-de-zero-2.0",
        "last_verified": "2026-05-31",
        "berlin_feature_id": "toiletten.172",
        "berlin_bezirk": "Charlottenburg-Wilmersdorf",
        "berlin_vertrag": "Toilettenvertrag mit Wall",
        "berlin_modelltyp": "Berliner Toilette mit 1 Platz",
        "berlin_symbol": "WC",
        "berlin_nutzungsentgelt_raw": 0.5,
        "berlin_zahlungsart": "Karte/App/Paypal/BVG-Guthabenkarte",
        "berlin_barrierefrei_raw": "ja",
        "berlin_barrierearm_raw": "ja",
        "berlin_wickeltisch_raw": "nein"
      }
    },
    {
      "type": "Feature",
      "geometry": {
        "type": "Point",
        "coordinates": [
          13.60107193,
          52.535819
        ]
      },
      "properties": {
        "facility_id": "atm-toilet-145",
        "name": "Hellersdorfer Str. 227 hinter Kastanienallee 1",
        "geometry_type": "Point",
        "address": "Hellersdorfer Str. 227 hinter Kastanienallee 1",
        "operator": "Wall GmbH",
        "access": "public",
        "fee": "yes",
        "payment_method": "Karte/App/Paypal/BVG-Guthabenkarte",
        "opening_hours": "24h",
        "wheelchair": "yes",
        "changing_table": "no",
        "toilet_type": "standalone",
        "gender_access": "unknown",
        "indoor": "no",
        "covered": "unknown",
        "drinking_water": "unknown",
        "supervised": "unknown",
        "maintenance_status": "operational",
        "source": "berlin_open_data_wfs",
        "source_id": "173",
        "source_url": "https://daten.berlin.de/datensaetze/offentliche-toiletten-wfs-ad2c0c24",
        "source_timestamp": "2025-07-17",
        "download_date": "2026-05-31",
        "license": "dl-de-zero-2.0",
        "last_verified": "2026-05-31",
        "berlin_feature_id": "toiletten.173",
        "berlin_bezirk": "Marzahn-Hellersdorf",
        "berlin_vertrag": "Toilettenvertrag mit Wall",
        "berlin_modelltyp": "Berliner Toilette mit 1 Platz",
        "berlin_symbol": "WC",
        "berlin_nutzungsentgelt_raw": 0.5,
        "berlin_zahlungsart": "Karte/App/Paypal/BVG-Guthabenkarte",
        "berlin_barrierefrei_raw": "ja",
        "berlin_barrierearm_raw": "ja",
        "berlin_wickeltisch_raw": "nein"
      }
    },
    {
      "type": "Feature",
      "geometry": {
        "type": "Point",
        "coordinates": [
          13.46589437,
          52.55719699
        ]
      },
      "properties": {
        "facility_id": "atm-toilet-146",
        "name": "Rennbahnstr. ggü. 1-2 vor Berliner Allee",
        "geometry_type": "Point",
        "address": "Rennbahnstr. ggü. 1-2 vor Berliner Allee",
        "operator": "Wall GmbH",
        "access": "public",
        "fee": "no",
        "payment_method": null,
        "opening_hours": "24h",
        "wheelchair": "yes",
        "changing_table": "yes",
        "toilet_type": "standalone",
        "gender_access": "unknown",
        "indoor": "no",
        "covered": "unknown",
        "drinking_water": "unknown",
        "supervised": "unknown",
        "maintenance_status": "operational",
        "source": "berlin_open_data_wfs",
        "source_id": "176",
        "source_url": "https://daten.berlin.de/datensaetze/offentliche-toiletten-wfs-ad2c0c24",
        "source_timestamp": "2025-07-17",
        "download_date": "2026-05-31",
        "license": "dl-de-zero-2.0",
        "last_verified": "2026-05-31",
        "berlin_feature_id": "toiletten.176",
        "berlin_bezirk": "Pankow",
        "berlin_vertrag": "Toilettenvertrag mit Wall",
        "berlin_modelltyp": "Berliner Toilette 1 Platz mit 2 Pissoirs",
        "berlin_symbol": "WC",
        "berlin_nutzungsentgelt_raw": 0,
        "berlin_zahlungsart": null,
        "berlin_barrierefrei_raw": "ja",
        "berlin_barrierearm_raw": "ja",
        "berlin_wickeltisch_raw": "ja"
      }
    },
    {
      "type": "Feature",
      "geometry": {
        "type": "Point",
        "coordinates": [
          13.30490027,
          52.41763396
        ]
      },
      "properties": {
        "facility_id": "atm-toilet-147",
        "name": "Ostpreußendamm 83 hinter Wismarer Str.",
        "geometry_type": "Point",
        "address": "Ostpreußendamm 83 hinter Wismarer Str.",
        "operator": "Wall GmbH",
        "access": "public",
        "fee": "yes",
        "payment_method": "Karte/App/Paypal/BVG-Guthabenkarte",
        "opening_hours": "24h",
        "wheelchair": "yes",
        "changing_table": "no",
        "toilet_type": "standalone",
        "gender_access": "unknown",
        "indoor": "no",
        "covered": "unknown",
        "drinking_water": "unknown",
        "supervised": "unknown",
        "maintenance_status": "operational",
        "source": "berlin_open_data_wfs",
        "source_id": "177",
        "source_url": "https://daten.berlin.de/datensaetze/offentliche-toiletten-wfs-ad2c0c24",
        "source_timestamp": "2025-07-17",
        "download_date": "2026-05-31",
        "license": "dl-de-zero-2.0",
        "last_verified": "2026-05-31",
        "berlin_feature_id": "toiletten.177",
        "berlin_bezirk": "Steglitz-Zehlendorf",
        "berlin_vertrag": "Toilettenvertrag mit Wall",
        "berlin_modelltyp": "Berliner Toilette mit 1 Platz",
        "berlin_symbol": "WC",
        "berlin_nutzungsentgelt_raw": 0.5,
        "berlin_zahlungsart": "Karte/App/Paypal/BVG-Guthabenkarte",
        "berlin_barrierefrei_raw": "ja",
        "berlin_barrierearm_raw": "ja",
        "berlin_wickeltisch_raw": "nein"
      }
    },
    {
      "type": "Feature",
      "geometry": {
        "type": "Point",
        "coordinates": [
          13.40641667,
          52.51847226
        ]
      },
      "properties": {
        "facility_id": "atm-toilet-148",
        "name": "WC-Center Rathausstr. Ggü. 17 hinter Spandauer Str.",
        "geometry_type": "Point",
        "address": "WC-Center Rathausstr. Ggü. 17 hinter Spandauer Str.",
        "operator": "Wall GmbH",
        "access": "public",
        "fee": "yes",
        "payment_method": "Bargeld",
        "opening_hours": "9:30-20:00 Uhr",
        "wheelchair": "limited",
        "changing_table": "yes",
        "toilet_type": "building",
        "gender_access": "unknown",
        "indoor": "yes",
        "covered": "unknown",
        "drinking_water": "unknown",
        "supervised": "unknown",
        "maintenance_status": "operational",
        "source": "berlin_open_data_wfs",
        "source_id": "183",
        "source_url": "https://daten.berlin.de/datensaetze/offentliche-toiletten-wfs-ad2c0c24",
        "source_timestamp": "2025-07-17",
        "download_date": "2026-05-31",
        "license": "dl-de-zero-2.0",
        "last_verified": "2026-05-31",
        "berlin_feature_id": "toiletten.183",
        "berlin_bezirk": "Mitte",
        "berlin_vertrag": "Toilettenvertrag mit Wall",
        "berlin_modelltyp": "WC-Center",
        "berlin_symbol": "WC",
        "berlin_nutzungsentgelt_raw": 0.5,
        "berlin_zahlungsart": "Bargeld",
        "berlin_barrierefrei_raw": "nein",
        "berlin_barrierearm_raw": "ja",
        "berlin_wickeltisch_raw": "ja"
      }
    },
    {
      "type": "Feature",
      "geometry": {
        "type": "Point",
        "coordinates": [
          13.46065563,
          52.51069719
        ]
      },
      "properties": {
        "facility_id": "atm-toilet-149",
        "name": "Boxhagener Platz, Gärtnerstr. ggü. 12-13 hinter Grünberger Str.",
        "geometry_type": "Point",
        "address": "Boxhagener Platz, Gärtnerstr. ggü. 12-13 hinter Grünberger Str.",
        "operator": "Wall GmbH",
        "access": "public",
        "fee": "no",
        "payment_method": null,
        "opening_hours": "24h",
        "wheelchair": "no",
        "changing_table": "no",
        "toilet_type": "standalone",
        "gender_access": "unknown",
        "indoor": "no",
        "covered": "unknown",
        "drinking_water": "unknown",
        "supervised": "unknown",
        "maintenance_status": "operational",
        "source": "berlin_open_data_wfs",
        "source_id": "184",
        "source_url": "https://daten.berlin.de/datensaetze/offentliche-toiletten-wfs-ad2c0c24",
        "source_timestamp": "2025-07-17",
        "download_date": "2026-05-31",
        "license": "dl-de-zero-2.0",
        "last_verified": "2026-05-31",
        "berlin_feature_id": "toiletten.184",
        "berlin_bezirk": "Friedrichshain-Kreuzberg",
        "berlin_vertrag": "Toilettenvertrag mit Wall",
        "berlin_modelltyp": "gemauert",
        "berlin_symbol": "WC",
        "berlin_nutzungsentgelt_raw": 0,
        "berlin_zahlungsart": null,
        "berlin_barrierefrei_raw": "nein",
        "berlin_barrierearm_raw": "nein",
        "berlin_wickeltisch_raw": "nein"
      }
    },
    {
      "type": "Feature",
      "geometry": {
        "type": "Point",
        "coordinates": [
          13.44354426,
          52.52926375
        ]
      },
      "properties": {
        "facility_id": "atm-toilet-150",
        "name": "Volkspark Friedrichshain, Neuer Hain hinter Eingang Danziger Str./Paul-Heyse-Str.",
        "geometry_type": "Point",
        "address": "Volkspark Friedrichshain, Neuer Hain hinter Eingang Danziger Str./Paul-Heyse-Str.",
        "operator": "Wall GmbH",
        "access": "public",
        "fee": "no",
        "payment_method": null,
        "opening_hours": "24h",
        "wheelchair": "no",
        "changing_table": "no",
        "toilet_type": "standalone",
        "gender_access": "unknown",
        "indoor": "no",
        "covered": "unknown",
        "drinking_water": "unknown",
        "supervised": "unknown",
        "maintenance_status": "operational",
        "source": "berlin_open_data_wfs",
        "source_id": "186",
        "source_url": "https://daten.berlin.de/datensaetze/offentliche-toiletten-wfs-ad2c0c24",
        "source_timestamp": "2025-07-17",
        "download_date": "2026-05-31",
        "license": "dl-de-zero-2.0",
        "last_verified": "2026-05-31",
        "berlin_feature_id": "toiletten.186",
        "berlin_bezirk": "Friedrichshain-Kreuzberg",
        "berlin_vertrag": "Toilettenvertrag mit Wall",
        "berlin_modelltyp": "gemauert",
        "berlin_symbol": "WC",
        "berlin_nutzungsentgelt_raw": 0,
        "berlin_zahlungsart": null,
        "berlin_barrierefrei_raw": "nein",
        "berlin_barrierearm_raw": "nein",
        "berlin_wickeltisch_raw": "nein"
      }
    },
    {
      "type": "Feature",
      "geometry": {
        "type": "Point",
        "coordinates": [
          13.33611111,
          52.50494448
        ]
      },
      "properties": {
        "facility_id": "atm-toilet-151",
        "name": "WC-Center Breitscheidplatz vor Budapester Str.",
        "geometry_type": "Point",
        "address": "WC-Center Breitscheidplatz vor Budapester Str.",
        "operator": "Wall GmbH",
        "access": "public",
        "fee": "yes",
        "payment_method": "Bargeld",
        "opening_hours": "Mo-Sa 7:00-22:00 Uhr\nSo 10:00-22:00 Uhr",
        "wheelchair": "limited",
        "changing_table": "yes",
        "toilet_type": "building",
        "gender_access": "unknown",
        "indoor": "yes",
        "covered": "unknown",
        "drinking_water": "unknown",
        "supervised": "unknown",
        "maintenance_status": "operational",
        "source": "berlin_open_data_wfs",
        "source_id": "191",
        "source_url": "https://daten.berlin.de/datensaetze/offentliche-toiletten-wfs-ad2c0c24",
        "source_timestamp": "2025-07-17",
        "download_date": "2026-05-31",
        "license": "dl-de-zero-2.0",
        "last_verified": "2026-05-31",
        "berlin_feature_id": "toiletten.191",
        "berlin_bezirk": "Charlottenburg-Wilmersdorf",
        "berlin_vertrag": "Toilettenvertrag mit Wall",
        "berlin_modelltyp": "WC-Center",
        "berlin_symbol": "WC",
        "berlin_nutzungsentgelt_raw": 0.5,
        "berlin_zahlungsart": "Bargeld",
        "berlin_barrierefrei_raw": "nein",
        "berlin_barrierearm_raw": "ja",
        "berlin_wickeltisch_raw": "ja"
      }
    },
    {
      "type": "Feature",
      "geometry": {
        "type": "Point",
        "coordinates": [
          13.34841667,
          52.51423615
        ]
      },
      "properties": {
        "facility_id": "atm-toilet-152",
        "name": "Großer Stern (Haus C) , Str. des 17. Juni vor Großer Stern",
        "geometry_type": "Point",
        "address": "Großer Stern (Haus C) , Str. des 17. Juni vor Großer Stern",
        "operator": "Wall GmbH",
        "access": "public",
        "fee": "no",
        "payment_method": null,
        "opening_hours": "April-Sept. 07:00 -22:00 \nOkt. - März 08:00-20:00",
        "wheelchair": "no",
        "changing_table": "no",
        "toilet_type": "standalone",
        "gender_access": "unknown",
        "indoor": "no",
        "covered": "unknown",
        "drinking_water": "unknown",
        "supervised": "unknown",
        "maintenance_status": "operational",
        "source": "berlin_open_data_wfs",
        "source_id": "192",
        "source_url": "https://daten.berlin.de/datensaetze/offentliche-toiletten-wfs-ad2c0c24",
        "source_timestamp": "2025-07-17",
        "download_date": "2026-05-31",
        "license": "dl-de-zero-2.0",
        "last_verified": "2026-05-31",
        "berlin_feature_id": "toiletten.192",
        "berlin_bezirk": "Mitte",
        "berlin_vertrag": "Toilettenvertrag mit Wall",
        "berlin_modelltyp": "gemauert",
        "berlin_symbol": "WC",
        "berlin_nutzungsentgelt_raw": 0,
        "berlin_zahlungsart": null,
        "berlin_barrierefrei_raw": "nein",
        "berlin_barrierearm_raw": "nein",
        "berlin_wickeltisch_raw": "nein"
      }
    },
    {
      "type": "Feature",
      "geometry": {
        "type": "Point",
        "coordinates": [
          13.33086111,
          52.50333337
        ]
      },
      "properties": {
        "facility_id": "atm-toilet-153",
        "name": "WC-Center Joachimsthaler Platz, Kurfürstendamm 226 vor Joachimsthaler Str.",
        "geometry_type": "Point",
        "address": "WC-Center Joachimsthaler Platz, Kurfürstendamm 226 vor Joachimsthaler Str.",
        "operator": "Wall GmbH",
        "access": "public",
        "fee": "yes",
        "payment_method": "Bargeld",
        "opening_hours": "Mo-Sa 07:00-22:00\nSo 10:00-22:00",
        "wheelchair": "no",
        "changing_table": "yes",
        "toilet_type": "building",
        "gender_access": "unknown",
        "indoor": "yes",
        "covered": "unknown",
        "drinking_water": "unknown",
        "supervised": "unknown",
        "maintenance_status": "operational",
        "source": "berlin_open_data_wfs",
        "source_id": "198",
        "source_url": "https://daten.berlin.de/datensaetze/offentliche-toiletten-wfs-ad2c0c24",
        "source_timestamp": "2025-07-17",
        "download_date": "2026-05-31",
        "license": "dl-de-zero-2.0",
        "last_verified": "2026-05-31",
        "berlin_feature_id": "toiletten.198",
        "berlin_bezirk": "Charlottenburg-Wilmersdorf",
        "berlin_vertrag": "Toilettenvertrag mit Wall",
        "berlin_modelltyp": "WC-Center",
        "berlin_symbol": "WC",
        "berlin_nutzungsentgelt_raw": 0.5,
        "berlin_zahlungsart": "Bargeld",
        "berlin_barrierefrei_raw": "nein",
        "berlin_barrierearm_raw": "nein",
        "berlin_wickeltisch_raw": "ja"
      }
    },
    {
      "type": "Feature",
      "geometry": {
        "type": "Point",
        "coordinates": [
          13.326417,
          52.48288004
        ]
      },
      "properties": {
        "facility_id": "atm-toilet-154",
        "name": "Volkspark Wilmersdorf , Am Volkspark vor ggü. Livländische Str.",
        "geometry_type": "Point",
        "address": "Volkspark Wilmersdorf , Am Volkspark vor ggü. Livländische Str.",
        "operator": "Wall GmbH",
        "access": "public",
        "fee": "no",
        "payment_method": null,
        "opening_hours": "April-Sept. 07:00 -22:00 \nOkt. - März 08:00-20:00",
        "wheelchair": "no",
        "changing_table": "no",
        "toilet_type": "standalone",
        "gender_access": "unknown",
        "indoor": "no",
        "covered": "unknown",
        "drinking_water": "unknown",
        "supervised": "unknown",
        "maintenance_status": "operational",
        "source": "berlin_open_data_wfs",
        "source_id": "199",
        "source_url": "https://daten.berlin.de/datensaetze/offentliche-toiletten-wfs-ad2c0c24",
        "source_timestamp": "2025-07-17",
        "download_date": "2026-05-31",
        "license": "dl-de-zero-2.0",
        "last_verified": "2026-05-31",
        "berlin_feature_id": "toiletten.199",
        "berlin_bezirk": "Charlottenburg-Wilmersdorf",
        "berlin_vertrag": "Toilettenvertrag mit Wall",
        "berlin_modelltyp": "gemauert",
        "berlin_symbol": "WC",
        "berlin_nutzungsentgelt_raw": 0,
        "berlin_zahlungsart": null,
        "berlin_barrierefrei_raw": "nein",
        "berlin_barrierearm_raw": "nein",
        "berlin_wickeltisch_raw": "nein"
      }
    },
    {
      "type": "Feature",
      "geometry": {
        "type": "Point",
        "coordinates": [
          13.23694025,
          52.51064622
        ]
      },
      "properties": {
        "facility_id": "atm-toilet-155",
        "name": "Olympiastadion, Jesse-Owens-Allee vor ggü. 2 ggü. Eingang Reithalle / Tunnelweg",
        "geometry_type": "Point",
        "address": "Olympiastadion, Jesse-Owens-Allee vor ggü. 2 ggü. Eingang Reithalle / Tunnelweg",
        "operator": "Wall GmbH",
        "access": "public",
        "fee": "no",
        "payment_method": null,
        "opening_hours": "bei Veranstaltungen",
        "wheelchair": "no",
        "changing_table": "no",
        "toilet_type": "pissoir",
        "gender_access": "unknown",
        "indoor": "no",
        "covered": "unknown",
        "drinking_water": "unknown",
        "supervised": "unknown",
        "maintenance_status": "operational",
        "source": "berlin_open_data_wfs",
        "source_id": "200",
        "source_url": "https://daten.berlin.de/datensaetze/offentliche-toiletten-wfs-ad2c0c24",
        "source_timestamp": "2025-07-17",
        "download_date": "2026-05-31",
        "license": "dl-de-zero-2.0",
        "last_verified": "2026-05-31",
        "berlin_feature_id": "toiletten.200",
        "berlin_bezirk": "Charlottenburg-Wilmersdorf",
        "berlin_vertrag": "Toilettenvertrag mit Wall",
        "berlin_modelltyp": "Pissoir",
        "berlin_symbol": "Pissoir",
        "berlin_nutzungsentgelt_raw": 0,
        "berlin_zahlungsart": null,
        "berlin_barrierefrei_raw": "nein",
        "berlin_barrierearm_raw": "nein",
        "berlin_wickeltisch_raw": "nein"
      }
    },
    {
      "type": "Feature",
      "geometry": {
        "type": "Point",
        "coordinates": [
          13.24435372,
          52.51559749
        ]
      },
      "properties": {
        "facility_id": "atm-toilet-156",
        "name": "Olympiastadion, Olympischer Platz 6 vor Gutsmuthsweg (Eingang Hockey-Stadion)",
        "geometry_type": "Point",
        "address": "Olympiastadion, Olympischer Platz 6 vor Gutsmuthsweg (Eingang Hockey-Stadion)",
        "operator": "Wall GmbH",
        "access": "public",
        "fee": "yes",
        "payment_method": "Karte/App/Paypal/BVG-Guthabenkarte",
        "opening_hours": "24h",
        "wheelchair": "yes",
        "changing_table": "no",
        "toilet_type": "standalone",
        "gender_access": "unknown",
        "indoor": "no",
        "covered": "unknown",
        "drinking_water": "unknown",
        "supervised": "unknown",
        "maintenance_status": "operational",
        "source": "berlin_open_data_wfs",
        "source_id": "202",
        "source_url": "https://daten.berlin.de/datensaetze/offentliche-toiletten-wfs-ad2c0c24",
        "source_timestamp": "2025-07-17",
        "download_date": "2026-05-31",
        "license": "dl-de-zero-2.0",
        "last_verified": "2026-05-31",
        "berlin_feature_id": "toiletten.202",
        "berlin_bezirk": "Charlottenburg-Wilmersdorf",
        "berlin_vertrag": "Toilettenvertrag mit Wall",
        "berlin_modelltyp": "Berliner Toilette mit 2 Plätzen",
        "berlin_symbol": "WC",
        "berlin_nutzungsentgelt_raw": 0.5,
        "berlin_zahlungsart": "Karte/App/Paypal/BVG-Guthabenkarte",
        "berlin_barrierefrei_raw": "ja",
        "berlin_barrierearm_raw": "ja",
        "berlin_wickeltisch_raw": "nein"
      }
    },
    {
      "type": "Feature",
      "geometry": {
        "type": "Point",
        "coordinates": [
          13.23063889,
          52.51361115
        ]
      },
      "properties": {
        "facility_id": "atm-toilet-157",
        "name": "Olympiastadion, Passenheimer Str. hinter Glockenturmstr. 1 (Waldbühne/Maifeld)",
        "geometry_type": "Point",
        "address": "Olympiastadion, Passenheimer Str. hinter Glockenturmstr. 1 (Waldbühne/Maifeld)",
        "operator": "Wall GmbH",
        "access": "public",
        "fee": "no",
        "payment_method": null,
        "opening_hours": "bei Veranstaltungen",
        "wheelchair": "no",
        "changing_table": "no",
        "toilet_type": "standalone",
        "gender_access": "unknown",
        "indoor": "no",
        "covered": "unknown",
        "drinking_water": "unknown",
        "supervised": "unknown",
        "maintenance_status": "operational",
        "source": "berlin_open_data_wfs",
        "source_id": "203",
        "source_url": "https://daten.berlin.de/datensaetze/offentliche-toiletten-wfs-ad2c0c24",
        "source_timestamp": "2025-07-17",
        "download_date": "2026-05-31",
        "license": "dl-de-zero-2.0",
        "last_verified": "2026-05-31",
        "berlin_feature_id": "toiletten.203",
        "berlin_bezirk": "Charlottenburg-Wilmersdorf",
        "berlin_vertrag": "Toilettenvertrag mit Wall",
        "berlin_modelltyp": "gemauert",
        "berlin_symbol": "WC (bei Veranstaltungen)",
        "berlin_nutzungsentgelt_raw": 0,
        "berlin_zahlungsart": null,
        "berlin_barrierefrei_raw": "nein",
        "berlin_barrierearm_raw": "nein",
        "berlin_wickeltisch_raw": "nein"
      }
    },
    {
      "type": "Feature",
      "geometry": {
        "type": "Point",
        "coordinates": [
          13.2600713,
          52.51606074
        ]
      },
      "properties": {
        "facility_id": "atm-toilet-158",
        "name": "Preußenallee Mittelinsel hinter Olympische Str. 1",
        "geometry_type": "Point",
        "address": "Preußenallee Mittelinsel hinter Olympische Str. 1",
        "operator": "Wall GmbH",
        "access": "public",
        "fee": "yes",
        "payment_method": "Karte/App/Paypal/BVG-Guthabenkarte",
        "opening_hours": "24h",
        "wheelchair": "yes",
        "changing_table": "no",
        "toilet_type": "standalone",
        "gender_access": "unknown",
        "indoor": "no",
        "covered": "unknown",
        "drinking_water": "unknown",
        "supervised": "unknown",
        "maintenance_status": "operational",
        "source": "berlin_open_data_wfs",
        "source_id": "205",
        "source_url": "https://daten.berlin.de/datensaetze/offentliche-toiletten-wfs-ad2c0c24",
        "source_timestamp": "2025-07-17",
        "download_date": "2026-05-31",
        "license": "dl-de-zero-2.0",
        "last_verified": "2026-05-31",
        "berlin_feature_id": "toiletten.205",
        "berlin_bezirk": "Charlottenburg-Wilmersdorf",
        "berlin_vertrag": "Toilettenvertrag mit Wall",
        "berlin_modelltyp": "Berliner Toilette mit 1 Platz",
        "berlin_symbol": "WC",
        "berlin_nutzungsentgelt_raw": 0.5,
        "berlin_zahlungsart": "Karte/App/Paypal/BVG-Guthabenkarte",
        "berlin_barrierefrei_raw": "ja",
        "berlin_barrierearm_raw": "ja",
        "berlin_wickeltisch_raw": "nein"
      }
    },
    {
      "type": "Feature",
      "geometry": {
        "type": "Point",
        "coordinates": [
          13.310916,
          52.49310404
        ]
      },
      "properties": {
        "facility_id": "atm-toilet-159",
        "name": "Preußenpark , Brandenburgische Str. vor Konstanzer Str.",
        "geometry_type": "Point",
        "address": "Preußenpark , Brandenburgische Str. vor Konstanzer Str.",
        "operator": "Wall GmbH",
        "access": "public",
        "fee": "no",
        "payment_method": null,
        "opening_hours": "April-Sept. 07:00 -22:00 \nOkt. - März 08:00-20:00",
        "wheelchair": "no",
        "changing_table": "no",
        "toilet_type": "standalone",
        "gender_access": "unknown",
        "indoor": "no",
        "covered": "unknown",
        "drinking_water": "unknown",
        "supervised": "unknown",
        "maintenance_status": "operational",
        "source": "berlin_open_data_wfs",
        "source_id": "206",
        "source_url": "https://daten.berlin.de/datensaetze/offentliche-toiletten-wfs-ad2c0c24",
        "source_timestamp": "2025-07-17",
        "download_date": "2026-05-31",
        "license": "dl-de-zero-2.0",
        "last_verified": "2026-05-31",
        "berlin_feature_id": "toiletten.206",
        "berlin_bezirk": "Charlottenburg-Wilmersdorf",
        "berlin_vertrag": "Toilettenvertrag mit Wall",
        "berlin_modelltyp": "gemauert",
        "berlin_symbol": "WC",
        "berlin_nutzungsentgelt_raw": 0,
        "berlin_zahlungsart": null,
        "berlin_barrierefrei_raw": "nein",
        "berlin_barrierearm_raw": "nein",
        "berlin_wickeltisch_raw": "nein"
      }
    },
    {
      "type": "Feature",
      "geometry": {
        "type": "Point",
        "coordinates": [
          13.314755,
          52.47336304
        ]
      },
      "properties": {
        "facility_id": "atm-toilet-160",
        "name": "Rüdesheimer Platz 6 vor Rüdesheimer Str.",
        "geometry_type": "Point",
        "address": "Rüdesheimer Platz 6 vor Rüdesheimer Str.",
        "operator": "Wall GmbH",
        "access": "public",
        "fee": "no",
        "payment_method": null,
        "opening_hours": "24h",
        "wheelchair": "no",
        "changing_table": "no",
        "toilet_type": "unknown",
        "gender_access": "unknown",
        "indoor": "unknown",
        "covered": "unknown",
        "drinking_water": "unknown",
        "supervised": "unknown",
        "maintenance_status": "operational",
        "source": "berlin_open_data_wfs",
        "source_id": "207",
        "source_url": "https://daten.berlin.de/datensaetze/offentliche-toiletten-wfs-ad2c0c24",
        "source_timestamp": "2025-07-17",
        "download_date": "2026-05-31",
        "license": "dl-de-zero-2.0",
        "last_verified": "2026-05-31",
        "berlin_feature_id": "toiletten.207",
        "berlin_bezirk": "Charlottenburg-Wilmersdorf",
        "berlin_vertrag": "Toilettenvertrag mit Wall",
        "berlin_modelltyp": "Café Achteck",
        "berlin_symbol": "WC",
        "berlin_nutzungsentgelt_raw": 0,
        "berlin_zahlungsart": null,
        "berlin_barrierefrei_raw": "nein",
        "berlin_barrierearm_raw": "nein",
        "berlin_wickeltisch_raw": "nein"
      }
    },
    {
      "type": "Feature",
      "geometry": {
        "type": "Point",
        "coordinates": [
          13.272577,
          52.50967904
        ]
      },
      "properties": {
        "facility_id": "atm-toilet-161",
        "name": "Theodor-Heuss-Platz ggü. 4-6 Mittelinsel vor Reichsstr.",
        "geometry_type": "Point",
        "address": "Theodor-Heuss-Platz ggü. 4-6 Mittelinsel vor Reichsstr.",
        "operator": "Wall GmbH",
        "access": "public",
        "fee": "no",
        "payment_method": null,
        "opening_hours": "April-Sept. 07:00 -22:00 \nOkt. - März 08:00-20:00",
        "wheelchair": "no",
        "changing_table": "no",
        "toilet_type": "standalone",
        "gender_access": "unknown",
        "indoor": "no",
        "covered": "unknown",
        "drinking_water": "unknown",
        "supervised": "unknown",
        "maintenance_status": "operational",
        "source": "berlin_open_data_wfs",
        "source_id": "210",
        "source_url": "https://daten.berlin.de/datensaetze/offentliche-toiletten-wfs-ad2c0c24",
        "source_timestamp": "2025-07-17",
        "download_date": "2026-05-31",
        "license": "dl-de-zero-2.0",
        "last_verified": "2026-05-31",
        "berlin_feature_id": "toiletten.210",
        "berlin_bezirk": "Charlottenburg-Wilmersdorf",
        "berlin_vertrag": "Toilettenvertrag mit Wall",
        "berlin_modelltyp": "gemauert",
        "berlin_symbol": "WC",
        "berlin_nutzungsentgelt_raw": 0,
        "berlin_zahlungsart": null,
        "berlin_barrierefrei_raw": "nein",
        "berlin_barrierearm_raw": "nein",
        "berlin_wickeltisch_raw": "nein"
      }
    },
    {
      "type": "Feature",
      "geometry": {
        "type": "Point",
        "coordinates": [
          13.39090278,
          52.48852781
        ]
      },
      "properties": {
        "facility_id": "atm-toilet-162",
        "name": "Chamissoplatz 1 Mittelinsel vor Arndtstr.",
        "geometry_type": "Point",
        "address": "Chamissoplatz 1 Mittelinsel vor Arndtstr.",
        "operator": "Wall GmbH",
        "access": "public",
        "fee": "no",
        "payment_method": null,
        "opening_hours": "24h",
        "wheelchair": "no",
        "changing_table": "no",
        "toilet_type": "pissoir",
        "gender_access": "unknown",
        "indoor": "no",
        "covered": "unknown",
        "drinking_water": "unknown",
        "supervised": "unknown",
        "maintenance_status": "operational",
        "source": "berlin_open_data_wfs",
        "source_id": "211",
        "source_url": "https://daten.berlin.de/datensaetze/offentliche-toiletten-wfs-ad2c0c24",
        "source_timestamp": "2025-07-17",
        "download_date": "2026-05-31",
        "license": "dl-de-zero-2.0",
        "last_verified": "2026-05-31",
        "berlin_feature_id": "toiletten.211",
        "berlin_bezirk": "Friedrichshain-Kreuzberg",
        "berlin_vertrag": "Toilettenvertrag mit Wall",
        "berlin_modelltyp": "Café Achteck",
        "berlin_symbol": "Pissoir",
        "berlin_nutzungsentgelt_raw": 0,
        "berlin_zahlungsart": null,
        "berlin_barrierefrei_raw": "nein",
        "berlin_barrierearm_raw": "nein",
        "berlin_wickeltisch_raw": "nein"
      }
    },
    {
      "type": "Feature",
      "geometry": {
        "type": "Point",
        "coordinates": [
          13.37786111,
          52.48750004
        ]
      },
      "properties": {
        "facility_id": "atm-toilet-163",
        "name": "Viktoriapark am Spielplatz",
        "geometry_type": "Point",
        "address": "Viktoriapark am Spielplatz",
        "operator": "Wall GmbH",
        "access": "public",
        "fee": "no",
        "payment_method": null,
        "opening_hours": "24h",
        "wheelchair": "no",
        "changing_table": "no",
        "toilet_type": "standalone",
        "gender_access": "unknown",
        "indoor": "no",
        "covered": "unknown",
        "drinking_water": "unknown",
        "supervised": "unknown",
        "maintenance_status": "operational",
        "source": "berlin_open_data_wfs",
        "source_id": "212",
        "source_url": "https://daten.berlin.de/datensaetze/offentliche-toiletten-wfs-ad2c0c24",
        "source_timestamp": "2025-07-17",
        "download_date": "2026-05-31",
        "license": "dl-de-zero-2.0",
        "last_verified": "2026-05-31",
        "berlin_feature_id": "toiletten.212",
        "berlin_bezirk": "Friedrichshain-Kreuzberg",
        "berlin_vertrag": "Toilettenvertrag mit Wall",
        "berlin_modelltyp": "gemauert",
        "berlin_symbol": "WC",
        "berlin_nutzungsentgelt_raw": 0,
        "berlin_zahlungsart": null,
        "berlin_barrierefrei_raw": "nein",
        "berlin_barrierearm_raw": "nein",
        "berlin_wickeltisch_raw": "nein"
      }
    },
    {
      "type": "Feature",
      "geometry": {
        "type": "Point",
        "coordinates": [
          13.47069502,
          52.53100825
        ]
      },
      "properties": {
        "facility_id": "atm-toilet-164",
        "name": "Landsberger Allee vor Franz-Jacob-Str., am Anton-Saefkow-Platz 14",
        "geometry_type": "Point",
        "address": "Landsberger Allee vor Franz-Jacob-Str., am Anton-Saefkow-Platz 14",
        "operator": "Wall GmbH",
        "access": "public",
        "fee": "no",
        "payment_method": null,
        "opening_hours": "24h",
        "wheelchair": "yes",
        "changing_table": "no",
        "toilet_type": "standalone",
        "gender_access": "unknown",
        "indoor": "no",
        "covered": "unknown",
        "drinking_water": "unknown",
        "supervised": "unknown",
        "maintenance_status": "operational",
        "source": "berlin_open_data_wfs",
        "source_id": "213",
        "source_url": "https://daten.berlin.de/datensaetze/offentliche-toiletten-wfs-ad2c0c24",
        "source_timestamp": "2025-07-17",
        "download_date": "2026-05-31",
        "license": "dl-de-zero-2.0",
        "last_verified": "2026-05-31",
        "berlin_feature_id": "toiletten.213",
        "berlin_bezirk": "Lichtenberg",
        "berlin_vertrag": "Toilettenvertrag mit Wall",
        "berlin_modelltyp": "Berliner Toilette 1 Platz mit 2 Pissoirs",
        "berlin_symbol": "WC",
        "berlin_nutzungsentgelt_raw": 0,
        "berlin_zahlungsart": null,
        "berlin_barrierefrei_raw": "ja",
        "berlin_barrierearm_raw": "ja",
        "berlin_wickeltisch_raw": "nein"
      }
    },
    {
      "type": "Feature",
      "geometry": {
        "type": "Point",
        "coordinates": [
          13.34522222,
          52.51555559
        ]
      },
      "properties": {
        "facility_id": "atm-toilet-165",
        "name": "Altonaer Str. am Oswald-Schumann-Platz (Tiergarten)",
        "geometry_type": "Point",
        "address": "Altonaer Str. am Oswald-Schumann-Platz (Tiergarten)",
        "operator": "Wall GmbH",
        "access": "public",
        "fee": "no",
        "payment_method": null,
        "opening_hours": "24h",
        "wheelchair": "no",
        "changing_table": "no",
        "toilet_type": "standalone",
        "gender_access": "unknown",
        "indoor": "no",
        "covered": "unknown",
        "drinking_water": "unknown",
        "supervised": "unknown",
        "maintenance_status": "operational",
        "source": "berlin_open_data_wfs",
        "source_id": "214",
        "source_url": "https://daten.berlin.de/datensaetze/offentliche-toiletten-wfs-ad2c0c24",
        "source_timestamp": "2025-07-17",
        "download_date": "2026-05-31",
        "license": "dl-de-zero-2.0",
        "last_verified": "2026-05-31",
        "berlin_feature_id": "toiletten.214",
        "berlin_bezirk": "Mitte",
        "berlin_vertrag": "Toilettenvertrag mit Wall",
        "berlin_modelltyp": "gemauert",
        "berlin_symbol": "WC",
        "berlin_nutzungsentgelt_raw": 0,
        "berlin_zahlungsart": null,
        "berlin_barrierefrei_raw": "nein",
        "berlin_barrierearm_raw": "nein",
        "berlin_wickeltisch_raw": "nein"
      }
    },
    {
      "type": "Feature",
      "geometry": {
        "type": "Point",
        "coordinates": [
          13.3915,
          52.5141667
        ]
      },
      "properties": {
        "facility_id": "atm-toilet-166",
        "name": "Charlottenstr. ggü. 53-54 am Gendarmenmarkt",
        "geometry_type": "Point",
        "address": "Charlottenstr. ggü. 53-54 am Gendarmenmarkt",
        "operator": "Wall GmbH",
        "access": "public",
        "fee": "yes",
        "payment_method": "Karte/App/Paypal/BVG-Guthabenkarte",
        "opening_hours": "24h",
        "wheelchair": "yes",
        "changing_table": "no",
        "toilet_type": "standalone",
        "gender_access": "unknown",
        "indoor": "no",
        "covered": "unknown",
        "drinking_water": "unknown",
        "supervised": "unknown",
        "maintenance_status": "operational",
        "source": "berlin_open_data_wfs",
        "source_id": "218",
        "source_url": "https://daten.berlin.de/datensaetze/offentliche-toiletten-wfs-ad2c0c24",
        "source_timestamp": "2025-07-17",
        "download_date": "2026-05-31",
        "license": "dl-de-zero-2.0",
        "last_verified": "2026-05-31",
        "berlin_feature_id": "toiletten.218",
        "berlin_bezirk": "Mitte",
        "berlin_vertrag": "Toilettenvertrag mit Wall",
        "berlin_modelltyp": "Berliner Toilette mit 2 Plätzen",
        "berlin_symbol": "WC",
        "berlin_nutzungsentgelt_raw": 0.5,
        "berlin_zahlungsart": "Karte/App/Paypal/BVG-Guthabenkarte",
        "berlin_barrierefrei_raw": "ja",
        "berlin_barrierearm_raw": "ja",
        "berlin_wickeltisch_raw": "nein"
      }
    },
    {
      "type": "Feature",
      "geometry": {
        "type": "Point",
        "coordinates": [
          13.3699105,
          52.54161118
        ]
      },
      "properties": {
        "facility_id": "atm-toilet-167",
        "name": "Reinickendorfer Str. 9 vor Schönwalder Str./Weddingplatz",
        "geometry_type": "Point",
        "address": "Reinickendorfer Str. 9 vor Schönwalder Str./Weddingplatz",
        "operator": "Wall GmbH",
        "access": "public",
        "fee": "yes",
        "payment_method": "Karte/App/Paypal/BVG-Guthabenkarte",
        "opening_hours": "24h",
        "wheelchair": "yes",
        "changing_table": "no",
        "toilet_type": "standalone",
        "gender_access": "unknown",
        "indoor": "no",
        "covered": "unknown",
        "drinking_water": "unknown",
        "supervised": "unknown",
        "maintenance_status": "operational",
        "source": "berlin_open_data_wfs",
        "source_id": "220",
        "source_url": "https://daten.berlin.de/datensaetze/offentliche-toiletten-wfs-ad2c0c24",
        "source_timestamp": "2025-07-17",
        "download_date": "2026-05-31",
        "license": "dl-de-zero-2.0",
        "last_verified": "2026-05-31",
        "berlin_feature_id": "toiletten.220",
        "berlin_bezirk": "Mitte",
        "berlin_vertrag": "Toilettenvertrag mit Wall",
        "berlin_modelltyp": "Berliner Toilette mit 1 Platz",
        "berlin_symbol": "WC",
        "berlin_nutzungsentgelt_raw": 0.5,
        "berlin_zahlungsart": "Karte/App/Paypal/BVG-Guthabenkarte",
        "berlin_barrierefrei_raw": "ja",
        "berlin_barrierearm_raw": "ja",
        "berlin_wickeltisch_raw": "nein"
      }
    },
    {
      "type": "Feature",
      "geometry": {
        "type": "Point",
        "coordinates": [
          13.3586066,
          52.54700434
        ]
      },
      "properties": {
        "facility_id": "atm-toilet-168",
        "name": "Leopoldplatz, Müllerstr. ggü. 150 vor Nazarethkirchstr.",
        "geometry_type": "Point",
        "address": "Leopoldplatz, Müllerstr. ggü. 150 vor Nazarethkirchstr.",
        "operator": "Wall GmbH",
        "access": "public",
        "fee": "no",
        "payment_method": null,
        "opening_hours": "Mo-Fr 8:00 - 16:30 Uhr; Sa-So 10:00 - 17:00 Uhr",
        "wheelchair": "yes",
        "changing_table": "no",
        "toilet_type": "standalone",
        "gender_access": "unknown",
        "indoor": "no",
        "covered": "unknown",
        "drinking_water": "unknown",
        "supervised": "unknown",
        "maintenance_status": "operational",
        "source": "berlin_open_data_wfs",
        "source_id": "222",
        "source_url": "https://daten.berlin.de/datensaetze/offentliche-toiletten-wfs-ad2c0c24",
        "source_timestamp": "2025-07-17",
        "download_date": "2026-05-31",
        "license": "dl-de-zero-2.0",
        "last_verified": "2026-05-31",
        "berlin_feature_id": "toiletten.222",
        "berlin_bezirk": "Mitte",
        "berlin_vertrag": "Toilettenvertrag mit Wall",
        "berlin_modelltyp": "Berliner Toilette 1 Platz mit 2 Pissoirs",
        "berlin_symbol": "WC",
        "berlin_nutzungsentgelt_raw": 0,
        "berlin_zahlungsart": null,
        "berlin_barrierefrei_raw": "ja",
        "berlin_barrierearm_raw": "ja",
        "berlin_wickeltisch_raw": "nein"
      }
    },
    {
      "type": "Feature",
      "geometry": {
        "type": "Point",
        "coordinates": [
          13.35325,
          52.53990281
        ]
      },
      "properties": {
        "facility_id": "atm-toilet-169",
        "name": "Pekinger Platz , Nordufer vor Kiautschoustr.",
        "geometry_type": "Point",
        "address": "Pekinger Platz , Nordufer vor Kiautschoustr.",
        "operator": "Wall GmbH",
        "access": "public",
        "fee": "no",
        "payment_method": null,
        "opening_hours": "24h",
        "wheelchair": "no",
        "changing_table": "no",
        "toilet_type": "pissoir",
        "gender_access": "unknown",
        "indoor": "no",
        "covered": "unknown",
        "drinking_water": "unknown",
        "supervised": "unknown",
        "maintenance_status": "operational",
        "source": "berlin_open_data_wfs",
        "source_id": "223",
        "source_url": "https://daten.berlin.de/datensaetze/offentliche-toiletten-wfs-ad2c0c24",
        "source_timestamp": "2025-07-17",
        "download_date": "2026-05-31",
        "license": "dl-de-zero-2.0",
        "last_verified": "2026-05-31",
        "berlin_feature_id": "toiletten.223",
        "berlin_bezirk": "Mitte",
        "berlin_vertrag": "Toilettenvertrag mit Wall",
        "berlin_modelltyp": "Café Achteck",
        "berlin_symbol": "Pissoir",
        "berlin_nutzungsentgelt_raw": 0,
        "berlin_zahlungsart": null,
        "berlin_barrierefrei_raw": "nein",
        "berlin_barrierearm_raw": "nein",
        "berlin_wickeltisch_raw": "nein"
      }
    },
    {
      "type": "Feature",
      "geometry": {
        "type": "Point",
        "coordinates": [
          13.34701389,
          52.53352781
        ]
      },
      "properties": {
        "facility_id": "atm-toilet-170",
        "name": "Stephanplatz , Stephanstr. vor Havelberger Str.",
        "geometry_type": "Point",
        "address": "Stephanplatz , Stephanstr. vor Havelberger Str.",
        "operator": "Wall GmbH",
        "access": "public",
        "fee": "no",
        "payment_method": null,
        "opening_hours": "24h",
        "wheelchair": "no",
        "changing_table": "no",
        "toilet_type": "pissoir",
        "gender_access": "unknown",
        "indoor": "no",
        "covered": "unknown",
        "drinking_water": "unknown",
        "supervised": "unknown",
        "maintenance_status": "operational",
        "source": "berlin_open_data_wfs",
        "source_id": "224",
        "source_url": "https://daten.berlin.de/datensaetze/offentliche-toiletten-wfs-ad2c0c24",
        "source_timestamp": "2025-07-17",
        "download_date": "2026-05-31",
        "license": "dl-de-zero-2.0",
        "last_verified": "2026-05-31",
        "berlin_feature_id": "toiletten.224",
        "berlin_bezirk": "Mitte",
        "berlin_vertrag": "Toilettenvertrag mit Wall",
        "berlin_modelltyp": "Café Achteck",
        "berlin_symbol": "Pissoir",
        "berlin_nutzungsentgelt_raw": 0,
        "berlin_zahlungsart": null,
        "berlin_barrierefrei_raw": "nein",
        "berlin_barrierearm_raw": "nein",
        "berlin_wickeltisch_raw": "nein"
      }
    },
    {
      "type": "Feature",
      "geometry": {
        "type": "Point",
        "coordinates": [
          13.33677778,
          52.53322226
        ]
      },
      "properties": {
        "facility_id": "atm-toilet-171",
        "name": "Unionplatz , Siemensstr. vor Oldenburger Str.",
        "geometry_type": "Point",
        "address": "Unionplatz , Siemensstr. vor Oldenburger Str.",
        "operator": "Wall GmbH",
        "access": "public",
        "fee": "no",
        "payment_method": null,
        "opening_hours": "24h",
        "wheelchair": "no",
        "changing_table": "no",
        "toilet_type": "pissoir",
        "gender_access": "unknown",
        "indoor": "no",
        "covered": "unknown",
        "drinking_water": "unknown",
        "supervised": "unknown",
        "maintenance_status": "operational",
        "source": "berlin_open_data_wfs",
        "source_id": "226",
        "source_url": "https://daten.berlin.de/datensaetze/offentliche-toiletten-wfs-ad2c0c24",
        "source_timestamp": "2025-07-17",
        "download_date": "2026-05-31",
        "license": "dl-de-zero-2.0",
        "last_verified": "2026-05-31",
        "berlin_feature_id": "toiletten.226",
        "berlin_bezirk": "Mitte",
        "berlin_vertrag": "Toilettenvertrag mit Wall",
        "berlin_modelltyp": "Café Achteck",
        "berlin_symbol": "Pissoir",
        "berlin_nutzungsentgelt_raw": 0,
        "berlin_zahlungsart": null,
        "berlin_barrierefrei_raw": "nein",
        "berlin_barrierearm_raw": "nein",
        "berlin_wickeltisch_raw": "nein"
      }
    },
    {
      "type": "Feature",
      "geometry": {
        "type": "Point",
        "coordinates": [
          13.44738889,
          52.43736115
        ]
      },
      "properties": {
        "facility_id": "atm-toilet-172",
        "name": "U-Bhf. Britz-Süd, Parkplatz, Fritz-Reuter-Allee vor Gutschmidtstr.",
        "geometry_type": "Point",
        "address": "U-Bhf. Britz-Süd, Parkplatz, Fritz-Reuter-Allee vor Gutschmidtstr.",
        "operator": "Wall GmbH",
        "access": "public",
        "fee": "no",
        "payment_method": null,
        "opening_hours": "April-Sept. 07:00 -22:00 \nOkt. - März 08:00-20:00",
        "wheelchair": "no",
        "changing_table": "no",
        "toilet_type": "standalone",
        "gender_access": "unknown",
        "indoor": "no",
        "covered": "unknown",
        "drinking_water": "unknown",
        "supervised": "unknown",
        "maintenance_status": "operational",
        "source": "berlin_open_data_wfs",
        "source_id": "227",
        "source_url": "https://daten.berlin.de/datensaetze/offentliche-toiletten-wfs-ad2c0c24",
        "source_timestamp": "2025-07-17",
        "download_date": "2026-05-31",
        "license": "dl-de-zero-2.0",
        "last_verified": "2026-05-31",
        "berlin_feature_id": "toiletten.227",
        "berlin_bezirk": "Neukölln",
        "berlin_vertrag": "Toilettenvertrag mit Wall",
        "berlin_modelltyp": "gemauert",
        "berlin_symbol": "WC",
        "berlin_nutzungsentgelt_raw": 0,
        "berlin_zahlungsart": null,
        "berlin_barrierefrei_raw": "nein",
        "berlin_barrierearm_raw": "nein",
        "berlin_wickeltisch_raw": "nein"
      }
    },
    {
      "type": "Feature",
      "geometry": {
        "type": "Point",
        "coordinates": [
          13.438239,
          52.48287404
        ]
      },
      "properties": {
        "facility_id": "atm-toilet-173",
        "name": "Elbestr. 39 Mittelinsel vor Sonnenallee",
        "geometry_type": "Point",
        "address": "Elbestr. 39 Mittelinsel vor Sonnenallee",
        "operator": "Wall GmbH",
        "access": "public",
        "fee": "no",
        "payment_method": null,
        "opening_hours": "April-Sept. 07:00 -22:00 \nOkt. - März 08:00-20:00",
        "wheelchair": "no",
        "changing_table": "no",
        "toilet_type": "standalone",
        "gender_access": "unknown",
        "indoor": "no",
        "covered": "unknown",
        "drinking_water": "unknown",
        "supervised": "unknown",
        "maintenance_status": "operational",
        "source": "berlin_open_data_wfs",
        "source_id": "228",
        "source_url": "https://daten.berlin.de/datensaetze/offentliche-toiletten-wfs-ad2c0c24",
        "source_timestamp": "2025-07-17",
        "download_date": "2026-05-31",
        "license": "dl-de-zero-2.0",
        "last_verified": "2026-05-31",
        "berlin_feature_id": "toiletten.228",
        "berlin_bezirk": "Neukölln",
        "berlin_vertrag": "Toilettenvertrag mit Wall",
        "berlin_modelltyp": "gemauert",
        "berlin_symbol": "WC",
        "berlin_nutzungsentgelt_raw": 0,
        "berlin_zahlungsart": null,
        "berlin_barrierefrei_raw": "nein",
        "berlin_barrierearm_raw": "nein",
        "berlin_wickeltisch_raw": "nein"
      }
    },
    {
      "type": "Feature",
      "geometry": {
        "type": "Point",
        "coordinates": [
          13.44138889,
          52.47155559
        ]
      },
      "properties": {
        "facility_id": "atm-toilet-174",
        "name": "Kirchhofstr. vor Karl-Marx-Str.",
        "geometry_type": "Point",
        "address": "Kirchhofstr. vor Karl-Marx-Str.",
        "operator": "Wall GmbH",
        "access": "public",
        "fee": "no",
        "payment_method": null,
        "opening_hours": "24h",
        "wheelchair": "no",
        "changing_table": "no",
        "toilet_type": "pissoir",
        "gender_access": "unknown",
        "indoor": "no",
        "covered": "unknown",
        "drinking_water": "unknown",
        "supervised": "unknown",
        "maintenance_status": "operational",
        "source": "berlin_open_data_wfs",
        "source_id": "229",
        "source_url": "https://daten.berlin.de/datensaetze/offentliche-toiletten-wfs-ad2c0c24",
        "source_timestamp": "2025-07-17",
        "download_date": "2026-05-31",
        "license": "dl-de-zero-2.0",
        "last_verified": "2026-05-31",
        "berlin_feature_id": "toiletten.229",
        "berlin_bezirk": "Neukölln",
        "berlin_vertrag": "Toilettenvertrag mit Wall",
        "berlin_modelltyp": "Café Achteck",
        "berlin_symbol": "Pissoir",
        "berlin_nutzungsentgelt_raw": 0,
        "berlin_zahlungsart": null,
        "berlin_barrierefrei_raw": "nein",
        "berlin_barrierearm_raw": "nein",
        "berlin_wickeltisch_raw": "nein"
      }
    },
    {
      "type": "Feature",
      "geometry": {
        "type": "Point",
        "coordinates": [
          13.438141,
          52.47880204
        ]
      },
      "properties": {
        "facility_id": "atm-toilet-175",
        "name": "Alfred-Scholz-Platz, Richardstr. 1 hinter ggü. Ganghoferstr.",
        "geometry_type": "Point",
        "address": "Alfred-Scholz-Platz, Richardstr. 1 hinter ggü. Ganghoferstr.",
        "operator": "Wall GmbH",
        "access": "public",
        "fee": "yes",
        "payment_method": "Karte/App/Paypal/BVG-Guthabenkarte",
        "opening_hours": "24h",
        "wheelchair": "yes",
        "changing_table": "no",
        "toilet_type": "standalone",
        "gender_access": "unknown",
        "indoor": "no",
        "covered": "unknown",
        "drinking_water": "unknown",
        "supervised": "unknown",
        "maintenance_status": "operational",
        "source": "berlin_open_data_wfs",
        "source_id": "230",
        "source_url": "https://daten.berlin.de/datensaetze/offentliche-toiletten-wfs-ad2c0c24",
        "source_timestamp": "2025-07-17",
        "download_date": "2026-05-31",
        "license": "dl-de-zero-2.0",
        "last_verified": "2026-05-31",
        "berlin_feature_id": "toiletten.230",
        "berlin_bezirk": "Neukölln",
        "berlin_vertrag": "Toilettenvertrag mit Wall",
        "berlin_modelltyp": "Berliner Toilette mit 1 Platz",
        "berlin_symbol": "WC",
        "berlin_nutzungsentgelt_raw": 0.5,
        "berlin_zahlungsart": "Karte/App/Paypal/BVG-Guthabenkarte",
        "berlin_barrierefrei_raw": "ja",
        "berlin_barrierearm_raw": "ja",
        "berlin_wickeltisch_raw": "nein"
      }
    },
    {
      "type": "Feature",
      "geometry": {
        "type": "Point",
        "coordinates": [
          13.43710799,
          52.53359533
        ]
      },
      "properties": {
        "facility_id": "atm-toilet-176",
        "name": "Arnswalder Platz, Bötzowstr. ggü. 51 vor Danziger Str.",
        "geometry_type": "Point",
        "address": "Arnswalder Platz, Bötzowstr. ggü. 51 vor Danziger Str.",
        "operator": "Wall GmbH",
        "access": "public",
        "fee": "no",
        "payment_method": null,
        "opening_hours": "24h",
        "wheelchair": "yes",
        "changing_table": "yes",
        "toilet_type": "standalone",
        "gender_access": "unknown",
        "indoor": "no",
        "covered": "unknown",
        "drinking_water": "unknown",
        "supervised": "unknown",
        "maintenance_status": "operational",
        "source": "berlin_open_data_wfs",
        "source_id": "231",
        "source_url": "https://daten.berlin.de/datensaetze/offentliche-toiletten-wfs-ad2c0c24",
        "source_timestamp": "2025-07-17",
        "download_date": "2026-05-31",
        "license": "dl-de-zero-2.0",
        "last_verified": "2026-05-31",
        "berlin_feature_id": "toiletten.231",
        "berlin_bezirk": "Pankow",
        "berlin_vertrag": "Toilettenvertrag mit Wall",
        "berlin_modelltyp": "Berliner Toilette 1 Platz mit 2 Pissoirs",
        "berlin_symbol": "WC",
        "berlin_nutzungsentgelt_raw": 0,
        "berlin_zahlungsart": null,
        "berlin_barrierefrei_raw": "ja",
        "berlin_barrierearm_raw": "ja",
        "berlin_wickeltisch_raw": "ja"
      }
    },
    {
      "type": "Feature",
      "geometry": {
        "type": "Point",
        "coordinates": [
          13.41288889,
          52.53244448
        ]
      },
      "properties": {
        "facility_id": "atm-toilet-177",
        "name": "Senefelderplatz , Metzer Str. hinter Schönhauser Allee",
        "geometry_type": "Point",
        "address": "Senefelderplatz , Metzer Str. hinter Schönhauser Allee",
        "operator": "Wall GmbH",
        "access": "public",
        "fee": "no",
        "payment_method": null,
        "opening_hours": "24h",
        "wheelchair": "no",
        "changing_table": "no",
        "toilet_type": "pissoir",
        "gender_access": "unknown",
        "indoor": "no",
        "covered": "unknown",
        "drinking_water": "unknown",
        "supervised": "unknown",
        "maintenance_status": "operational",
        "source": "berlin_open_data_wfs",
        "source_id": "232",
        "source_url": "https://daten.berlin.de/datensaetze/offentliche-toiletten-wfs-ad2c0c24",
        "source_timestamp": "2025-07-17",
        "download_date": "2026-05-31",
        "license": "dl-de-zero-2.0",
        "last_verified": "2026-05-31",
        "berlin_feature_id": "toiletten.232",
        "berlin_bezirk": "Pankow",
        "berlin_vertrag": "Toilettenvertrag mit Wall",
        "berlin_modelltyp": "Café Achteck",
        "berlin_symbol": "Pissoir",
        "berlin_nutzungsentgelt_raw": 0,
        "berlin_zahlungsart": null,
        "berlin_barrierefrei_raw": "nein",
        "berlin_barrierearm_raw": "nein",
        "berlin_wickeltisch_raw": "nein"
      }
    },
    {
      "type": "Feature",
      "geometry": {
        "type": "Point",
        "coordinates": [
          13.30761111,
          52.61613893
        ]
      },
      "properties": {
        "facility_id": "atm-toilet-178",
        "name": "Fellbacher Platz , Heinsestr. vor Fellbacher Str.",
        "geometry_type": "Point",
        "address": "Fellbacher Platz , Heinsestr. vor Fellbacher Str.",
        "operator": "Wall GmbH",
        "access": "public",
        "fee": "no",
        "payment_method": null,
        "opening_hours": "24h",
        "wheelchair": "no",
        "changing_table": "no",
        "toilet_type": "unknown",
        "gender_access": "unknown",
        "indoor": "unknown",
        "covered": "unknown",
        "drinking_water": "unknown",
        "supervised": "unknown",
        "maintenance_status": "operational",
        "source": "berlin_open_data_wfs",
        "source_id": "234",
        "source_url": "https://daten.berlin.de/datensaetze/offentliche-toiletten-wfs-ad2c0c24",
        "source_timestamp": "2025-07-17",
        "download_date": "2026-05-31",
        "license": "dl-de-zero-2.0",
        "last_verified": "2026-05-31",
        "berlin_feature_id": "toiletten.234",
        "berlin_bezirk": "Reinickendorf",
        "berlin_vertrag": "Toilettenvertrag mit Wall",
        "berlin_modelltyp": "Café Achteck",
        "berlin_symbol": "WC",
        "berlin_nutzungsentgelt_raw": 0,
        "berlin_zahlungsart": null,
        "berlin_barrierefrei_raw": "nein",
        "berlin_barrierearm_raw": "nein",
        "berlin_wickeltisch_raw": "nein"
      }
    },
    {
      "type": "Feature",
      "geometry": {
        "type": "Point",
        "coordinates": [
          13.26988889,
          52.53784726
        ]
      },
      "properties": {
        "facility_id": "atm-toilet-179",
        "name": "Jugendplatz , Jugendweg vor Quellweg",
        "geometry_type": "Point",
        "address": "Jugendplatz , Jugendweg vor Quellweg",
        "operator": "Wall GmbH",
        "access": "public",
        "fee": "no",
        "payment_method": null,
        "opening_hours": "24h",
        "wheelchair": "no",
        "changing_table": "no",
        "toilet_type": "standalone",
        "gender_access": "unknown",
        "indoor": "no",
        "covered": "unknown",
        "drinking_water": "unknown",
        "supervised": "unknown",
        "maintenance_status": "operational",
        "source": "berlin_open_data_wfs",
        "source_id": "243",
        "source_url": "https://daten.berlin.de/datensaetze/offentliche-toiletten-wfs-ad2c0c24",
        "source_timestamp": "2025-07-17",
        "download_date": "2026-05-31",
        "license": "dl-de-zero-2.0",
        "last_verified": "2026-05-31",
        "berlin_feature_id": "toiletten.243",
        "berlin_bezirk": "Spandau",
        "berlin_vertrag": "Toilettenvertrag mit Wall",
        "berlin_modelltyp": "gemauert",
        "berlin_symbol": "WC",
        "berlin_nutzungsentgelt_raw": 0,
        "berlin_zahlungsart": null,
        "berlin_barrierefrei_raw": "nein",
        "berlin_barrierearm_raw": "nein",
        "berlin_wickeltisch_raw": "nein"
      }
    },
    {
      "type": "Feature",
      "geometry": {
        "type": "Point",
        "coordinates": [
          13.31208333,
          52.4426667
        ]
      },
      "properties": {
        "facility_id": "atm-toilet-180",
        "name": "Moltkestr. hinter Holbeinstr. (Ludwig-Beck-Platz)",
        "geometry_type": "Point",
        "address": "Moltkestr. hinter Holbeinstr. (Ludwig-Beck-Platz)",
        "operator": "Wall GmbH",
        "access": "public",
        "fee": "no",
        "payment_method": null,
        "opening_hours": "24h",
        "wheelchair": "no",
        "changing_table": "no",
        "toilet_type": "standalone",
        "gender_access": "unknown",
        "indoor": "no",
        "covered": "unknown",
        "drinking_water": "unknown",
        "supervised": "unknown",
        "maintenance_status": "operational",
        "source": "berlin_open_data_wfs",
        "source_id": "255",
        "source_url": "https://daten.berlin.de/datensaetze/offentliche-toiletten-wfs-ad2c0c24",
        "source_timestamp": "2025-07-17",
        "download_date": "2026-05-31",
        "license": "dl-de-zero-2.0",
        "last_verified": "2026-05-31",
        "berlin_feature_id": "toiletten.255",
        "berlin_bezirk": "Steglitz-Zehlendorf",
        "berlin_vertrag": "Toilettenvertrag mit Wall",
        "berlin_modelltyp": "gemauert",
        "berlin_symbol": "WC",
        "berlin_nutzungsentgelt_raw": 0,
        "berlin_zahlungsart": null,
        "berlin_barrierefrei_raw": "nein",
        "berlin_barrierearm_raw": "nein",
        "berlin_wickeltisch_raw": "nein"
      }
    },
    {
      "type": "Feature",
      "geometry": {
        "type": "Point",
        "coordinates": [
          13.386907,
          52.43869504
        ]
      },
      "properties": {
        "facility_id": "atm-toilet-181",
        "name": "Friedenstr. vor Mariendorfer Damm",
        "geometry_type": "Point",
        "address": "Friedenstr. vor Mariendorfer Damm",
        "operator": "Wall GmbH",
        "access": "public",
        "fee": "no",
        "payment_method": null,
        "opening_hours": "24h",
        "wheelchair": "no",
        "changing_table": "no",
        "toilet_type": "pissoir",
        "gender_access": "unknown",
        "indoor": "no",
        "covered": "unknown",
        "drinking_water": "unknown",
        "supervised": "unknown",
        "maintenance_status": "operational",
        "source": "berlin_open_data_wfs",
        "source_id": "257",
        "source_url": "https://daten.berlin.de/datensaetze/offentliche-toiletten-wfs-ad2c0c24",
        "source_timestamp": "2025-07-17",
        "download_date": "2026-05-31",
        "license": "dl-de-zero-2.0",
        "last_verified": "2026-05-31",
        "berlin_feature_id": "toiletten.257",
        "berlin_bezirk": "Tempelhof-Schöneberg",
        "berlin_vertrag": "Toilettenvertrag mit Wall",
        "berlin_modelltyp": "Café Achteck",
        "berlin_symbol": "Pissoir",
        "berlin_nutzungsentgelt_raw": 0,
        "berlin_zahlungsart": null,
        "berlin_barrierefrei_raw": "nein",
        "berlin_barrierearm_raw": "nein",
        "berlin_wickeltisch_raw": "nein"
      }
    },
    {
      "type": "Feature",
      "geometry": {
        "type": "Point",
        "coordinates": [
          13.363288,
          52.48114604
        ]
      },
      "properties": {
        "facility_id": "atm-toilet-182",
        "name": "Leuthener Platz , Naumannstr. hinter Leuthener Str.",
        "geometry_type": "Point",
        "address": "Leuthener Platz , Naumannstr. hinter Leuthener Str.",
        "operator": "Wall GmbH",
        "access": "public",
        "fee": "no",
        "payment_method": null,
        "opening_hours": "24h",
        "wheelchair": "no",
        "changing_table": "no",
        "toilet_type": "pissoir",
        "gender_access": "unknown",
        "indoor": "no",
        "covered": "unknown",
        "drinking_water": "unknown",
        "supervised": "unknown",
        "maintenance_status": "operational",
        "source": "berlin_open_data_wfs",
        "source_id": "258",
        "source_url": "https://daten.berlin.de/datensaetze/offentliche-toiletten-wfs-ad2c0c24",
        "source_timestamp": "2025-07-17",
        "download_date": "2026-05-31",
        "license": "dl-de-zero-2.0",
        "last_verified": "2026-05-31",
        "berlin_feature_id": "toiletten.258",
        "berlin_bezirk": "Tempelhof-Schöneberg",
        "berlin_vertrag": "Toilettenvertrag mit Wall",
        "berlin_modelltyp": "Café Achteck",
        "berlin_symbol": "Pissoir",
        "berlin_nutzungsentgelt_raw": 0,
        "berlin_zahlungsart": null,
        "berlin_barrierefrei_raw": "nein",
        "berlin_barrierearm_raw": "nein",
        "berlin_wickeltisch_raw": "nein"
      }
    },
    {
      "type": "Feature",
      "geometry": {
        "type": "Point",
        "coordinates": [
          13.58021912,
          52.45884691
        ]
      },
      "properties": {
        "facility_id": "atm-toilet-183",
        "name": "S-Bhf. Köpenick, Stellingdamm ggü. 1 hinter Mahlsdorfer Str.",
        "geometry_type": "Point",
        "address": "S-Bhf. Köpenick, Stellingdamm ggü. 1 hinter Mahlsdorfer Str.",
        "operator": "Wall GmbH",
        "access": "public",
        "fee": "yes",
        "payment_method": "Karte/App/Paypal/BVG-Guthabenkarte",
        "opening_hours": "24h",
        "wheelchair": "yes",
        "changing_table": "no",
        "toilet_type": "standalone",
        "gender_access": "unknown",
        "indoor": "no",
        "covered": "unknown",
        "drinking_water": "unknown",
        "supervised": "unknown",
        "maintenance_status": "operational",
        "source": "berlin_open_data_wfs",
        "source_id": "260",
        "source_url": "https://daten.berlin.de/datensaetze/offentliche-toiletten-wfs-ad2c0c24",
        "source_timestamp": "2025-07-17",
        "download_date": "2026-05-31",
        "license": "dl-de-zero-2.0",
        "last_verified": "2026-05-31",
        "berlin_feature_id": "toiletten.260",
        "berlin_bezirk": "Treptow-Köpenick",
        "berlin_vertrag": "Toilettenvertrag mit Wall",
        "berlin_modelltyp": "Berliner Toilette mit 1 Platz",
        "berlin_symbol": "WC",
        "berlin_nutzungsentgelt_raw": 0.5,
        "berlin_zahlungsart": "Karte/App/Paypal/BVG-Guthabenkarte",
        "berlin_barrierefrei_raw": "ja",
        "berlin_barrierearm_raw": "ja",
        "berlin_wickeltisch_raw": "nein"
      }
    },
    {
      "type": "Feature",
      "geometry": {
        "type": "Point",
        "coordinates": [
          13.62458333,
          52.4506667
        ]
      },
      "properties": {
        "facility_id": "atm-toilet-184",
        "name": "Bölschestr. 113 vor Aßmannstr. (Marktplatz Friedrichshagen)",
        "geometry_type": "Point",
        "address": "Bölschestr. 113 vor Aßmannstr. (Marktplatz Friedrichshagen)",
        "operator": "Wall GmbH",
        "access": "public",
        "fee": "no",
        "payment_method": null,
        "opening_hours": "April-Sept. 07:00 -22:00 \nOkt. - März 08:00-20:00",
        "wheelchair": "no",
        "changing_table": "no",
        "toilet_type": "standalone",
        "gender_access": "unknown",
        "indoor": "no",
        "covered": "unknown",
        "drinking_water": "unknown",
        "supervised": "unknown",
        "maintenance_status": "operational",
        "source": "berlin_open_data_wfs",
        "source_id": "261",
        "source_url": "https://daten.berlin.de/datensaetze/offentliche-toiletten-wfs-ad2c0c24",
        "source_timestamp": "2025-07-17",
        "download_date": "2026-05-31",
        "license": "dl-de-zero-2.0",
        "last_verified": "2026-05-31",
        "berlin_feature_id": "toiletten.261",
        "berlin_bezirk": "Treptow-Köpenick",
        "berlin_vertrag": "Toilettenvertrag mit Wall",
        "berlin_modelltyp": "gemauert",
        "berlin_symbol": "WC",
        "berlin_nutzungsentgelt_raw": 0,
        "berlin_zahlungsart": null,
        "berlin_barrierefrei_raw": "nein",
        "berlin_barrierearm_raw": "nein",
        "berlin_wickeltisch_raw": "nein"
      }
    },
    {
      "type": "Feature",
      "geometry": {
        "type": "Point",
        "coordinates": [
          13.40855785,
          52.49286303
        ]
      },
      "properties": {
        "facility_id": "atm-toilet-185",
        "name": "Urbanstr. 21 vor Fontanepromenade",
        "geometry_type": "Point",
        "address": "Urbanstr. 21 vor Fontanepromenade",
        "operator": "Wall GmbH",
        "access": "public",
        "fee": "yes",
        "payment_method": "Karte/App/Paypal/BVG-Guthabenkarte",
        "opening_hours": "24h",
        "wheelchair": "yes",
        "changing_table": "no",
        "toilet_type": "standalone",
        "gender_access": "unknown",
        "indoor": "no",
        "covered": "unknown",
        "drinking_water": "unknown",
        "supervised": "unknown",
        "maintenance_status": "operational",
        "source": "berlin_open_data_wfs",
        "source_id": "262",
        "source_url": "https://daten.berlin.de/datensaetze/offentliche-toiletten-wfs-ad2c0c24",
        "source_timestamp": "2025-07-17",
        "download_date": "2026-05-31",
        "license": "dl-de-zero-2.0",
        "last_verified": "2026-05-31",
        "berlin_feature_id": "toiletten.262",
        "berlin_bezirk": "Friedrichshain-Kreuzberg",
        "berlin_vertrag": "Toilettenvertrag mit Wall",
        "berlin_modelltyp": "Berliner Toilette mit 1 Platz",
        "berlin_symbol": "WC",
        "berlin_nutzungsentgelt_raw": 0.5,
        "berlin_zahlungsart": "Karte/App/Paypal/BVG-Guthabenkarte",
        "berlin_barrierefrei_raw": "ja",
        "berlin_barrierearm_raw": "ja",
        "berlin_wickeltisch_raw": "nein"
      }
    },
    {
      "type": "Feature",
      "geometry": {
        "type": "Point",
        "coordinates": [
          13.27259722,
          52.5890976
        ]
      },
      "properties": {
        "facility_id": "atm-toilet-186",
        "name": "Greenwichpromenade vor Tegeler Hafenbrücke",
        "geometry_type": "Point",
        "address": "Greenwichpromenade vor Tegeler Hafenbrücke",
        "operator": "Wall GmbH",
        "access": "public",
        "fee": "yes",
        "payment_method": "Karte/App/Paypal/BVG-Guthabenkarte",
        "opening_hours": "24h",
        "wheelchair": "yes",
        "changing_table": "yes",
        "toilet_type": "standalone",
        "gender_access": "unknown",
        "indoor": "no",
        "covered": "unknown",
        "drinking_water": "unknown",
        "supervised": "unknown",
        "maintenance_status": "operational",
        "source": "berlin_open_data_wfs",
        "source_id": "263",
        "source_url": "https://daten.berlin.de/datensaetze/offentliche-toiletten-wfs-ad2c0c24",
        "source_timestamp": "2025-07-17",
        "download_date": "2026-05-31",
        "license": "dl-de-zero-2.0",
        "last_verified": "2026-05-31",
        "berlin_feature_id": "toiletten.263",
        "berlin_bezirk": "Reinickendorf",
        "berlin_vertrag": "Toilettenvertrag mit Wall",
        "berlin_modelltyp": "Berliner Toilette mit 2 Plätzen",
        "berlin_symbol": "WC",
        "berlin_nutzungsentgelt_raw": 0.5,
        "berlin_zahlungsart": "Karte/App/Paypal/BVG-Guthabenkarte",
        "berlin_barrierefrei_raw": "ja",
        "berlin_barrierearm_raw": "ja",
        "berlin_wickeltisch_raw": "ja"
      }
    },
    {
      "type": "Feature",
      "geometry": {
        "type": "Point",
        "coordinates": [
          13.283026,
          52.59069704
        ]
      },
      "properties": {
        "facility_id": "atm-toilet-187",
        "name": "Berliner Str. 105-106 vor Schloßstr.",
        "geometry_type": "Point",
        "address": "Berliner Str. 105-106 vor Schloßstr.",
        "operator": "Wall GmbH",
        "access": "public",
        "fee": "no",
        "payment_method": null,
        "opening_hours": "24h",
        "wheelchair": "no",
        "changing_table": "no",
        "toilet_type": "pissoir",
        "gender_access": "unknown",
        "indoor": "no",
        "covered": "unknown",
        "drinking_water": "unknown",
        "supervised": "unknown",
        "maintenance_status": "operational",
        "source": "berlin_open_data_wfs",
        "source_id": "264",
        "source_url": "https://daten.berlin.de/datensaetze/offentliche-toiletten-wfs-ad2c0c24",
        "source_timestamp": "2025-07-17",
        "download_date": "2026-05-31",
        "license": "dl-de-zero-2.0",
        "last_verified": "2026-05-31",
        "berlin_feature_id": "toiletten.264",
        "berlin_bezirk": "Reinickendorf",
        "berlin_vertrag": "Toilettenvertrag mit Wall",
        "berlin_modelltyp": "Café Achteck",
        "berlin_symbol": "Pissoir",
        "berlin_nutzungsentgelt_raw": 0,
        "berlin_zahlungsart": null,
        "berlin_barrierefrei_raw": "nein",
        "berlin_barrierearm_raw": "nein",
        "berlin_wickeltisch_raw": "nein"
      }
    },
    {
      "type": "Feature",
      "geometry": {
        "type": "Point",
        "coordinates": [
          13.23827778,
          52.54447226
        ]
      },
      "properties": {
        "facility_id": "atm-toilet-188",
        "name": "Haselhorster Damm 23 hinter Burscheider Weg",
        "geometry_type": "Point",
        "address": "Haselhorster Damm 23 hinter Burscheider Weg",
        "operator": "Wall GmbH",
        "access": "public",
        "fee": "no",
        "payment_method": null,
        "opening_hours": "24h",
        "wheelchair": "limited",
        "changing_table": "no",
        "toilet_type": "standalone",
        "gender_access": "unknown",
        "indoor": "no",
        "covered": "unknown",
        "drinking_water": "unknown",
        "supervised": "unknown",
        "maintenance_status": "operational",
        "source": "berlin_open_data_wfs",
        "source_id": "266",
        "source_url": "https://daten.berlin.de/datensaetze/offentliche-toiletten-wfs-ad2c0c24",
        "source_timestamp": "2025-07-17",
        "download_date": "2026-05-31",
        "license": "dl-de-zero-2.0",
        "last_verified": "2026-05-31",
        "berlin_feature_id": "toiletten.266",
        "berlin_bezirk": "Spandau",
        "berlin_vertrag": "Toilettenvertrag mit Wall",
        "berlin_modelltyp": "gemauert",
        "berlin_symbol": "WC",
        "berlin_nutzungsentgelt_raw": 0,
        "berlin_zahlungsart": null,
        "berlin_barrierefrei_raw": "nein",
        "berlin_barrierearm_raw": "ja",
        "berlin_wickeltisch_raw": "nein"
      }
    },
    {
      "type": "Feature",
      "geometry": {
        "type": "Point",
        "coordinates": [
          13.16316667,
          52.52125004
        ]
      },
      "properties": {
        "facility_id": "atm-toilet-189",
        "name": "Magistratsweg 8a vor Obstallee",
        "geometry_type": "Point",
        "address": "Magistratsweg 8a vor Obstallee",
        "operator": "Wall GmbH",
        "access": "public",
        "fee": "no",
        "payment_method": null,
        "opening_hours": "24h",
        "wheelchair": "limited",
        "changing_table": "no",
        "toilet_type": "standalone",
        "gender_access": "unknown",
        "indoor": "no",
        "covered": "unknown",
        "drinking_water": "unknown",
        "supervised": "unknown",
        "maintenance_status": "operational",
        "source": "berlin_open_data_wfs",
        "source_id": "267",
        "source_url": "https://daten.berlin.de/datensaetze/offentliche-toiletten-wfs-ad2c0c24",
        "source_timestamp": "2025-07-17",
        "download_date": "2026-05-31",
        "license": "dl-de-zero-2.0",
        "last_verified": "2026-05-31",
        "berlin_feature_id": "toiletten.267",
        "berlin_bezirk": "Spandau",
        "berlin_vertrag": "Toilettenvertrag mit Wall",
        "berlin_modelltyp": "gemauert",
        "berlin_symbol": "WC",
        "berlin_nutzungsentgelt_raw": 0,
        "berlin_zahlungsart": null,
        "berlin_barrierefrei_raw": "nein",
        "berlin_barrierearm_raw": "ja",
        "berlin_wickeltisch_raw": "nein"
      }
    },
    {
      "type": "Feature",
      "geometry": {
        "type": "Point",
        "coordinates": [
          13.24342558,
          52.5129514
        ]
      },
      "properties": {
        "facility_id": "atm-toilet-190",
        "name": "S-Bhf. Olympiastadion, Trakehner Allee vor ggü. 3 hinter Gutsmuthsweg",
        "geometry_type": "Point",
        "address": "S-Bhf. Olympiastadion, Trakehner Allee vor ggü. 3 hinter Gutsmuthsweg",
        "operator": "Wall GmbH",
        "access": "public",
        "fee": "yes",
        "payment_method": "Karte/App/Paypal/BVG-Guthabenkarte",
        "opening_hours": "24h",
        "wheelchair": "yes",
        "changing_table": "no",
        "toilet_type": "standalone",
        "gender_access": "unknown",
        "indoor": "no",
        "covered": "unknown",
        "drinking_water": "unknown",
        "supervised": "unknown",
        "maintenance_status": "operational",
        "source": "berlin_open_data_wfs",
        "source_id": "273",
        "source_url": "https://daten.berlin.de/datensaetze/offentliche-toiletten-wfs-ad2c0c24",
        "source_timestamp": "2025-07-17",
        "download_date": "2026-05-31",
        "license": "dl-de-zero-2.0",
        "last_verified": "2026-05-31",
        "berlin_feature_id": "toiletten.273",
        "berlin_bezirk": "Charlottenburg-Wilmersdorf",
        "berlin_vertrag": "Toilettenvertrag mit Wall",
        "berlin_modelltyp": "Berliner Toilette mit 2 Plätzen",
        "berlin_symbol": "WC",
        "berlin_nutzungsentgelt_raw": 0.5,
        "berlin_zahlungsart": "Karte/App/Paypal/BVG-Guthabenkarte",
        "berlin_barrierefrei_raw": "ja",
        "berlin_barrierearm_raw": "ja",
        "berlin_wickeltisch_raw": "nein"
      }
    },
    {
      "type": "Feature",
      "geometry": {
        "type": "Point",
        "coordinates": [
          13.240781,
          52.51218014
        ]
      },
      "properties": {
        "facility_id": "atm-toilet-191",
        "name": "Olympiastadion, Trakehner Allee hinter ggü. 7 vor Coubertinplatz",
        "geometry_type": "Point",
        "address": "Olympiastadion, Trakehner Allee hinter ggü. 7 vor Coubertinplatz",
        "operator": "Wall GmbH",
        "access": "public",
        "fee": "no",
        "payment_method": null,
        "opening_hours": "bei Veranstaltungen",
        "wheelchair": "no",
        "changing_table": "no",
        "toilet_type": "pissoir",
        "gender_access": "unknown",
        "indoor": "no",
        "covered": "unknown",
        "drinking_water": "unknown",
        "supervised": "unknown",
        "maintenance_status": "operational",
        "source": "berlin_open_data_wfs",
        "source_id": "274",
        "source_url": "https://daten.berlin.de/datensaetze/offentliche-toiletten-wfs-ad2c0c24",
        "source_timestamp": "2025-07-17",
        "download_date": "2026-05-31",
        "license": "dl-de-zero-2.0",
        "last_verified": "2026-05-31",
        "berlin_feature_id": "toiletten.274",
        "berlin_bezirk": "Charlottenburg-Wilmersdorf",
        "berlin_vertrag": "Toilettenvertrag mit Wall",
        "berlin_modelltyp": "Pissoir",
        "berlin_symbol": "Pissoir",
        "berlin_nutzungsentgelt_raw": 0,
        "berlin_zahlungsart": null,
        "berlin_barrierefrei_raw": "nein",
        "berlin_barrierearm_raw": "nein",
        "berlin_wickeltisch_raw": "nein"
      }
    },
    {
      "type": "Feature",
      "geometry": {
        "type": "Point",
        "coordinates": [
          13.24459,
          52.51562004
        ]
      },
      "properties": {
        "facility_id": "atm-toilet-192",
        "name": "Olympiastadion, Olympischer vor Gutsmuthsweg (Eingang Hockey-Stadion)",
        "geometry_type": "Point",
        "address": "Olympiastadion, Olympischer vor Gutsmuthsweg (Eingang Hockey-Stadion)",
        "operator": "Wall GmbH",
        "access": "public",
        "fee": "no",
        "payment_method": null,
        "opening_hours": "bei Veranstaltungen",
        "wheelchair": "no",
        "changing_table": "no",
        "toilet_type": "pissoir",
        "gender_access": "unknown",
        "indoor": "no",
        "covered": "unknown",
        "drinking_water": "unknown",
        "supervised": "unknown",
        "maintenance_status": "operational",
        "source": "berlin_open_data_wfs",
        "source_id": "275",
        "source_url": "https://daten.berlin.de/datensaetze/offentliche-toiletten-wfs-ad2c0c24",
        "source_timestamp": "2025-07-17",
        "download_date": "2026-05-31",
        "license": "dl-de-zero-2.0",
        "last_verified": "2026-05-31",
        "berlin_feature_id": "toiletten.275",
        "berlin_bezirk": "Charlottenburg-Wilmersdorf",
        "berlin_vertrag": "Toilettenvertrag mit Wall",
        "berlin_modelltyp": "Pissoir",
        "berlin_symbol": "Pissoir",
        "berlin_nutzungsentgelt_raw": 0,
        "berlin_zahlungsart": null,
        "berlin_barrierefrei_raw": "nein",
        "berlin_barrierearm_raw": "nein",
        "berlin_wickeltisch_raw": "nein"
      }
    },
    {
      "type": "Feature",
      "geometry": {
        "type": "Point",
        "coordinates": [
          13.2435201,
          52.51299104
        ]
      },
      "properties": {
        "facility_id": "atm-toilet-193",
        "name": "S-Bhf. Olympiastadion, Trakehner Allee vor ggü. 3 hinter Gutsmuthsweg",
        "geometry_type": "Point",
        "address": "S-Bhf. Olympiastadion, Trakehner Allee vor ggü. 3 hinter Gutsmuthsweg",
        "operator": "Wall GmbH",
        "access": "public",
        "fee": "no",
        "payment_method": null,
        "opening_hours": "bei Veranstaltungen",
        "wheelchair": "no",
        "changing_table": "no",
        "toilet_type": "pissoir",
        "gender_access": "unknown",
        "indoor": "no",
        "covered": "unknown",
        "drinking_water": "unknown",
        "supervised": "unknown",
        "maintenance_status": "operational",
        "source": "berlin_open_data_wfs",
        "source_id": "276",
        "source_url": "https://daten.berlin.de/datensaetze/offentliche-toiletten-wfs-ad2c0c24",
        "source_timestamp": "2025-07-17",
        "download_date": "2026-05-31",
        "license": "dl-de-zero-2.0",
        "last_verified": "2026-05-31",
        "berlin_feature_id": "toiletten.276",
        "berlin_bezirk": "Charlottenburg-Wilmersdorf",
        "berlin_vertrag": "Toilettenvertrag mit Wall",
        "berlin_modelltyp": "Pissoir",
        "berlin_symbol": "Pissoir",
        "berlin_nutzungsentgelt_raw": 0,
        "berlin_zahlungsart": null,
        "berlin_barrierefrei_raw": "nein",
        "berlin_barrierearm_raw": "nein",
        "berlin_wickeltisch_raw": "nein"
      }
    },
    {
      "type": "Feature",
      "geometry": {
        "type": "Point",
        "coordinates": [
          13.60335231,
          52.53191209
        ]
      },
      "properties": {
        "facility_id": "atm-toilet-194",
        "name": "Boulevard Kastanienallee vor Stollberger Str. 49-51",
        "geometry_type": "Point",
        "address": "Boulevard Kastanienallee vor Stollberger Str. 49-51",
        "operator": "Wall GmbH",
        "access": "public",
        "fee": "yes",
        "payment_method": "Karte/App/Paypal/BVG-Guthabenkarte",
        "opening_hours": "24h",
        "wheelchair": "yes",
        "changing_table": "no",
        "toilet_type": "standalone",
        "gender_access": "unknown",
        "indoor": "no",
        "covered": "unknown",
        "drinking_water": "unknown",
        "supervised": "unknown",
        "maintenance_status": "operational",
        "source": "berlin_open_data_wfs",
        "source_id": "277",
        "source_url": "https://daten.berlin.de/datensaetze/offentliche-toiletten-wfs-ad2c0c24",
        "source_timestamp": "2025-07-17",
        "download_date": "2026-05-31",
        "license": "dl-de-zero-2.0",
        "last_verified": "2026-05-31",
        "berlin_feature_id": "toiletten.277",
        "berlin_bezirk": "Marzahn-Hellersdorf",
        "berlin_vertrag": "Toilettenvertrag mit Wall",
        "berlin_modelltyp": "Berliner Toilette mit 1 Platz",
        "berlin_symbol": "WC",
        "berlin_nutzungsentgelt_raw": 0.5,
        "berlin_zahlungsart": "Karte/App/Paypal/BVG-Guthabenkarte",
        "berlin_barrierefrei_raw": "ja",
        "berlin_barrierearm_raw": "ja",
        "berlin_wickeltisch_raw": "nein"
      }
    },
    {
      "type": "Feature",
      "geometry": {
        "type": "Point",
        "coordinates": [
          13.322725,
          52.50525204
        ]
      },
      "properties": {
        "facility_id": "atm-toilet-195",
        "name": "Savignyplatz 1 Mittelinsel vor ggü. Grolmanstr., Savignyplatz 1 Mittelinsel vor ggü. Grolmanstr",
        "geometry_type": "Point",
        "address": "Savignyplatz 1 Mittelinsel vor ggü. Grolmanstr., Savignyplatz 1 Mittelinsel vor ggü. Grolmanstr",
        "operator": "Wall GmbH",
        "access": "public",
        "fee": "yes",
        "payment_method": "Karte/App/Paypal/BVG-Guthabenkarte",
        "opening_hours": "24h",
        "wheelchair": "yes",
        "changing_table": "no",
        "toilet_type": "standalone",
        "gender_access": "unknown",
        "indoor": "no",
        "covered": "unknown",
        "drinking_water": "unknown",
        "supervised": "unknown",
        "maintenance_status": "operational",
        "source": "berlin_open_data_wfs",
        "source_id": "278",
        "source_url": "https://daten.berlin.de/datensaetze/offentliche-toiletten-wfs-ad2c0c24",
        "source_timestamp": "2025-07-17",
        "download_date": "2026-05-31",
        "license": "dl-de-zero-2.0",
        "last_verified": "2026-05-31",
        "berlin_feature_id": "toiletten.278",
        "berlin_bezirk": "Charlottenburg-Wilmersdorf",
        "berlin_vertrag": "Toilettenvertrag mit Wall",
        "berlin_modelltyp": "Berliner Toilette mit 1 Platz",
        "berlin_symbol": "WC",
        "berlin_nutzungsentgelt_raw": 0.5,
        "berlin_zahlungsart": "Karte/App/Paypal/BVG-Guthabenkarte",
        "berlin_barrierefrei_raw": "ja",
        "berlin_barrierearm_raw": "ja",
        "berlin_wickeltisch_raw": "nein"
      }
    },
    {
      "type": "Feature",
      "geometry": {
        "type": "Point",
        "coordinates": [
          13.46334589,
          52.49342189
        ]
      },
      "properties": {
        "facility_id": "atm-toilet-196",
        "name": "S-Bhf. Treptower Park, Stern- und Kreisschifffahrt, Puschkinallee 15",
        "geometry_type": "Point",
        "address": "S-Bhf. Treptower Park, Stern- und Kreisschifffahrt, Puschkinallee 15",
        "operator": "Wall GmbH",
        "access": "public",
        "fee": "no",
        "payment_method": null,
        "opening_hours": "24h",
        "wheelchair": "no",
        "changing_table": "no",
        "toilet_type": "unknown",
        "gender_access": "unknown",
        "indoor": "unknown",
        "covered": "unknown",
        "drinking_water": "unknown",
        "supervised": "unknown",
        "maintenance_status": "operational",
        "source": "berlin_open_data_wfs",
        "source_id": "281",
        "source_url": "https://daten.berlin.de/datensaetze/offentliche-toiletten-wfs-ad2c0c24",
        "source_timestamp": "2025-07-17",
        "download_date": "2026-05-31",
        "license": "dl-de-zero-2.0",
        "last_verified": "2026-05-31",
        "berlin_feature_id": "toiletten.281",
        "berlin_bezirk": "Treptow-Köpenick",
        "berlin_vertrag": "Toilettenvertrag mit Wall",
        "berlin_modelltyp": "automatisches WC",
        "berlin_symbol": "WC",
        "berlin_nutzungsentgelt_raw": 0,
        "berlin_zahlungsart": null,
        "berlin_barrierefrei_raw": "nein",
        "berlin_barrierearm_raw": "nein",
        "berlin_wickeltisch_raw": "nein"
      }
    },
    {
      "type": "Feature",
      "geometry": {
        "type": "Point",
        "coordinates": [
          13.30438889,
          52.52552781
        ]
      },
      "properties": {
        "facility_id": "atm-toilet-197",
        "name": "Mierendorffplatz Mittelinsel hinter Osnabrücker Str.",
        "geometry_type": "Point",
        "address": "Mierendorffplatz Mittelinsel hinter Osnabrücker Str.",
        "operator": "Wall GmbH",
        "access": "public",
        "fee": "no",
        "payment_method": null,
        "opening_hours": "April-Sept. 07:00 -22:00 \nOkt. - März 08:00-20:00",
        "wheelchair": "no",
        "changing_table": "no",
        "toilet_type": "standalone",
        "gender_access": "unknown",
        "indoor": "no",
        "covered": "unknown",
        "drinking_water": "unknown",
        "supervised": "unknown",
        "maintenance_status": "operational",
        "source": "berlin_open_data_wfs",
        "source_id": "290",
        "source_url": "https://daten.berlin.de/datensaetze/offentliche-toiletten-wfs-ad2c0c24",
        "source_timestamp": "2025-07-17",
        "download_date": "2026-05-31",
        "license": "dl-de-zero-2.0",
        "last_verified": "2026-05-31",
        "berlin_feature_id": "toiletten.290",
        "berlin_bezirk": "Charlottenburg-Wilmersdorf",
        "berlin_vertrag": "Toilettenvertrag mit Wall",
        "berlin_modelltyp": "gemauert",
        "berlin_symbol": "WC",
        "berlin_nutzungsentgelt_raw": 0,
        "berlin_zahlungsart": null,
        "berlin_barrierefrei_raw": "nein",
        "berlin_barrierearm_raw": "nein",
        "berlin_wickeltisch_raw": "nein"
      }
    },
    {
      "type": "Feature",
      "geometry": {
        "type": "Point",
        "coordinates": [
          13.33795722,
          52.48848515
        ]
      },
      "properties": {
        "facility_id": "atm-toilet-198",
        "name": "U-Bhf. Bayerischer Platz, Stübbenstr. vor Grunewaldstr. 49",
        "geometry_type": "Point",
        "address": "U-Bhf. Bayerischer Platz, Stübbenstr. vor Grunewaldstr. 49",
        "operator": "Wall GmbH",
        "access": "public",
        "fee": "no",
        "payment_method": null,
        "opening_hours": "24h",
        "wheelchair": "yes",
        "changing_table": "yes",
        "toilet_type": "standalone",
        "gender_access": "unknown",
        "indoor": "no",
        "covered": "unknown",
        "drinking_water": "unknown",
        "supervised": "unknown",
        "maintenance_status": "operational",
        "source": "berlin_open_data_wfs",
        "source_id": "300",
        "source_url": "https://daten.berlin.de/datensaetze/offentliche-toiletten-wfs-ad2c0c24",
        "source_timestamp": "2025-07-17",
        "download_date": "2026-05-31",
        "license": "dl-de-zero-2.0",
        "last_verified": "2026-05-31",
        "berlin_feature_id": "toiletten.300",
        "berlin_bezirk": "Tempelhof-Schöneberg",
        "berlin_vertrag": "Toilettenvertrag mit Wall",
        "berlin_modelltyp": "Berliner Toilette 1 Platz mit 2 Pissoirs",
        "berlin_symbol": "WC",
        "berlin_nutzungsentgelt_raw": 0,
        "berlin_zahlungsart": null,
        "berlin_barrierefrei_raw": "ja",
        "berlin_barrierearm_raw": "ja",
        "berlin_wickeltisch_raw": "ja"
      }
    },
    {
      "type": "Feature",
      "geometry": {
        "type": "Point",
        "coordinates": [
          13.36653677,
          52.44987364
        ]
      },
      "properties": {
        "facility_id": "atm-toilet-199",
        "name": "Marienhöhe, Röblingstr. 161 hinter Attilastr.",
        "geometry_type": "Point",
        "address": "Marienhöhe, Röblingstr. 161 hinter Attilastr.",
        "operator": "Wall GmbH",
        "access": "public",
        "fee": "yes",
        "payment_method": "Karte/App/Paypal/BVG-Guthabenkarte",
        "opening_hours": "24h",
        "wheelchair": "yes",
        "changing_table": "yes",
        "toilet_type": "standalone",
        "gender_access": "unknown",
        "indoor": "no",
        "covered": "unknown",
        "drinking_water": "unknown",
        "supervised": "unknown",
        "maintenance_status": "operational",
        "source": "berlin_open_data_wfs",
        "source_id": "307",
        "source_url": "https://daten.berlin.de/datensaetze/offentliche-toiletten-wfs-ad2c0c24",
        "source_timestamp": "2025-07-17",
        "download_date": "2026-05-31",
        "license": "dl-de-zero-2.0",
        "last_verified": "2026-05-31",
        "berlin_feature_id": "toiletten.307",
        "berlin_bezirk": "Tempelhof-Schöneberg",
        "berlin_vertrag": "Toilettenvertrag mit Wall",
        "berlin_modelltyp": "Berliner Toilette mit 1 Platz",
        "berlin_symbol": "WC",
        "berlin_nutzungsentgelt_raw": 0.5,
        "berlin_zahlungsart": "Karte/App/Paypal/BVG-Guthabenkarte",
        "berlin_barrierefrei_raw": "ja",
        "berlin_barrierearm_raw": "ja",
        "berlin_wickeltisch_raw": "ja"
      }
    },
    {
      "type": "Feature",
      "geometry": {
        "type": "Point",
        "coordinates": [
          13.26961478,
          52.45090722
        ]
      },
      "properties": {
        "facility_id": "atm-toilet-200",
        "name": "U-Bhf. Oskar-Helene-Heim, Argentinische Allee hinter 253 vor Clayallee",
        "geometry_type": "Point",
        "address": "U-Bhf. Oskar-Helene-Heim, Argentinische Allee hinter 253 vor Clayallee",
        "operator": "Wall GmbH",
        "access": "public",
        "fee": "no",
        "payment_method": null,
        "opening_hours": "24h",
        "wheelchair": "yes",
        "changing_table": "no",
        "toilet_type": "standalone",
        "gender_access": "unknown",
        "indoor": "no",
        "covered": "unknown",
        "drinking_water": "unknown",
        "supervised": "unknown",
        "maintenance_status": "operational",
        "source": "berlin_open_data_wfs",
        "source_id": "313",
        "source_url": "https://daten.berlin.de/datensaetze/offentliche-toiletten-wfs-ad2c0c24",
        "source_timestamp": "2025-07-17",
        "download_date": "2026-05-31",
        "license": "dl-de-zero-2.0",
        "last_verified": "2026-05-31",
        "berlin_feature_id": "toiletten.313",
        "berlin_bezirk": "Steglitz-Zehlendorf",
        "berlin_vertrag": "Toilettenvertrag mit Wall",
        "berlin_modelltyp": "Berliner Toilette 1 Platz mit 2 Pissoirs",
        "berlin_symbol": "WC",
        "berlin_nutzungsentgelt_raw": 0,
        "berlin_zahlungsart": null,
        "berlin_barrierefrei_raw": "ja",
        "berlin_barrierearm_raw": "ja",
        "berlin_wickeltisch_raw": "nein"
      }
    },
    {
      "type": "Feature",
      "geometry": {
        "type": "Point",
        "coordinates": [
          13.34776313,
          52.43215976
        ]
      },
      "properties": {
        "facility_id": "atm-toilet-201",
        "name": "Gemeinde-Park Lankwitz, Mühlenstr. ggü. 65 vor ggü. Boraweg",
        "geometry_type": "Point",
        "address": "Gemeinde-Park Lankwitz, Mühlenstr. ggü. 65 vor ggü. Boraweg",
        "operator": "Wall GmbH",
        "access": "public",
        "fee": "no",
        "payment_method": null,
        "opening_hours": "24h",
        "wheelchair": "yes",
        "changing_table": "yes",
        "toilet_type": "standalone",
        "gender_access": "unknown",
        "indoor": "no",
        "covered": "unknown",
        "drinking_water": "unknown",
        "supervised": "unknown",
        "maintenance_status": "operational",
        "source": "berlin_open_data_wfs",
        "source_id": "316",
        "source_url": "https://daten.berlin.de/datensaetze/offentliche-toiletten-wfs-ad2c0c24",
        "source_timestamp": "2025-07-17",
        "download_date": "2026-05-31",
        "license": "dl-de-zero-2.0",
        "last_verified": "2026-05-31",
        "berlin_feature_id": "toiletten.316",
        "berlin_bezirk": "Steglitz-Zehlendorf",
        "berlin_vertrag": "Toilettenvertrag mit Wall",
        "berlin_modelltyp": "Berliner Toilette 1 Platz mit 2 Pissoirs",
        "berlin_symbol": "WC",
        "berlin_nutzungsentgelt_raw": 0,
        "berlin_zahlungsart": null,
        "berlin_barrierefrei_raw": "ja",
        "berlin_barrierearm_raw": "ja",
        "berlin_wickeltisch_raw": "ja"
      }
    },
    {
      "type": "Feature",
      "geometry": {
        "type": "Point",
        "coordinates": [
          13.54179877,
          52.45777624
        ]
      },
      "properties": {
        "facility_id": "atm-toilet-202",
        "name": "Weiskopffstr. ggü. 12 hinter An der Wuhlheide (Haupteingang Wuhlheide)",
        "geometry_type": "Point",
        "address": "Weiskopffstr. ggü. 12 hinter An der Wuhlheide (Haupteingang Wuhlheide)",
        "operator": "Wall GmbH",
        "access": "public",
        "fee": "yes",
        "payment_method": "Karte/App/Paypal/BVG-Guthabenkarte",
        "opening_hours": "24h",
        "wheelchair": "yes",
        "changing_table": "yes",
        "toilet_type": "standalone",
        "gender_access": "unknown",
        "indoor": "no",
        "covered": "unknown",
        "drinking_water": "unknown",
        "supervised": "unknown",
        "maintenance_status": "operational",
        "source": "berlin_open_data_wfs",
        "source_id": "333",
        "source_url": "https://daten.berlin.de/datensaetze/offentliche-toiletten-wfs-ad2c0c24",
        "source_timestamp": "2025-07-17",
        "download_date": "2026-05-31",
        "license": "dl-de-zero-2.0",
        "last_verified": "2026-05-31",
        "berlin_feature_id": "toiletten.333",
        "berlin_bezirk": "Treptow-Köpenick",
        "berlin_vertrag": "Toilettenvertrag mit Wall",
        "berlin_modelltyp": "Berliner Toilette mit 1 Platz",
        "berlin_symbol": "WC",
        "berlin_nutzungsentgelt_raw": 0.5,
        "berlin_zahlungsart": "Karte/App/Paypal/BVG-Guthabenkarte",
        "berlin_barrierefrei_raw": "ja",
        "berlin_barrierearm_raw": "ja",
        "berlin_wickeltisch_raw": "ja"
      }
    },
    {
      "type": "Feature",
      "geometry": {
        "type": "Point",
        "coordinates": [
          13.40735842,
          52.48949362
        ]
      },
      "properties": {
        "facility_id": "atm-toilet-203",
        "name": "U-Bhf. Südstern, Südstern hinter Körtestraße 38",
        "geometry_type": "Point",
        "address": "U-Bhf. Südstern, Südstern hinter Körtestraße 38",
        "operator": "Wall GmbH",
        "access": "public",
        "fee": "no",
        "payment_method": null,
        "opening_hours": "24h",
        "wheelchair": "yes",
        "changing_table": "no",
        "toilet_type": "standalone",
        "gender_access": "unknown",
        "indoor": "no",
        "covered": "unknown",
        "drinking_water": "unknown",
        "supervised": "unknown",
        "maintenance_status": "operational",
        "source": "berlin_open_data_wfs",
        "source_id": "346",
        "source_url": "https://daten.berlin.de/datensaetze/offentliche-toiletten-wfs-ad2c0c24",
        "source_timestamp": "2025-07-17",
        "download_date": "2026-05-31",
        "license": "dl-de-zero-2.0",
        "last_verified": "2026-05-31",
        "berlin_feature_id": "toiletten.346",
        "berlin_bezirk": "Friedrichshain-Kreuzberg",
        "berlin_vertrag": "Toilettenvertrag mit Wall",
        "berlin_modelltyp": "Berliner Toilette 1 Platz mit 2 Pissoirs",
        "berlin_symbol": "WC",
        "berlin_nutzungsentgelt_raw": 0,
        "berlin_zahlungsart": null,
        "berlin_barrierefrei_raw": "ja",
        "berlin_barrierearm_raw": "ja",
        "berlin_wickeltisch_raw": "nein"
      }
    },
    {
      "type": "Feature",
      "geometry": {
        "type": "Point",
        "coordinates": [
          13.26915398,
          52.59267528
        ]
      },
      "properties": {
        "facility_id": "atm-toilet-204",
        "name": "Freizeitpark Tegel an der Malche, Campestr. hinter 11",
        "geometry_type": "Point",
        "address": "Freizeitpark Tegel an der Malche, Campestr. hinter 11",
        "operator": "Wall GmbH",
        "access": "public",
        "fee": "yes",
        "payment_method": "Karte/App/Paypal/BVG-Guthabenkarte",
        "opening_hours": "24h",
        "wheelchair": "yes",
        "changing_table": "yes",
        "toilet_type": "standalone",
        "gender_access": "unknown",
        "indoor": "no",
        "covered": "unknown",
        "drinking_water": "unknown",
        "supervised": "unknown",
        "maintenance_status": "operational",
        "source": "berlin_open_data_wfs",
        "source_id": "359",
        "source_url": "https://daten.berlin.de/datensaetze/offentliche-toiletten-wfs-ad2c0c24",
        "source_timestamp": "2025-07-17",
        "download_date": "2026-05-31",
        "license": "dl-de-zero-2.0",
        "last_verified": "2026-05-31",
        "berlin_feature_id": "toiletten.359",
        "berlin_bezirk": "Reinickendorf",
        "berlin_vertrag": "Toilettenvertrag mit Wall",
        "berlin_modelltyp": "Berliner Toilette mit 2 Plätzen",
        "berlin_symbol": "WC",
        "berlin_nutzungsentgelt_raw": 0.5,
        "berlin_zahlungsart": "Karte/App/Paypal/BVG-Guthabenkarte",
        "berlin_barrierefrei_raw": "ja",
        "berlin_barrierearm_raw": "ja",
        "berlin_wickeltisch_raw": "ja"
      }
    },
    {
      "type": "Feature",
      "geometry": {
        "type": "Point",
        "coordinates": [
          13.50409799,
          52.56442884
        ]
      },
      "properties": {
        "facility_id": "atm-toilet-205",
        "name": "Prerower Platz, Zingster Str. ggü. 5",
        "geometry_type": "Point",
        "address": "Prerower Platz, Zingster Str. ggü. 5",
        "operator": "Wall GmbH",
        "access": "public",
        "fee": "yes",
        "payment_method": "Karte/App/Paypal/BVG-Guthabenkarte",
        "opening_hours": "24h",
        "wheelchair": "yes",
        "changing_table": "yes",
        "toilet_type": "standalone",
        "gender_access": "unknown",
        "indoor": "no",
        "covered": "unknown",
        "drinking_water": "unknown",
        "supervised": "unknown",
        "maintenance_status": "operational",
        "source": "berlin_open_data_wfs",
        "source_id": "384",
        "source_url": "https://daten.berlin.de/datensaetze/offentliche-toiletten-wfs-ad2c0c24",
        "source_timestamp": "2025-07-17",
        "download_date": "2026-05-31",
        "license": "dl-de-zero-2.0",
        "last_verified": "2026-05-31",
        "berlin_feature_id": "toiletten.384",
        "berlin_bezirk": "Lichtenberg",
        "berlin_vertrag": "Toilettenvertrag mit Wall",
        "berlin_modelltyp": "Berliner Toilette mit 1 Platz",
        "berlin_symbol": "WC",
        "berlin_nutzungsentgelt_raw": 0.5,
        "berlin_zahlungsart": "Karte/App/Paypal/BVG-Guthabenkarte",
        "berlin_barrierefrei_raw": "ja",
        "berlin_barrierearm_raw": "ja",
        "berlin_wickeltisch_raw": "ja"
      }
    },
    {
      "type": "Feature",
      "geometry": {
        "type": "Point",
        "coordinates": [
          13.5244707,
          52.56469272
        ]
      },
      "properties": {
        "facility_id": "atm-toilet-206",
        "name": "Vincent-van-Gogh-Str. 20 hinter Welsestr.",
        "geometry_type": "Point",
        "address": "Vincent-van-Gogh-Str. 20 hinter Welsestr.",
        "operator": "Wall GmbH",
        "access": "public",
        "fee": "yes",
        "payment_method": "Karte/App/Paypal/BVG-Guthabenkarte",
        "opening_hours": "24h",
        "wheelchair": "yes",
        "changing_table": "yes",
        "toilet_type": "standalone",
        "gender_access": "unknown",
        "indoor": "no",
        "covered": "unknown",
        "drinking_water": "unknown",
        "supervised": "unknown",
        "maintenance_status": "operational",
        "source": "berlin_open_data_wfs",
        "source_id": "385",
        "source_url": "https://daten.berlin.de/datensaetze/offentliche-toiletten-wfs-ad2c0c24",
        "source_timestamp": "2025-07-17",
        "download_date": "2026-05-31",
        "license": "dl-de-zero-2.0",
        "last_verified": "2026-05-31",
        "berlin_feature_id": "toiletten.385",
        "berlin_bezirk": "Lichtenberg",
        "berlin_vertrag": "Toilettenvertrag mit Wall",
        "berlin_modelltyp": "Berliner Toilette mit 1 Platz",
        "berlin_symbol": "WC",
        "berlin_nutzungsentgelt_raw": 0.5,
        "berlin_zahlungsart": "Karte/App/Paypal/BVG-Guthabenkarte",
        "berlin_barrierefrei_raw": "ja",
        "berlin_barrierearm_raw": "ja",
        "berlin_wickeltisch_raw": "ja"
      }
    },
    {
      "type": "Feature",
      "geometry": {
        "type": "Point",
        "coordinates": [
          13.46552944,
          52.52439503
        ]
      },
      "properties": {
        "facility_id": "atm-toilet-207",
        "name": "S-Bhf. Storkower Str., Storkower Straße 207 a vor Zugang S-Bhf.",
        "geometry_type": "Point",
        "address": "S-Bhf. Storkower Str., Storkower Straße 207 a vor Zugang S-Bhf.",
        "operator": "Wall GmbH",
        "access": "public",
        "fee": "yes",
        "payment_method": "Karte/App/Paypal/BVG-Guthabenkarte",
        "opening_hours": "24h",
        "wheelchair": "yes",
        "changing_table": "yes",
        "toilet_type": "standalone",
        "gender_access": "unknown",
        "indoor": "no",
        "covered": "unknown",
        "drinking_water": "unknown",
        "supervised": "unknown",
        "maintenance_status": "operational",
        "source": "berlin_open_data_wfs",
        "source_id": "387",
        "source_url": "https://daten.berlin.de/datensaetze/offentliche-toiletten-wfs-ad2c0c24",
        "source_timestamp": "2025-07-17",
        "download_date": "2026-05-31",
        "license": "dl-de-zero-2.0",
        "last_verified": "2026-05-31",
        "berlin_feature_id": "toiletten.387",
        "berlin_bezirk": "Lichtenberg",
        "berlin_vertrag": "Toilettenvertrag mit Wall",
        "berlin_modelltyp": "Berliner Toilette mit 2 Plätzen",
        "berlin_symbol": "WC",
        "berlin_nutzungsentgelt_raw": 0.5,
        "berlin_zahlungsart": "Karte/App/Paypal/BVG-Guthabenkarte",
        "berlin_barrierefrei_raw": "ja",
        "berlin_barrierearm_raw": "ja",
        "berlin_wickeltisch_raw": "ja"
      }
    },
    {
      "type": "Feature",
      "geometry": {
        "type": "Point",
        "coordinates": [
          13.50529292,
          52.5486517
        ]
      },
      "properties": {
        "facility_id": "atm-toilet-208",
        "name": "Hauptstr. ggü. 44 A vor Rhinstr.",
        "geometry_type": "Point",
        "address": "Hauptstr. ggü. 44 A vor Rhinstr.",
        "operator": "Wall GmbH",
        "access": "public",
        "fee": "no",
        "payment_method": null,
        "opening_hours": "24h",
        "wheelchair": "yes",
        "changing_table": "yes",
        "toilet_type": "standalone",
        "gender_access": "unknown",
        "indoor": "no",
        "covered": "unknown",
        "drinking_water": "unknown",
        "supervised": "unknown",
        "maintenance_status": "operational",
        "source": "berlin_open_data_wfs",
        "source_id": "388",
        "source_url": "https://daten.berlin.de/datensaetze/offentliche-toiletten-wfs-ad2c0c24",
        "source_timestamp": "2025-07-17",
        "download_date": "2026-05-31",
        "license": "dl-de-zero-2.0",
        "last_verified": "2026-05-31",
        "berlin_feature_id": "toiletten.388",
        "berlin_bezirk": "Lichtenberg",
        "berlin_vertrag": "Toilettenvertrag mit Wall",
        "berlin_modelltyp": "Berliner Toilette 1 Platz mit 2 Pissoirs",
        "berlin_symbol": "WC",
        "berlin_nutzungsentgelt_raw": 0,
        "berlin_zahlungsart": null,
        "berlin_barrierefrei_raw": "ja",
        "berlin_barrierearm_raw": "ja",
        "berlin_wickeltisch_raw": "ja"
      }
    },
    {
      "type": "Feature",
      "geometry": {
        "type": "Point",
        "coordinates": [
          13.52272917,
          52.49745842
        ]
      },
      "properties": {
        "facility_id": "atm-toilet-209",
        "name": "U-Bhf. Tierpark, Am Tierpark 72 hinter Otto-Schmirgal-Str.",
        "geometry_type": "Point",
        "address": "U-Bhf. Tierpark, Am Tierpark 72 hinter Otto-Schmirgal-Str.",
        "operator": "Wall GmbH",
        "access": "public",
        "fee": "yes",
        "payment_method": "Karte/App/Paypal/BVG-Guthabenkarte",
        "opening_hours": "24h",
        "wheelchair": "yes",
        "changing_table": "yes",
        "toilet_type": "standalone",
        "gender_access": "unknown",
        "indoor": "no",
        "covered": "unknown",
        "drinking_water": "unknown",
        "supervised": "unknown",
        "maintenance_status": "operational",
        "source": "berlin_open_data_wfs",
        "source_id": "405",
        "source_url": "https://daten.berlin.de/datensaetze/offentliche-toiletten-wfs-ad2c0c24",
        "source_timestamp": "2025-07-17",
        "download_date": "2026-05-31",
        "license": "dl-de-zero-2.0",
        "last_verified": "2026-05-31",
        "berlin_feature_id": "toiletten.405",
        "berlin_bezirk": "Lichtenberg",
        "berlin_vertrag": "Toilettenvertrag mit Wall",
        "berlin_modelltyp": "Berliner Toilette mit 1 Platz",
        "berlin_symbol": "WC",
        "berlin_nutzungsentgelt_raw": 0.5,
        "berlin_zahlungsart": "Karte/App/Paypal/BVG-Guthabenkarte",
        "berlin_barrierefrei_raw": "ja",
        "berlin_barrierearm_raw": "ja",
        "berlin_wickeltisch_raw": "ja"
      }
    },
    {
      "type": "Feature",
      "geometry": {
        "type": "Point",
        "coordinates": [
          13.54770927,
          52.43811152
        ]
      },
      "properties": {
        "facility_id": "atm-toilet-210",
        "name": "Marktplatz Adlershof",
        "geometry_type": "Point",
        "address": "Marktplatz Adlershof",
        "operator": null,
        "access": "public",
        "fee": "yes",
        "payment_method": "Karte/App/Paypal/BVG-Guthabenkarte",
        "opening_hours": "24h",
        "wheelchair": "yes",
        "changing_table": "no",
        "toilet_type": "standalone",
        "gender_access": "unknown",
        "indoor": "no",
        "covered": "unknown",
        "drinking_water": "unknown",
        "supervised": "unknown",
        "maintenance_status": "operational",
        "source": "berlin_open_data_wfs",
        "source_id": "410",
        "source_url": "https://daten.berlin.de/datensaetze/offentliche-toiletten-wfs-ad2c0c24",
        "source_timestamp": "2025-07-17",
        "download_date": "2026-05-31",
        "license": "dl-de-zero-2.0",
        "last_verified": "2026-05-31",
        "berlin_feature_id": "toiletten.410",
        "berlin_bezirk": "Treptow-Köpenick",
        "berlin_vertrag": "Toilettenvertrag mit Wall",
        "berlin_modelltyp": "Berliner Toilette mit 1 Platz",
        "berlin_symbol": "WC",
        "berlin_nutzungsentgelt_raw": 0.5,
        "berlin_zahlungsart": "Karte/App/Paypal/BVG-Guthabenkarte",
        "berlin_barrierefrei_raw": "ja",
        "berlin_barrierearm_raw": "ja",
        "berlin_wickeltisch_raw": "nein"
      }
    },
    {
      "type": "Feature",
      "geometry": {
        "type": "Point",
        "coordinates": [
          13.44995016,
          52.52206873
        ]
      },
      "properties": {
        "facility_id": "atm-toilet-211",
        "name": "Petersburger Platz, Straßmannstr. ggü. 21 vor Petersburger Str.",
        "geometry_type": "Point",
        "address": "Petersburger Platz, Straßmannstr. ggü. 21 vor Petersburger Str.",
        "operator": "Wall GmbH",
        "access": "public",
        "fee": "no",
        "payment_method": null,
        "opening_hours": "24h",
        "wheelchair": "yes",
        "changing_table": "yes",
        "toilet_type": "standalone",
        "gender_access": "unknown",
        "indoor": "no",
        "covered": "unknown",
        "drinking_water": "unknown",
        "supervised": "unknown",
        "maintenance_status": "operational",
        "source": "berlin_open_data_wfs",
        "source_id": "668",
        "source_url": "https://daten.berlin.de/datensaetze/offentliche-toiletten-wfs-ad2c0c24",
        "source_timestamp": "2025-07-17",
        "download_date": "2026-05-31",
        "license": "dl-de-zero-2.0",
        "last_verified": "2026-05-31",
        "berlin_feature_id": "toiletten.668",
        "berlin_bezirk": "Friedrichshain-Kreuzberg",
        "berlin_vertrag": "Toilettenvertrag mit Wall",
        "berlin_modelltyp": "Berliner Toilette 1 Platz mit 2 Pissoirs",
        "berlin_symbol": "WC",
        "berlin_nutzungsentgelt_raw": 0,
        "berlin_zahlungsart": null,
        "berlin_barrierefrei_raw": "ja",
        "berlin_barrierearm_raw": "ja",
        "berlin_wickeltisch_raw": "ja"
      }
    },
    {
      "type": "Feature",
      "geometry": {
        "type": "Point",
        "coordinates": [
          13.46558416,
          52.50458115
        ]
      },
      "properties": {
        "facility_id": "atm-toilet-212",
        "name": "Simplonstr. ggü. Lenbachstr. (ggü. Annemirl-Bauer-Platz)",
        "geometry_type": "Point",
        "address": "Simplonstr. ggü. Lenbachstr. (ggü. Annemirl-Bauer-Platz)",
        "operator": "Wall GmbH",
        "access": "public",
        "fee": "no",
        "payment_method": null,
        "opening_hours": "24h",
        "wheelchair": "yes",
        "changing_table": "yes",
        "toilet_type": "standalone",
        "gender_access": "unknown",
        "indoor": "no",
        "covered": "unknown",
        "drinking_water": "unknown",
        "supervised": "unknown",
        "maintenance_status": "operational",
        "source": "berlin_open_data_wfs",
        "source_id": "671",
        "source_url": "https://daten.berlin.de/datensaetze/offentliche-toiletten-wfs-ad2c0c24",
        "source_timestamp": "2025-07-17",
        "download_date": "2026-05-31",
        "license": "dl-de-zero-2.0",
        "last_verified": "2026-05-31",
        "berlin_feature_id": "toiletten.671",
        "berlin_bezirk": "Friedrichshain-Kreuzberg",
        "berlin_vertrag": "Toilettenvertrag mit Wall",
        "berlin_modelltyp": "Berliner Toilette 1 Platz mit 2 Pissoirs",
        "berlin_symbol": "WC",
        "berlin_nutzungsentgelt_raw": 0,
        "berlin_zahlungsart": null,
        "berlin_barrierefrei_raw": "ja",
        "berlin_barrierearm_raw": "ja",
        "berlin_wickeltisch_raw": "ja"
      }
    },
    {
      "type": "Feature",
      "geometry": {
        "type": "Point",
        "coordinates": [
          13.44277931,
          52.51609353
        ]
      },
      "properties": {
        "facility_id": "atm-toilet-213",
        "name": "Weberwiese, Marchlewskistr. ggü. 16 vor Hildegard-Jadamowitz-Str.",
        "geometry_type": "Point",
        "address": "Weberwiese, Marchlewskistr. ggü. 16 vor Hildegard-Jadamowitz-Str.",
        "operator": "Wall GmbH",
        "access": "public",
        "fee": "no",
        "payment_method": null,
        "opening_hours": "24h",
        "wheelchair": "yes",
        "changing_table": "no",
        "toilet_type": "standalone",
        "gender_access": "unknown",
        "indoor": "no",
        "covered": "unknown",
        "drinking_water": "unknown",
        "supervised": "unknown",
        "maintenance_status": "operational",
        "source": "berlin_open_data_wfs",
        "source_id": "674",
        "source_url": "https://daten.berlin.de/datensaetze/offentliche-toiletten-wfs-ad2c0c24",
        "source_timestamp": "2025-07-17",
        "download_date": "2026-05-31",
        "license": "dl-de-zero-2.0",
        "last_verified": "2026-05-31",
        "berlin_feature_id": "toiletten.674",
        "berlin_bezirk": "Friedrichshain-Kreuzberg",
        "berlin_vertrag": "Toilettenvertrag mit Wall",
        "berlin_modelltyp": "Berliner Toilette 1 Platz mit 2 Pissoirs",
        "berlin_symbol": "WC",
        "berlin_nutzungsentgelt_raw": 0,
        "berlin_zahlungsart": null,
        "berlin_barrierefrei_raw": "ja",
        "berlin_barrierearm_raw": "ja",
        "berlin_wickeltisch_raw": "nein"
      }
    },
    {
      "type": "Feature",
      "geometry": {
        "type": "Point",
        "coordinates": [
          13.37759975,
          52.48935686
        ]
      },
      "properties": {
        "facility_id": "atm-toilet-214",
        "name": "Viktoriapark, Kreuzbergstr. ggü. 31 hinter Katzbachstr.",
        "geometry_type": "Point",
        "address": "Viktoriapark, Kreuzbergstr. ggü. 31 hinter Katzbachstr.",
        "operator": "Wall GmbH",
        "access": "public",
        "fee": "no",
        "payment_method": null,
        "opening_hours": "24h",
        "wheelchair": "yes",
        "changing_table": "yes",
        "toilet_type": "standalone",
        "gender_access": "unknown",
        "indoor": "no",
        "covered": "unknown",
        "drinking_water": "unknown",
        "supervised": "unknown",
        "maintenance_status": "operational",
        "source": "berlin_open_data_wfs",
        "source_id": "679",
        "source_url": "https://daten.berlin.de/datensaetze/offentliche-toiletten-wfs-ad2c0c24",
        "source_timestamp": "2025-07-17",
        "download_date": "2026-05-31",
        "license": "dl-de-zero-2.0",
        "last_verified": "2026-05-31",
        "berlin_feature_id": "toiletten.679",
        "berlin_bezirk": "Friedrichshain-Kreuzberg",
        "berlin_vertrag": "Toilettenvertrag mit Wall",
        "berlin_modelltyp": "Berliner Toilette 1 Platz mit 2 Pissoirs",
        "berlin_symbol": "WC",
        "berlin_nutzungsentgelt_raw": 0,
        "berlin_zahlungsart": null,
        "berlin_barrierefrei_raw": "ja",
        "berlin_barrierearm_raw": "ja",
        "berlin_wickeltisch_raw": "ja"
      }
    },
    {
      "type": "Feature",
      "geometry": {
        "type": "Point",
        "coordinates": [
          13.37787755,
          52.50259598
        ]
      },
      "properties": {
        "facility_id": "atm-toilet-215",
        "name": "Mendelssohn-Bartholdy-Park, Schöneberger Str. ggü. 21A-22 hinter Hafenplatz",
        "geometry_type": "Point",
        "address": "Mendelssohn-Bartholdy-Park, Schöneberger Str. ggü. 21A-22 hinter Hafenplatz",
        "operator": "Wall GmbH",
        "access": "public",
        "fee": "no",
        "payment_method": null,
        "opening_hours": "24h",
        "wheelchair": "yes",
        "changing_table": "yes",
        "toilet_type": "standalone",
        "gender_access": "unknown",
        "indoor": "no",
        "covered": "unknown",
        "drinking_water": "unknown",
        "supervised": "unknown",
        "maintenance_status": "operational",
        "source": "berlin_open_data_wfs",
        "source_id": "681",
        "source_url": "https://daten.berlin.de/datensaetze/offentliche-toiletten-wfs-ad2c0c24",
        "source_timestamp": "2025-07-17",
        "download_date": "2026-05-31",
        "license": "dl-de-zero-2.0",
        "last_verified": "2026-05-31",
        "berlin_feature_id": "toiletten.681",
        "berlin_bezirk": "Friedrichshain-Kreuzberg",
        "berlin_vertrag": "Toilettenvertrag mit Wall",
        "berlin_modelltyp": "Berliner Toilette 1 Platz mit 2 Pissoirs",
        "berlin_symbol": "WC",
        "berlin_nutzungsentgelt_raw": 0,
        "berlin_zahlungsart": null,
        "berlin_barrierefrei_raw": "ja",
        "berlin_barrierearm_raw": "ja",
        "berlin_wickeltisch_raw": "ja"
      }
    },
    {
      "type": "Feature",
      "geometry": {
        "type": "Point",
        "coordinates": [
          13.3912828,
          52.50411433
        ]
      },
      "properties": {
        "facility_id": "atm-toilet-216",
        "name": "Besselpark, Besselstr. hinter Friedrichstr.",
        "geometry_type": "Point",
        "address": "Besselpark, Besselstr. hinter Friedrichstr.",
        "operator": "Wall GmbH",
        "access": "public",
        "fee": "no",
        "payment_method": null,
        "opening_hours": "24h",
        "wheelchair": "yes",
        "changing_table": "yes",
        "toilet_type": "standalone",
        "gender_access": "unknown",
        "indoor": "no",
        "covered": "unknown",
        "drinking_water": "unknown",
        "supervised": "unknown",
        "maintenance_status": "operational",
        "source": "berlin_open_data_wfs",
        "source_id": "684",
        "source_url": "https://daten.berlin.de/datensaetze/offentliche-toiletten-wfs-ad2c0c24",
        "source_timestamp": "2025-07-17",
        "download_date": "2026-05-31",
        "license": "dl-de-zero-2.0",
        "last_verified": "2026-05-31",
        "berlin_feature_id": "toiletten.684",
        "berlin_bezirk": "Friedrichshain-Kreuzberg",
        "berlin_vertrag": "Toilettenvertrag mit Wall",
        "berlin_modelltyp": "Berliner Toilette 1 Platz mit 2 Pissoirs",
        "berlin_symbol": "WC",
        "berlin_nutzungsentgelt_raw": 0,
        "berlin_zahlungsart": null,
        "berlin_barrierefrei_raw": "ja",
        "berlin_barrierearm_raw": "ja",
        "berlin_wickeltisch_raw": "ja"
      }
    },
    {
      "type": "Feature",
      "geometry": {
        "type": "Point",
        "coordinates": [
          13.40262528,
          52.50666611
        ]
      },
      "properties": {
        "facility_id": "atm-toilet-217",
        "name": "Waldeckpark, Alte Jakobstr. ggü. 110 hinter Oranienstr.",
        "geometry_type": "Point",
        "address": "Waldeckpark, Alte Jakobstr. ggü. 110 hinter Oranienstr.",
        "operator": "Wall GmbH",
        "access": "public",
        "fee": "no",
        "payment_method": null,
        "opening_hours": "24h",
        "wheelchair": "yes",
        "changing_table": "yes",
        "toilet_type": "standalone",
        "gender_access": "unknown",
        "indoor": "no",
        "covered": "unknown",
        "drinking_water": "unknown",
        "supervised": "unknown",
        "maintenance_status": "operational",
        "source": "berlin_open_data_wfs",
        "source_id": "685",
        "source_url": "https://daten.berlin.de/datensaetze/offentliche-toiletten-wfs-ad2c0c24",
        "source_timestamp": "2025-07-17",
        "download_date": "2026-05-31",
        "license": "dl-de-zero-2.0",
        "last_verified": "2026-05-31",
        "berlin_feature_id": "toiletten.685",
        "berlin_bezirk": "Friedrichshain-Kreuzberg",
        "berlin_vertrag": "Toilettenvertrag mit Wall",
        "berlin_modelltyp": "Berliner Toilette 1 Platz mit 2 Pissoirs",
        "berlin_symbol": "WC",
        "berlin_nutzungsentgelt_raw": 0,
        "berlin_zahlungsart": null,
        "berlin_barrierefrei_raw": "ja",
        "berlin_barrierearm_raw": "ja",
        "berlin_wickeltisch_raw": "ja"
      }
    },
    {
      "type": "Feature",
      "geometry": {
        "type": "Point",
        "coordinates": [
          13.41511058,
          52.50259645
        ]
      },
      "properties": {
        "facility_id": "atm-toilet-218",
        "name": "Oranienplatz ggü. 1",
        "geometry_type": "Point",
        "address": "Oranienplatz ggü. 1",
        "operator": "Wall GmbH",
        "access": "public",
        "fee": "no",
        "payment_method": null,
        "opening_hours": "24h",
        "wheelchair": "yes",
        "changing_table": "yes",
        "toilet_type": "standalone",
        "gender_access": "unknown",
        "indoor": "no",
        "covered": "unknown",
        "drinking_water": "unknown",
        "supervised": "unknown",
        "maintenance_status": "operational",
        "source": "berlin_open_data_wfs",
        "source_id": "686",
        "source_url": "https://daten.berlin.de/datensaetze/offentliche-toiletten-wfs-ad2c0c24",
        "source_timestamp": "2025-07-17",
        "download_date": "2026-05-31",
        "license": "dl-de-zero-2.0",
        "last_verified": "2026-05-31",
        "berlin_feature_id": "toiletten.686",
        "berlin_bezirk": "Friedrichshain-Kreuzberg",
        "berlin_vertrag": "Toilettenvertrag mit Wall",
        "berlin_modelltyp": "Berliner Toilette 1 Platz mit 2 Pissoirs",
        "berlin_symbol": "WC",
        "berlin_nutzungsentgelt_raw": 0,
        "berlin_zahlungsart": null,
        "berlin_barrierefrei_raw": "ja",
        "berlin_barrierearm_raw": "ja",
        "berlin_wickeltisch_raw": "ja"
      }
    },
    {
      "type": "Feature",
      "geometry": {
        "type": "Point",
        "coordinates": [
          13.40675338,
          52.49671859
        ]
      },
      "properties": {
        "facility_id": "atm-toilet-219",
        "name": "Böcklerpark, Prinzenstr. 1 hinter Carl-Herz-Ufer/Baerwaldbrücke (Op1-3)",
        "geometry_type": "Point",
        "address": "Böcklerpark, Prinzenstr. 1 hinter Carl-Herz-Ufer/Baerwaldbrücke (Op1-3)",
        "operator": "Wall GmbH",
        "access": "public",
        "fee": "no",
        "payment_method": null,
        "opening_hours": "24h",
        "wheelchair": "yes",
        "changing_table": "no",
        "toilet_type": "standalone",
        "gender_access": "unknown",
        "indoor": "no",
        "covered": "unknown",
        "drinking_water": "unknown",
        "supervised": "unknown",
        "maintenance_status": "operational",
        "source": "berlin_open_data_wfs",
        "source_id": "687",
        "source_url": "https://daten.berlin.de/datensaetze/offentliche-toiletten-wfs-ad2c0c24",
        "source_timestamp": "2025-07-17",
        "download_date": "2026-05-31",
        "license": "dl-de-zero-2.0",
        "last_verified": "2026-05-31",
        "berlin_feature_id": "toiletten.687",
        "berlin_bezirk": "Friedrichshain-Kreuzberg",
        "berlin_vertrag": "Toilettenvertrag mit Wall",
        "berlin_modelltyp": "Berliner Toilette 1 Platz mit 2 Pissoirs",
        "berlin_symbol": "WC",
        "berlin_nutzungsentgelt_raw": 0,
        "berlin_zahlungsart": null,
        "berlin_barrierefrei_raw": "ja",
        "berlin_barrierearm_raw": "ja",
        "berlin_wickeltisch_raw": "nein"
      }
    },
    {
      "type": "Feature",
      "geometry": {
        "type": "Point",
        "coordinates": [
          13.44349367,
          52.50084209
        ]
      },
      "properties": {
        "facility_id": "atm-toilet-220",
        "name": "U-Bhf. Schlesisches Tor, Oberbaumstr. Vor 11 hinter Schlesische Str.",
        "geometry_type": "Point",
        "address": "U-Bhf. Schlesisches Tor, Oberbaumstr. Vor 11 hinter Schlesische Str.",
        "operator": "Wall GmbH",
        "access": "public",
        "fee": "no",
        "payment_method": null,
        "opening_hours": "24h",
        "wheelchair": "yes",
        "changing_table": "no",
        "toilet_type": "standalone",
        "gender_access": "unknown",
        "indoor": "no",
        "covered": "unknown",
        "drinking_water": "unknown",
        "supervised": "unknown",
        "maintenance_status": "operational",
        "source": "berlin_open_data_wfs",
        "source_id": "688",
        "source_url": "https://daten.berlin.de/datensaetze/offentliche-toiletten-wfs-ad2c0c24",
        "source_timestamp": "2025-07-17",
        "download_date": "2026-05-31",
        "license": "dl-de-zero-2.0",
        "last_verified": "2026-05-31",
        "berlin_feature_id": "toiletten.688",
        "berlin_bezirk": "Friedrichshain-Kreuzberg",
        "berlin_vertrag": "Toilettenvertrag mit Wall",
        "berlin_modelltyp": "Berliner Toilette 2 Plätze mit 2 Pissoirs",
        "berlin_symbol": "WC",
        "berlin_nutzungsentgelt_raw": 0,
        "berlin_zahlungsart": null,
        "berlin_barrierefrei_raw": "ja",
        "berlin_barrierearm_raw": "ja",
        "berlin_wickeltisch_raw": "nein"
      }
    },
    {
      "type": "Feature",
      "geometry": {
        "type": "Point",
        "coordinates": [
          13.4206793,
          52.49176614
        ]
      },
      "properties": {
        "facility_id": "atm-toilet-221",
        "name": "Hohenstaufenplatz, Boppstr. ggü. 4",
        "geometry_type": "Point",
        "address": "Hohenstaufenplatz, Boppstr. ggü. 4",
        "operator": "Wall GmbH",
        "access": "public",
        "fee": "no",
        "payment_method": null,
        "opening_hours": "24h",
        "wheelchair": "yes",
        "changing_table": "yes",
        "toilet_type": "standalone",
        "gender_access": "unknown",
        "indoor": "no",
        "covered": "unknown",
        "drinking_water": "unknown",
        "supervised": "unknown",
        "maintenance_status": "operational",
        "source": "berlin_open_data_wfs",
        "source_id": "690",
        "source_url": "https://daten.berlin.de/datensaetze/offentliche-toiletten-wfs-ad2c0c24",
        "source_timestamp": "2025-07-17",
        "download_date": "2026-05-31",
        "license": "dl-de-zero-2.0",
        "last_verified": "2026-05-31",
        "berlin_feature_id": "toiletten.690",
        "berlin_bezirk": "Friedrichshain-Kreuzberg",
        "berlin_vertrag": "Toilettenvertrag mit Wall",
        "berlin_modelltyp": "Berliner Toilette 1 Platz mit 2 Pissoirs",
        "berlin_symbol": "WC",
        "berlin_nutzungsentgelt_raw": 0,
        "berlin_zahlungsart": null,
        "berlin_barrierefrei_raw": "ja",
        "berlin_barrierearm_raw": "ja",
        "berlin_wickeltisch_raw": "ja"
      }
    },
    {
      "type": "Feature",
      "geometry": {
        "type": "Point",
        "coordinates": [
          13.36693678,
          52.49715436
        ]
      },
      "properties": {
        "facility_id": "atm-toilet-222",
        "name": "Dennewitzplatz, Dennewitzstr. ggü. 22 vor Bülowstr.",
        "geometry_type": "Point",
        "address": "Dennewitzplatz, Dennewitzstr. ggü. 22 vor Bülowstr.",
        "operator": "Wall GmbH",
        "access": "public",
        "fee": "no",
        "payment_method": null,
        "opening_hours": "24h",
        "wheelchair": "yes",
        "changing_table": "yes",
        "toilet_type": "standalone",
        "gender_access": "unknown",
        "indoor": "no",
        "covered": "unknown",
        "drinking_water": "unknown",
        "supervised": "unknown",
        "maintenance_status": "operational",
        "source": "berlin_open_data_wfs",
        "source_id": "692",
        "source_url": "https://daten.berlin.de/datensaetze/offentliche-toiletten-wfs-ad2c0c24",
        "source_timestamp": "2025-07-17",
        "download_date": "2026-05-31",
        "license": "dl-de-zero-2.0",
        "last_verified": "2026-05-31",
        "berlin_feature_id": "toiletten.692",
        "berlin_bezirk": "Tempelhof-Schöneberg",
        "berlin_vertrag": "Toilettenvertrag mit Wall",
        "berlin_modelltyp": "Berliner Toilette 1 Platz mit 2 Pissoirs",
        "berlin_symbol": "WC",
        "berlin_nutzungsentgelt_raw": 0,
        "berlin_zahlungsart": null,
        "berlin_barrierefrei_raw": "ja",
        "berlin_barrierearm_raw": "ja",
        "berlin_wickeltisch_raw": "ja"
      }
    },
    {
      "type": "Feature",
      "geometry": {
        "type": "Point",
        "coordinates": [
          13.44696249,
          52.50337663
        ]
      },
      "properties": {
        "facility_id": "atm-toilet-223",
        "name": "Warschauer Str. hinter 47-48 vor Mühlenstr.",
        "geometry_type": "Point",
        "address": "Warschauer Str. hinter 47-48 vor Mühlenstr.",
        "operator": "Wall GmbH",
        "access": "public",
        "fee": "no",
        "payment_method": null,
        "opening_hours": "24h",
        "wheelchair": "yes",
        "changing_table": "no",
        "toilet_type": "standalone",
        "gender_access": "unknown",
        "indoor": "no",
        "covered": "unknown",
        "drinking_water": "unknown",
        "supervised": "unknown",
        "maintenance_status": "operational",
        "source": "berlin_open_data_wfs",
        "source_id": "695",
        "source_url": "https://daten.berlin.de/datensaetze/offentliche-toiletten-wfs-ad2c0c24",
        "source_timestamp": "2025-07-17",
        "download_date": "2026-05-31",
        "license": "dl-de-zero-2.0",
        "last_verified": "2026-05-31",
        "berlin_feature_id": "toiletten.695",
        "berlin_bezirk": "Friedrichshain-Kreuzberg",
        "berlin_vertrag": "Toilettenvertrag mit Wall",
        "berlin_modelltyp": "Berliner Toilette 1 Platz mit 2 Pissoirs",
        "berlin_symbol": "WC",
        "berlin_nutzungsentgelt_raw": 0,
        "berlin_zahlungsart": null,
        "berlin_barrierefrei_raw": "ja",
        "berlin_barrierearm_raw": "ja",
        "berlin_wickeltisch_raw": "nein"
      }
    },
    {
      "type": "Feature",
      "geometry": {
        "type": "Point",
        "coordinates": [
          13.44302543,
          52.49899281
        ]
      },
      "properties": {
        "facility_id": "atm-toilet-224",
        "name": "Falckensteinstr. hinter 38 vor Schlesische Str.",
        "geometry_type": "Point",
        "address": "Falckensteinstr. hinter 38 vor Schlesische Str.",
        "operator": "Wall GmbH",
        "access": "public",
        "fee": "no",
        "payment_method": null,
        "opening_hours": "08:00 Uhr - 20:00 Uhr",
        "wheelchair": "yes",
        "changing_table": "no",
        "toilet_type": "standalone",
        "gender_access": "unknown",
        "indoor": "no",
        "covered": "unknown",
        "drinking_water": "unknown",
        "supervised": "unknown",
        "maintenance_status": "operational",
        "source": "berlin_open_data_wfs",
        "source_id": "696",
        "source_url": "https://daten.berlin.de/datensaetze/offentliche-toiletten-wfs-ad2c0c24",
        "source_timestamp": "2025-07-17",
        "download_date": "2026-05-31",
        "license": "dl-de-zero-2.0",
        "last_verified": "2026-05-31",
        "berlin_feature_id": "toiletten.696",
        "berlin_bezirk": "Friedrichshain-Kreuzberg",
        "berlin_vertrag": "Toilettenvertrag mit Wall",
        "berlin_modelltyp": "Berliner Toilette 1 Platz mit 2 Pissoirs",
        "berlin_symbol": "WC",
        "berlin_nutzungsentgelt_raw": 0,
        "berlin_zahlungsart": null,
        "berlin_barrierefrei_raw": "ja",
        "berlin_barrierearm_raw": "ja",
        "berlin_wickeltisch_raw": "nein"
      }
    },
    {
      "type": "Feature",
      "geometry": {
        "type": "Point",
        "coordinates": [
          13.39303038,
          52.49738987
        ]
      },
      "properties": {
        "facility_id": "atm-toilet-225",
        "name": "Grünanlage, Waterloo hinter ggü. Hallesche-Tor-Brücke",
        "geometry_type": "Point",
        "address": "Grünanlage, Waterloo hinter ggü. Hallesche-Tor-Brücke",
        "operator": "Wall GmbH",
        "access": "public",
        "fee": "yes",
        "payment_method": "Karte/App/Paypal/BVG-Guthabenkarte",
        "opening_hours": "24h",
        "wheelchair": "yes",
        "changing_table": "no",
        "toilet_type": "standalone",
        "gender_access": "unknown",
        "indoor": "no",
        "covered": "unknown",
        "drinking_water": "unknown",
        "supervised": "unknown",
        "maintenance_status": "operational",
        "source": "berlin_open_data_wfs",
        "source_id": "700",
        "source_url": "https://daten.berlin.de/datensaetze/offentliche-toiletten-wfs-ad2c0c24",
        "source_timestamp": "2025-07-17",
        "download_date": "2026-05-31",
        "license": "dl-de-zero-2.0",
        "last_verified": "2026-05-31",
        "berlin_feature_id": "toiletten.700",
        "berlin_bezirk": "Friedrichshain-Kreuzberg",
        "berlin_vertrag": "Toilettenvertrag mit Wall",
        "berlin_modelltyp": "Berliner Toilette mit 2 Plätzen",
        "berlin_symbol": "WC",
        "berlin_nutzungsentgelt_raw": 0.5,
        "berlin_zahlungsart": "Karte/App/Paypal/BVG-Guthabenkarte",
        "berlin_barrierefrei_raw": "ja",
        "berlin_barrierearm_raw": "ja",
        "berlin_wickeltisch_raw": "nein"
      }
    },
    {
      "type": "Feature",
      "geometry": {
        "type": "Point",
        "coordinates": [
          13.43145832,
          52.46786214
        ]
      },
      "properties": {
        "facility_id": "atm-toilet-226",
        "name": "S-Bhf. Hermannstr., Siegfriedstr. ggü. 23 hinter Hermannstr.",
        "geometry_type": "Point",
        "address": "S-Bhf. Hermannstr., Siegfriedstr. ggü. 23 hinter Hermannstr.",
        "operator": "Wall GmbH",
        "access": "public",
        "fee": "no",
        "payment_method": null,
        "opening_hours": "24h",
        "wheelchair": "yes",
        "changing_table": "no",
        "toilet_type": "standalone",
        "gender_access": "unknown",
        "indoor": "no",
        "covered": "unknown",
        "drinking_water": "unknown",
        "supervised": "unknown",
        "maintenance_status": "operational",
        "source": "berlin_open_data_wfs",
        "source_id": "704",
        "source_url": "https://daten.berlin.de/datensaetze/offentliche-toiletten-wfs-ad2c0c24",
        "source_timestamp": "2025-07-17",
        "download_date": "2026-05-31",
        "license": "dl-de-zero-2.0",
        "last_verified": "2026-05-31",
        "berlin_feature_id": "toiletten.704",
        "berlin_bezirk": "Neukölln",
        "berlin_vertrag": "Toilettenvertrag mit Wall",
        "berlin_modelltyp": "Berliner Toilette 1 Platz mit 2 Pissoirs",
        "berlin_symbol": "WC",
        "berlin_nutzungsentgelt_raw": 0,
        "berlin_zahlungsart": null,
        "berlin_barrierefrei_raw": "ja",
        "berlin_barrierearm_raw": "ja",
        "berlin_wickeltisch_raw": "nein"
      }
    },
    {
      "type": "Feature",
      "geometry": {
        "type": "Point",
        "coordinates": [
          13.41713616,
          52.48445445
        ]
      },
      "properties": {
        "facility_id": "atm-toilet-227",
        "name": "Volkspark Hasenheide über Zufahrt Columbiadamm 160",
        "geometry_type": "Point",
        "address": "Volkspark Hasenheide über Zufahrt Columbiadamm 160",
        "operator": "Wall GmbH",
        "access": "public",
        "fee": "no",
        "payment_method": null,
        "opening_hours": "24h",
        "wheelchair": "yes",
        "changing_table": "yes",
        "toilet_type": "standalone",
        "gender_access": "unknown",
        "indoor": "no",
        "covered": "unknown",
        "drinking_water": "unknown",
        "supervised": "unknown",
        "maintenance_status": "operational",
        "source": "berlin_open_data_wfs",
        "source_id": "705",
        "source_url": "https://daten.berlin.de/datensaetze/offentliche-toiletten-wfs-ad2c0c24",
        "source_timestamp": "2025-07-17",
        "download_date": "2026-05-31",
        "license": "dl-de-zero-2.0",
        "last_verified": "2026-05-31",
        "berlin_feature_id": "toiletten.705",
        "berlin_bezirk": "Neukölln",
        "berlin_vertrag": "Toilettenvertrag mit Wall",
        "berlin_modelltyp": "Berliner Toilette 1 Platz mit 2 Pissoirs",
        "berlin_symbol": "WC",
        "berlin_nutzungsentgelt_raw": 0,
        "berlin_zahlungsart": null,
        "berlin_barrierefrei_raw": "ja",
        "berlin_barrierearm_raw": "ja",
        "berlin_wickeltisch_raw": "ja"
      }
    },
    {
      "type": "Feature",
      "geometry": {
        "type": "Point",
        "coordinates": [
          13.41822526,
          52.46251875
        ]
      },
      "properties": {
        "facility_id": "atm-toilet-228",
        "name": "Holzmannstr. ggü. 23 vor Rohrbeckstr.",
        "geometry_type": "Point",
        "address": "Holzmannstr. ggü. 23 vor Rohrbeckstr.",
        "operator": "Wall GmbH",
        "access": "public",
        "fee": "no",
        "payment_method": null,
        "opening_hours": "24h",
        "wheelchair": "yes",
        "changing_table": "yes",
        "toilet_type": "standalone",
        "gender_access": "unknown",
        "indoor": "no",
        "covered": "unknown",
        "drinking_water": "unknown",
        "supervised": "unknown",
        "maintenance_status": "operational",
        "source": "berlin_open_data_wfs",
        "source_id": "715",
        "source_url": "https://daten.berlin.de/datensaetze/offentliche-toiletten-wfs-ad2c0c24",
        "source_timestamp": "2025-07-17",
        "download_date": "2026-05-31",
        "license": "dl-de-zero-2.0",
        "last_verified": "2026-05-31",
        "berlin_feature_id": "toiletten.715",
        "berlin_bezirk": "Tempelhof-Schöneberg",
        "berlin_vertrag": "Toilettenvertrag mit Wall",
        "berlin_modelltyp": "Berliner Toilette 1 Platz mit 2 Pissoirs",
        "berlin_symbol": "WC",
        "berlin_nutzungsentgelt_raw": 0,
        "berlin_zahlungsart": null,
        "berlin_barrierefrei_raw": "ja",
        "berlin_barrierearm_raw": "ja",
        "berlin_wickeltisch_raw": "ja"
      }
    },
    {
      "type": "Feature",
      "geometry": {
        "type": "Point",
        "coordinates": [
          13.36647416,
          52.45960768
        ]
      },
      "properties": {
        "facility_id": "atm-toilet-229",
        "name": "Friedhof Eythstr., Eythst. 1-25 ggü. Bessemerstr.",
        "geometry_type": "Point",
        "address": "Friedhof Eythstr., Eythst. 1-25 ggü. Bessemerstr.",
        "operator": "Wall GmbH",
        "access": "public",
        "fee": "yes",
        "payment_method": "Karte/App/Paypal/BVG-Guthabenkarte",
        "opening_hours": "24h",
        "wheelchair": "yes",
        "changing_table": "no",
        "toilet_type": "standalone",
        "gender_access": "unknown",
        "indoor": "no",
        "covered": "unknown",
        "drinking_water": "unknown",
        "supervised": "unknown",
        "maintenance_status": "operational",
        "source": "berlin_open_data_wfs",
        "source_id": "716",
        "source_url": "https://daten.berlin.de/datensaetze/offentliche-toiletten-wfs-ad2c0c24",
        "source_timestamp": "2025-07-17",
        "download_date": "2026-05-31",
        "license": "dl-de-zero-2.0",
        "last_verified": "2026-05-31",
        "berlin_feature_id": "toiletten.716",
        "berlin_bezirk": "Tempelhof-Schöneberg",
        "berlin_vertrag": "Toilettenvertrag mit Wall",
        "berlin_modelltyp": "Berliner Toilette mit 1 Platz",
        "berlin_symbol": "WC",
        "berlin_nutzungsentgelt_raw": 0.5,
        "berlin_zahlungsart": "Karte/App/Paypal/BVG-Guthabenkarte",
        "berlin_barrierefrei_raw": "ja",
        "berlin_barrierearm_raw": "ja",
        "berlin_wickeltisch_raw": "nein"
      }
    },
    {
      "type": "Feature",
      "geometry": {
        "type": "Point",
        "coordinates": [
          13.39209928,
          52.43975235
        ]
      },
      "properties": {
        "facility_id": "atm-toilet-230",
        "name": "Am Heidefriedhof, Reißeckstr. 14",
        "geometry_type": "Point",
        "address": "Am Heidefriedhof, Reißeckstr. 14",
        "operator": "Wall GmbH",
        "access": "public",
        "fee": "yes",
        "payment_method": "Karte/App/Paypal/BVG-Guthabenkarte",
        "opening_hours": "24h",
        "wheelchair": "yes",
        "changing_table": "no",
        "toilet_type": "standalone",
        "gender_access": "unknown",
        "indoor": "no",
        "covered": "unknown",
        "drinking_water": "unknown",
        "supervised": "unknown",
        "maintenance_status": "operational",
        "source": "berlin_open_data_wfs",
        "source_id": "717",
        "source_url": "https://daten.berlin.de/datensaetze/offentliche-toiletten-wfs-ad2c0c24",
        "source_timestamp": "2025-07-17",
        "download_date": "2026-05-31",
        "license": "dl-de-zero-2.0",
        "last_verified": "2026-05-31",
        "berlin_feature_id": "toiletten.717",
        "berlin_bezirk": "Tempelhof-Schöneberg",
        "berlin_vertrag": "Toilettenvertrag mit Wall",
        "berlin_modelltyp": "Berliner Toilette mit 1 Platz",
        "berlin_symbol": "WC",
        "berlin_nutzungsentgelt_raw": 0.5,
        "berlin_zahlungsart": "Karte/App/Paypal/BVG-Guthabenkarte",
        "berlin_barrierefrei_raw": "ja",
        "berlin_barrierearm_raw": "ja",
        "berlin_wickeltisch_raw": "nein"
      }
    },
    {
      "type": "Feature",
      "geometry": {
        "type": "Point",
        "coordinates": [
          13.612439,
          52.51191616
        ]
      },
      "properties": {
        "facility_id": "atm-toilet-231",
        "name": "S-Bhf. Mahlsdorf, Hönower Str. ggü. 79 hinter ggü. Treskowstr.",
        "geometry_type": "Point",
        "address": "S-Bhf. Mahlsdorf, Hönower Str. ggü. 79 hinter ggü. Treskowstr.",
        "operator": "Wall GmbH",
        "access": "public",
        "fee": "no",
        "payment_method": null,
        "opening_hours": "24h",
        "wheelchair": "yes",
        "changing_table": "yes",
        "toilet_type": "standalone",
        "gender_access": "unknown",
        "indoor": "no",
        "covered": "unknown",
        "drinking_water": "unknown",
        "supervised": "unknown",
        "maintenance_status": "operational",
        "source": "berlin_open_data_wfs",
        "source_id": "719",
        "source_url": "https://daten.berlin.de/datensaetze/offentliche-toiletten-wfs-ad2c0c24",
        "source_timestamp": "2025-07-17",
        "download_date": "2026-05-31",
        "license": "dl-de-zero-2.0",
        "last_verified": "2026-05-31",
        "berlin_feature_id": "toiletten.719",
        "berlin_bezirk": "Marzahn-Hellersdorf",
        "berlin_vertrag": "Toilettenvertrag mit Wall",
        "berlin_modelltyp": "Berliner Toilette 1 Platz mit 2 Pissoirs",
        "berlin_symbol": "WC",
        "berlin_nutzungsentgelt_raw": 0,
        "berlin_zahlungsart": null,
        "berlin_barrierefrei_raw": "ja",
        "berlin_barrierearm_raw": "ja",
        "berlin_wickeltisch_raw": "ja"
      }
    },
    {
      "type": "Feature",
      "geometry": {
        "type": "Point",
        "coordinates": [
          13.52979487,
          52.48326899
        ]
      },
      "properties": {
        "facility_id": "atm-toilet-232",
        "name": "Rheinsteinpark, Königswinterstr. ggü. 7 vor Rheinsteinstr.",
        "geometry_type": "Point",
        "address": "Rheinsteinpark, Königswinterstr. ggü. 7 vor Rheinsteinstr.",
        "operator": "Wall GmbH",
        "access": "public",
        "fee": "yes",
        "payment_method": "Karte/App/Paypal/BVG-Guthabenkarte",
        "opening_hours": "24h",
        "wheelchair": "yes",
        "changing_table": "yes",
        "toilet_type": "standalone",
        "gender_access": "unknown",
        "indoor": "no",
        "covered": "unknown",
        "drinking_water": "unknown",
        "supervised": "unknown",
        "maintenance_status": "operational",
        "source": "berlin_open_data_wfs",
        "source_id": "729",
        "source_url": "https://daten.berlin.de/datensaetze/offentliche-toiletten-wfs-ad2c0c24",
        "source_timestamp": "2025-07-17",
        "download_date": "2026-05-31",
        "license": "dl-de-zero-2.0",
        "last_verified": "2026-05-31",
        "berlin_feature_id": "toiletten.729",
        "berlin_bezirk": "Lichtenberg",
        "berlin_vertrag": "Toilettenvertrag mit Wall",
        "berlin_modelltyp": "Berliner Toilette mit 1 Platz",
        "berlin_symbol": "WC",
        "berlin_nutzungsentgelt_raw": 0.5,
        "berlin_zahlungsart": "Karte/App/Paypal/BVG-Guthabenkarte",
        "berlin_barrierefrei_raw": "ja",
        "berlin_barrierearm_raw": "ja",
        "berlin_wickeltisch_raw": "ja"
      }
    },
    {
      "type": "Feature",
      "geometry": {
        "type": "Point",
        "coordinates": [
          13.52083415,
          52.51350194
        ]
      },
      "properties": {
        "facility_id": "atm-toilet-233",
        "name": "S-Bhf. Friedrichsfelde-Ost, Seddiner Str. 22",
        "geometry_type": "Point",
        "address": "S-Bhf. Friedrichsfelde-Ost, Seddiner Str. 22",
        "operator": "Wall GmbH",
        "access": "public",
        "fee": "yes",
        "payment_method": "Karte/App/Paypal/BVG-Guthabenkarte",
        "opening_hours": "24h",
        "wheelchair": "yes",
        "changing_table": "yes",
        "toilet_type": "standalone",
        "gender_access": "unknown",
        "indoor": "no",
        "covered": "unknown",
        "drinking_water": "unknown",
        "supervised": "unknown",
        "maintenance_status": "operational",
        "source": "berlin_open_data_wfs",
        "source_id": "734",
        "source_url": "https://daten.berlin.de/datensaetze/offentliche-toiletten-wfs-ad2c0c24",
        "source_timestamp": "2025-07-17",
        "download_date": "2026-05-31",
        "license": "dl-de-zero-2.0",
        "last_verified": "2026-05-31",
        "berlin_feature_id": "toiletten.734",
        "berlin_bezirk": "Lichtenberg",
        "berlin_vertrag": "Toilettenvertrag mit Wall",
        "berlin_modelltyp": "Berliner Toilette mit 1 Platz",
        "berlin_symbol": "WC",
        "berlin_nutzungsentgelt_raw": 0.5,
        "berlin_zahlungsart": "Karte/App/Paypal/BVG-Guthabenkarte",
        "berlin_barrierefrei_raw": "ja",
        "berlin_barrierearm_raw": "ja",
        "berlin_wickeltisch_raw": "ja"
      }
    },
    {
      "type": "Feature",
      "geometry": {
        "type": "Point",
        "coordinates": [
          13.20776401,
          52.53735115
        ]
      },
      "properties": {
        "facility_id": "atm-toilet-234",
        "name": "Lindenufer ggü. 10",
        "geometry_type": "Point",
        "address": "Lindenufer ggü. 10",
        "operator": "Wall GmbH",
        "access": "public",
        "fee": "yes",
        "payment_method": "Karte/App/Paypal/BVG-Guthabenkarte",
        "opening_hours": "24h",
        "wheelchair": "yes",
        "changing_table": "yes",
        "toilet_type": "standalone",
        "gender_access": "unknown",
        "indoor": "no",
        "covered": "unknown",
        "drinking_water": "unknown",
        "supervised": "unknown",
        "maintenance_status": "operational",
        "source": "berlin_open_data_wfs",
        "source_id": "738",
        "source_url": "https://daten.berlin.de/datensaetze/offentliche-toiletten-wfs-ad2c0c24",
        "source_timestamp": "2025-07-17",
        "download_date": "2026-05-31",
        "license": "dl-de-zero-2.0",
        "last_verified": "2026-05-31",
        "berlin_feature_id": "toiletten.738",
        "berlin_bezirk": "Spandau",
        "berlin_vertrag": "Toilettenvertrag mit Wall",
        "berlin_modelltyp": "Berliner Toilette mit 1 Platz",
        "berlin_symbol": "WC",
        "berlin_nutzungsentgelt_raw": 0.5,
        "berlin_zahlungsart": "Karte/App/Paypal/BVG-Guthabenkarte",
        "berlin_barrierefrei_raw": "ja",
        "berlin_barrierearm_raw": "ja",
        "berlin_wickeltisch_raw": "ja"
      }
    },
    {
      "type": "Feature",
      "geometry": {
        "type": "Point",
        "coordinates": [
          13.39612461,
          52.39691455
        ]
      },
      "properties": {
        "facility_id": "atm-toilet-235",
        "name": "Barnetstr. ggü. 54 vor Ekensunder Weg",
        "geometry_type": "Point",
        "address": "Barnetstr. ggü. 54 vor Ekensunder Weg",
        "operator": "Wall GmbH",
        "access": "public",
        "fee": "no",
        "payment_method": null,
        "opening_hours": "24h",
        "wheelchair": "yes",
        "changing_table": "yes",
        "toilet_type": "standalone",
        "gender_access": "unknown",
        "indoor": "no",
        "covered": "unknown",
        "drinking_water": "unknown",
        "supervised": "unknown",
        "maintenance_status": "operational",
        "source": "berlin_open_data_wfs",
        "source_id": "741",
        "source_url": "https://daten.berlin.de/datensaetze/offentliche-toiletten-wfs-ad2c0c24",
        "source_timestamp": "2025-07-17",
        "download_date": "2026-05-31",
        "license": "dl-de-zero-2.0",
        "last_verified": "2026-05-31",
        "berlin_feature_id": "toiletten.741",
        "berlin_bezirk": "Tempelhof-Schöneberg",
        "berlin_vertrag": "Toilettenvertrag mit Wall",
        "berlin_modelltyp": "Berliner Toilette 1 Platz mit 2 Pissoirs",
        "berlin_symbol": "WC",
        "berlin_nutzungsentgelt_raw": 0,
        "berlin_zahlungsart": null,
        "berlin_barrierefrei_raw": "ja",
        "berlin_barrierearm_raw": "ja",
        "berlin_wickeltisch_raw": "ja"
      }
    },
    {
      "type": "Feature",
      "geometry": {
        "type": "Point",
        "coordinates": [
          13.32615964,
          52.46568534
        ]
      },
      "properties": {
        "facility_id": "atm-toilet-236",
        "name": "Büsingstr. ggü. 2 vor Bornstr. (Spielplatz)",
        "geometry_type": "Point",
        "address": "Büsingstr. ggü. 2 vor Bornstr. (Spielplatz)",
        "operator": "Wall GmbH",
        "access": "public",
        "fee": "yes",
        "payment_method": "Karte/App/Paypal/BVG-Guthabenkarte",
        "opening_hours": "24h",
        "wheelchair": "yes",
        "changing_table": "yes",
        "toilet_type": "standalone",
        "gender_access": "unknown",
        "indoor": "no",
        "covered": "unknown",
        "drinking_water": "unknown",
        "supervised": "unknown",
        "maintenance_status": "operational",
        "source": "berlin_open_data_wfs",
        "source_id": "742",
        "source_url": "https://daten.berlin.de/datensaetze/offentliche-toiletten-wfs-ad2c0c24",
        "source_timestamp": "2025-07-17",
        "download_date": "2026-05-31",
        "license": "dl-de-zero-2.0",
        "last_verified": "2026-05-31",
        "berlin_feature_id": "toiletten.742",
        "berlin_bezirk": "Tempelhof-Schöneberg",
        "berlin_vertrag": "Toilettenvertrag mit Wall",
        "berlin_modelltyp": "Berliner Toilette mit 1 Platz",
        "berlin_symbol": "WC",
        "berlin_nutzungsentgelt_raw": 0.5,
        "berlin_zahlungsart": "Karte/App/Paypal/BVG-Guthabenkarte",
        "berlin_barrierefrei_raw": "ja",
        "berlin_barrierearm_raw": "ja",
        "berlin_wickeltisch_raw": "ja"
      }
    },
    {
      "type": "Feature",
      "geometry": {
        "type": "Point",
        "coordinates": [
          13.3453017,
          52.4879543
        ]
      },
      "properties": {
        "facility_id": "atm-toilet-237",
        "name": "Wartburgplatz, Martin-Luther-Str. vor Apostel-Paulus-Str.",
        "geometry_type": "Point",
        "address": "Wartburgplatz, Martin-Luther-Str. vor Apostel-Paulus-Str.",
        "operator": "Wall GmbH",
        "access": "public",
        "fee": "no",
        "payment_method": null,
        "opening_hours": "24h",
        "wheelchair": "yes",
        "changing_table": "yes",
        "toilet_type": "standalone",
        "gender_access": "unknown",
        "indoor": "no",
        "covered": "unknown",
        "drinking_water": "unknown",
        "supervised": "unknown",
        "maintenance_status": "operational",
        "source": "berlin_open_data_wfs",
        "source_id": "743",
        "source_url": "https://daten.berlin.de/datensaetze/offentliche-toiletten-wfs-ad2c0c24",
        "source_timestamp": "2025-07-17",
        "download_date": "2026-05-31",
        "license": "dl-de-zero-2.0",
        "last_verified": "2026-05-31",
        "berlin_feature_id": "toiletten.743",
        "berlin_bezirk": "Tempelhof-Schöneberg",
        "berlin_vertrag": "Toilettenvertrag mit Wall",
        "berlin_modelltyp": "Berliner Toilette 1 Platz mit 2 Pissoirs",
        "berlin_symbol": "WC",
        "berlin_nutzungsentgelt_raw": 0,
        "berlin_zahlungsart": null,
        "berlin_barrierefrei_raw": "ja",
        "berlin_barrierearm_raw": "ja",
        "berlin_wickeltisch_raw": "ja"
      }
    },
    {
      "type": "Feature",
      "geometry": {
        "type": "Point",
        "coordinates": [
          13.34515858,
          52.49690686
        ]
      },
      "properties": {
        "facility_id": "atm-toilet-238",
        "name": "Motzstr. ggü. 41 vor Geisbergstr. 1-2",
        "geometry_type": "Point",
        "address": "Motzstr. ggü. 41 vor Geisbergstr. 1-2",
        "operator": "Wall GmbH",
        "access": "public",
        "fee": "no",
        "payment_method": null,
        "opening_hours": "24h",
        "wheelchair": "yes",
        "changing_table": "yes",
        "toilet_type": "standalone",
        "gender_access": "unknown",
        "indoor": "no",
        "covered": "unknown",
        "drinking_water": "unknown",
        "supervised": "unknown",
        "maintenance_status": "operational",
        "source": "berlin_open_data_wfs",
        "source_id": "744",
        "source_url": "https://daten.berlin.de/datensaetze/offentliche-toiletten-wfs-ad2c0c24",
        "source_timestamp": "2025-07-17",
        "download_date": "2026-05-31",
        "license": "dl-de-zero-2.0",
        "last_verified": "2026-05-31",
        "berlin_feature_id": "toiletten.744",
        "berlin_bezirk": "Tempelhof-Schöneberg",
        "berlin_vertrag": "Toilettenvertrag mit Wall",
        "berlin_modelltyp": "Berliner Toilette 1 Platz mit 2 Pissoirs",
        "berlin_symbol": "WC",
        "berlin_nutzungsentgelt_raw": 0,
        "berlin_zahlungsart": null,
        "berlin_barrierefrei_raw": "ja",
        "berlin_barrierearm_raw": "ja",
        "berlin_wickeltisch_raw": "ja"
      }
    },
    {
      "type": "Feature",
      "geometry": {
        "type": "Point",
        "coordinates": [
          13.34058231,
          52.51810343
        ]
      },
      "properties": {
        "facility_id": "atm-toilet-239",
        "name": "Hansaplatz, Altonaer Str. ggü. 20-22 neben Kirche",
        "geometry_type": "Point",
        "address": "Hansaplatz, Altonaer Str. ggü. 20-22 neben Kirche",
        "operator": "Wall GmbH",
        "access": "public",
        "fee": "no",
        "payment_method": null,
        "opening_hours": "24h",
        "wheelchair": "yes",
        "changing_table": "no",
        "toilet_type": "standalone",
        "gender_access": "unknown",
        "indoor": "no",
        "covered": "unknown",
        "drinking_water": "unknown",
        "supervised": "unknown",
        "maintenance_status": "operational",
        "source": "berlin_open_data_wfs",
        "source_id": "745",
        "source_url": "https://daten.berlin.de/datensaetze/offentliche-toiletten-wfs-ad2c0c24",
        "source_timestamp": "2025-07-17",
        "download_date": "2026-05-31",
        "license": "dl-de-zero-2.0",
        "last_verified": "2026-05-31",
        "berlin_feature_id": "toiletten.745",
        "berlin_bezirk": "Mitte",
        "berlin_vertrag": "Toilettenvertrag mit Wall",
        "berlin_modelltyp": "Berliner Toilette 1 Platz mit 2 Pissoirs",
        "berlin_symbol": "WC",
        "berlin_nutzungsentgelt_raw": 0,
        "berlin_zahlungsart": null,
        "berlin_barrierefrei_raw": "ja",
        "berlin_barrierearm_raw": "ja",
        "berlin_wickeltisch_raw": "nein"
      }
    },
    {
      "type": "Feature",
      "geometry": {
        "type": "Point",
        "coordinates": [
          13.40105178,
          52.53302971
        ]
      },
      "properties": {
        "facility_id": "atm-toilet-240",
        "name": "Weinbergspark, Veteranenstr. ggü. 22",
        "geometry_type": "Point",
        "address": "Weinbergspark, Veteranenstr. ggü. 22",
        "operator": "Wall GmbH",
        "access": "public",
        "fee": "no",
        "payment_method": null,
        "opening_hours": "24h",
        "wheelchair": "yes",
        "changing_table": "no",
        "toilet_type": "standalone",
        "gender_access": "unknown",
        "indoor": "no",
        "covered": "unknown",
        "drinking_water": "unknown",
        "supervised": "unknown",
        "maintenance_status": "operational",
        "source": "berlin_open_data_wfs",
        "source_id": "747",
        "source_url": "https://daten.berlin.de/datensaetze/offentliche-toiletten-wfs-ad2c0c24",
        "source_timestamp": "2025-07-17",
        "download_date": "2026-05-31",
        "license": "dl-de-zero-2.0",
        "last_verified": "2026-05-31",
        "berlin_feature_id": "toiletten.747",
        "berlin_bezirk": "Mitte",
        "berlin_vertrag": "Toilettenvertrag mit Wall",
        "berlin_modelltyp": "Berliner Toilette 1 Platz mit 2 Pissoirs",
        "berlin_symbol": "WC",
        "berlin_nutzungsentgelt_raw": 0,
        "berlin_zahlungsart": null,
        "berlin_barrierefrei_raw": "ja",
        "berlin_barrierearm_raw": "ja",
        "berlin_wickeltisch_raw": "nein"
      }
    },
    {
      "type": "Feature",
      "geometry": {
        "type": "Point",
        "coordinates": [
          13.41390433,
          52.50826585
        ]
      },
      "properties": {
        "facility_id": "atm-toilet-241",
        "name": "Heinrich-Heine-Str. 16 vor Annenstr.",
        "geometry_type": "Point",
        "address": "Heinrich-Heine-Str. 16 vor Annenstr.",
        "operator": "Wall GmbH",
        "access": "public",
        "fee": "yes",
        "payment_method": "Karte/App/Paypal/BVG-Guthabenkarte",
        "opening_hours": "24h",
        "wheelchair": "yes",
        "changing_table": "no",
        "toilet_type": "standalone",
        "gender_access": "unknown",
        "indoor": "no",
        "covered": "unknown",
        "drinking_water": "unknown",
        "supervised": "unknown",
        "maintenance_status": "operational",
        "source": "berlin_open_data_wfs",
        "source_id": "748",
        "source_url": "https://daten.berlin.de/datensaetze/offentliche-toiletten-wfs-ad2c0c24",
        "source_timestamp": "2025-07-17",
        "download_date": "2026-05-31",
        "license": "dl-de-zero-2.0",
        "last_verified": "2026-05-31",
        "berlin_feature_id": "toiletten.748",
        "berlin_bezirk": "Mitte",
        "berlin_vertrag": "Toilettenvertrag mit Wall",
        "berlin_modelltyp": "Berliner Toilette mit 1 Platz",
        "berlin_symbol": "WC",
        "berlin_nutzungsentgelt_raw": 0.5,
        "berlin_zahlungsart": "Karte/App/Paypal/BVG-Guthabenkarte",
        "berlin_barrierefrei_raw": "ja",
        "berlin_barrierearm_raw": "ja",
        "berlin_wickeltisch_raw": "nein"
      }
    },
    {
      "type": "Feature",
      "geometry": {
        "type": "Point",
        "coordinates": [
          13.30119545,
          52.53020162
        ]
      },
      "properties": {
        "facility_id": "atm-toilet-242",
        "name": "S-Bhf. Jungfernheide, Lambertstr. ggü. Gallesteig",
        "geometry_type": "Point",
        "address": "S-Bhf. Jungfernheide, Lambertstr. ggü. Gallesteig",
        "operator": "Wall GmbH",
        "access": "public",
        "fee": "no",
        "payment_method": null,
        "opening_hours": "24h",
        "wheelchair": "yes",
        "changing_table": "no",
        "toilet_type": "standalone",
        "gender_access": "unknown",
        "indoor": "no",
        "covered": "unknown",
        "drinking_water": "unknown",
        "supervised": "unknown",
        "maintenance_status": "operational",
        "source": "berlin_open_data_wfs",
        "source_id": "751",
        "source_url": "https://daten.berlin.de/datensaetze/offentliche-toiletten-wfs-ad2c0c24",
        "source_timestamp": "2025-07-17",
        "download_date": "2026-05-31",
        "license": "dl-de-zero-2.0",
        "last_verified": "2026-05-31",
        "berlin_feature_id": "toiletten.751",
        "berlin_bezirk": "Charlottenburg-Wilmersdorf",
        "berlin_vertrag": "Toilettenvertrag mit Wall",
        "berlin_modelltyp": "Berliner Toilette 1 Platz mit 2 Pissoirs",
        "berlin_symbol": "WC",
        "berlin_nutzungsentgelt_raw": 0,
        "berlin_zahlungsart": null,
        "berlin_barrierefrei_raw": "ja",
        "berlin_barrierearm_raw": "ja",
        "berlin_wickeltisch_raw": "nein"
      }
    },
    {
      "type": "Feature",
      "geometry": {
        "type": "Point",
        "coordinates": [
          13.4007839,
          52.51166693
        ]
      },
      "properties": {
        "facility_id": "atm-toilet-243",
        "name": "Spittelmarkt, Niederwallstr. vor Leipziger Str. 54",
        "geometry_type": "Point",
        "address": "Spittelmarkt, Niederwallstr. vor Leipziger Str. 54",
        "operator": "Wall GmbH",
        "access": "public",
        "fee": "yes",
        "payment_method": "Karte/App/Paypal/BVG-Guthabenkarte",
        "opening_hours": "24h",
        "wheelchair": "yes",
        "changing_table": "no",
        "toilet_type": "standalone",
        "gender_access": "unknown",
        "indoor": "no",
        "covered": "unknown",
        "drinking_water": "unknown",
        "supervised": "unknown",
        "maintenance_status": "operational",
        "source": "berlin_open_data_wfs",
        "source_id": "758",
        "source_url": "https://daten.berlin.de/datensaetze/offentliche-toiletten-wfs-ad2c0c24",
        "source_timestamp": "2025-07-17",
        "download_date": "2026-05-31",
        "license": "dl-de-zero-2.0",
        "last_verified": "2026-05-31",
        "berlin_feature_id": "toiletten.758",
        "berlin_bezirk": "Mitte",
        "berlin_vertrag": "Toilettenvertrag mit Wall",
        "berlin_modelltyp": "Berliner Toilette mit 1 Platz",
        "berlin_symbol": "WC",
        "berlin_nutzungsentgelt_raw": 0.5,
        "berlin_zahlungsart": "Karte/App/Paypal/BVG-Guthabenkarte",
        "berlin_barrierefrei_raw": "ja",
        "berlin_barrierearm_raw": "ja",
        "berlin_wickeltisch_raw": "nein"
      }
    },
    {
      "type": "Feature",
      "geometry": {
        "type": "Point",
        "coordinates": [
          13.3722522,
          52.55703986
        ]
      },
      "properties": {
        "facility_id": "atm-toilet-244",
        "name": "U-Bhf. Osloer Str., Osloer Str. hinter Schwedenstr.",
        "geometry_type": "Point",
        "address": "U-Bhf. Osloer Str., Osloer Str. hinter Schwedenstr.",
        "operator": "Wall GmbH",
        "access": "public",
        "fee": "no",
        "payment_method": null,
        "opening_hours": "24h",
        "wheelchair": "yes",
        "changing_table": "no",
        "toilet_type": "standalone",
        "gender_access": "unknown",
        "indoor": "no",
        "covered": "unknown",
        "drinking_water": "unknown",
        "supervised": "unknown",
        "maintenance_status": "operational",
        "source": "berlin_open_data_wfs",
        "source_id": "762",
        "source_url": "https://daten.berlin.de/datensaetze/offentliche-toiletten-wfs-ad2c0c24",
        "source_timestamp": "2025-07-17",
        "download_date": "2026-05-31",
        "license": "dl-de-zero-2.0",
        "last_verified": "2026-05-31",
        "berlin_feature_id": "toiletten.762",
        "berlin_bezirk": "Mitte",
        "berlin_vertrag": "Toilettenvertrag mit Wall",
        "berlin_modelltyp": "Berliner Toilette 1 Platz mit 2 Pissoirs",
        "berlin_symbol": "WC",
        "berlin_nutzungsentgelt_raw": 0,
        "berlin_zahlungsart": null,
        "berlin_barrierefrei_raw": "ja",
        "berlin_barrierearm_raw": "ja",
        "berlin_wickeltisch_raw": "nein"
      }
    },
    {
      "type": "Feature",
      "geometry": {
        "type": "Point",
        "coordinates": [
          13.35229855,
          52.54627093
        ]
      },
      "properties": {
        "facility_id": "atm-toilet-245",
        "name": "Ostender Str. ggü. 12 hinter ggü. Antwerpener Str.",
        "geometry_type": "Point",
        "address": "Ostender Str. ggü. 12 hinter ggü. Antwerpener Str.",
        "operator": "Wall GmbH",
        "access": "public",
        "fee": "no",
        "payment_method": null,
        "opening_hours": "24h",
        "wheelchair": "yes",
        "changing_table": "yes",
        "toilet_type": "standalone",
        "gender_access": "unknown",
        "indoor": "no",
        "covered": "unknown",
        "drinking_water": "unknown",
        "supervised": "unknown",
        "maintenance_status": "operational",
        "source": "berlin_open_data_wfs",
        "source_id": "765",
        "source_url": "https://daten.berlin.de/datensaetze/offentliche-toiletten-wfs-ad2c0c24",
        "source_timestamp": "2025-07-17",
        "download_date": "2026-05-31",
        "license": "dl-de-zero-2.0",
        "last_verified": "2026-05-31",
        "berlin_feature_id": "toiletten.765",
        "berlin_bezirk": "Mitte",
        "berlin_vertrag": "Toilettenvertrag mit Wall",
        "berlin_modelltyp": "Berliner Toilette 1 Platz mit 2 Pissoirs",
        "berlin_symbol": "WC",
        "berlin_nutzungsentgelt_raw": 0,
        "berlin_zahlungsart": null,
        "berlin_barrierefrei_raw": "ja",
        "berlin_barrierearm_raw": "ja",
        "berlin_wickeltisch_raw": "ja"
      }
    },
    {
      "type": "Feature",
      "geometry": {
        "type": "Point",
        "coordinates": [
          13.34675975,
          52.56054176
        ]
      },
      "properties": {
        "facility_id": "atm-toilet-246",
        "name": "Dubliner Str. vor Bristolstr. (Plansche Schillerpark)",
        "geometry_type": "Point",
        "address": "Dubliner Str. vor Bristolstr. (Plansche Schillerpark)",
        "operator": "Wall GmbH",
        "access": "public",
        "fee": "yes",
        "payment_method": "Karte/App/Paypal/BVG-Guthabenkarte",
        "opening_hours": "24h",
        "wheelchair": "yes",
        "changing_table": "yes",
        "toilet_type": "standalone",
        "gender_access": "unknown",
        "indoor": "no",
        "covered": "unknown",
        "drinking_water": "unknown",
        "supervised": "unknown",
        "maintenance_status": "operational",
        "source": "berlin_open_data_wfs",
        "source_id": "790",
        "source_url": "https://daten.berlin.de/datensaetze/offentliche-toiletten-wfs-ad2c0c24",
        "source_timestamp": "2025-07-17",
        "download_date": "2026-05-31",
        "license": "dl-de-zero-2.0",
        "last_verified": "2026-05-31",
        "berlin_feature_id": "toiletten.790",
        "berlin_bezirk": "Mitte",
        "berlin_vertrag": "Toilettenvertrag mit Wall",
        "berlin_modelltyp": "Berliner Toilette mit 2 Plätzen",
        "berlin_symbol": "WC",
        "berlin_nutzungsentgelt_raw": 0.5,
        "berlin_zahlungsart": "Karte/App/Paypal/BVG-Guthabenkarte",
        "berlin_barrierefrei_raw": "ja",
        "berlin_barrierearm_raw": "ja",
        "berlin_wickeltisch_raw": "ja"
      }
    },
    {
      "type": "Feature",
      "geometry": {
        "type": "Point",
        "coordinates": [
          13.56284008,
          52.44649501
        ]
      },
      "properties": {
        "facility_id": "atm-toilet-247",
        "name": "S-Bhf. Spindlersfeld, Ottomar-Geschke-Str. ggü. 49 vor Ernst-Grube-Str.",
        "geometry_type": "Point",
        "address": "S-Bhf. Spindlersfeld, Ottomar-Geschke-Str. ggü. 49 vor Ernst-Grube-Str.",
        "operator": "Wall GmbH",
        "access": "public",
        "fee": "yes",
        "payment_method": "Karte/App/Paypal/BVG-Guthabenkarte",
        "opening_hours": "24h",
        "wheelchair": "yes",
        "changing_table": "no",
        "toilet_type": "standalone",
        "gender_access": "unknown",
        "indoor": "no",
        "covered": "unknown",
        "drinking_water": "unknown",
        "supervised": "unknown",
        "maintenance_status": "operational",
        "source": "berlin_open_data_wfs",
        "source_id": "794",
        "source_url": "https://daten.berlin.de/datensaetze/offentliche-toiletten-wfs-ad2c0c24",
        "source_timestamp": "2025-07-17",
        "download_date": "2026-05-31",
        "license": "dl-de-zero-2.0",
        "last_verified": "2026-05-31",
        "berlin_feature_id": "toiletten.794",
        "berlin_bezirk": "Treptow-Köpenick",
        "berlin_vertrag": "Toilettenvertrag mit Wall",
        "berlin_modelltyp": "Berliner Toilette mit 1 Platz",
        "berlin_symbol": "WC",
        "berlin_nutzungsentgelt_raw": 0.5,
        "berlin_zahlungsart": "Karte/App/Paypal/BVG-Guthabenkarte",
        "berlin_barrierefrei_raw": "ja",
        "berlin_barrierearm_raw": "ja",
        "berlin_wickeltisch_raw": "nein"
      }
    },
    {
      "type": "Feature",
      "geometry": {
        "type": "Point",
        "coordinates": [
          13.57381067,
          52.44532621
        ]
      },
      "properties": {
        "facility_id": "atm-toilet-248",
        "name": "Freiheit 1 hinter Alt-Köpenick / Kirchstr.",
        "geometry_type": "Point",
        "address": "Freiheit 1 hinter Alt-Köpenick / Kirchstr.",
        "operator": "Wall GmbH",
        "access": "public",
        "fee": "no",
        "payment_method": null,
        "opening_hours": "24h",
        "wheelchair": "yes",
        "changing_table": "yes",
        "toilet_type": "standalone",
        "gender_access": "unknown",
        "indoor": "no",
        "covered": "unknown",
        "drinking_water": "unknown",
        "supervised": "unknown",
        "maintenance_status": "operational",
        "source": "berlin_open_data_wfs",
        "source_id": "795",
        "source_url": "https://daten.berlin.de/datensaetze/offentliche-toiletten-wfs-ad2c0c24",
        "source_timestamp": "2025-07-17",
        "download_date": "2026-05-31",
        "license": "dl-de-zero-2.0",
        "last_verified": "2026-05-31",
        "berlin_feature_id": "toiletten.795",
        "berlin_bezirk": "Treptow-Köpenick",
        "berlin_vertrag": "Toilettenvertrag mit Wall",
        "berlin_modelltyp": "Berliner Toilette 1 Platz mit 2 Pissoirs",
        "berlin_symbol": "WC",
        "berlin_nutzungsentgelt_raw": 0,
        "berlin_zahlungsart": null,
        "berlin_barrierefrei_raw": "ja",
        "berlin_barrierearm_raw": "ja",
        "berlin_wickeltisch_raw": "ja"
      }
    },
    {
      "type": "Feature",
      "geometry": {
        "type": "Point",
        "coordinates": [
          13.37090504,
          52.5632982
        ]
      },
      "properties": {
        "facility_id": "atm-toilet-249",
        "name": "Letteplatz, Letteallee ggü. 46 vor ggü. Kühleweinstr.",
        "geometry_type": "Point",
        "address": "Letteplatz, Letteallee ggü. 46 vor ggü. Kühleweinstr.",
        "operator": "Wall GmbH",
        "access": "public",
        "fee": "yes",
        "payment_method": "Karte/App/Paypal/BVG-Guthabenkarte",
        "opening_hours": "24h",
        "wheelchair": "yes",
        "changing_table": "yes",
        "toilet_type": "standalone",
        "gender_access": "unknown",
        "indoor": "no",
        "covered": "unknown",
        "drinking_water": "unknown",
        "supervised": "unknown",
        "maintenance_status": "operational",
        "source": "berlin_open_data_wfs",
        "source_id": "796",
        "source_url": "https://daten.berlin.de/datensaetze/offentliche-toiletten-wfs-ad2c0c24",
        "source_timestamp": "2025-07-17",
        "download_date": "2026-05-31",
        "license": "dl-de-zero-2.0",
        "last_verified": "2026-05-31",
        "berlin_feature_id": "toiletten.796",
        "berlin_bezirk": "Reinickendorf",
        "berlin_vertrag": "Toilettenvertrag mit Wall",
        "berlin_modelltyp": "Berliner Toilette mit 1 Platz",
        "berlin_symbol": "WC",
        "berlin_nutzungsentgelt_raw": 0.5,
        "berlin_zahlungsart": "Karte/App/Paypal/BVG-Guthabenkarte",
        "berlin_barrierefrei_raw": "ja",
        "berlin_barrierearm_raw": "ja",
        "berlin_wickeltisch_raw": "ja"
      }
    },
    {
      "type": "Feature",
      "geometry": {
        "type": "Point",
        "coordinates": [
          13.35379007,
          52.59966521
        ]
      },
      "properties": {
        "facility_id": "atm-toilet-250",
        "name": "Senftenberger Ring vor 99 (BMX-Park/Skater-Park MV)",
        "geometry_type": "Point",
        "address": "Senftenberger Ring vor 99 (BMX-Park/Skater-Park MV)",
        "operator": "Wall GmbH",
        "access": "public",
        "fee": "yes",
        "payment_method": "Karte/App/Paypal/BVG-Guthabenkarte",
        "opening_hours": "24h",
        "wheelchair": "yes",
        "changing_table": "no",
        "toilet_type": "standalone",
        "gender_access": "unknown",
        "indoor": "no",
        "covered": "unknown",
        "drinking_water": "unknown",
        "supervised": "unknown",
        "maintenance_status": "operational",
        "source": "berlin_open_data_wfs",
        "source_id": "797",
        "source_url": "https://daten.berlin.de/datensaetze/offentliche-toiletten-wfs-ad2c0c24",
        "source_timestamp": "2025-07-17",
        "download_date": "2026-05-31",
        "license": "dl-de-zero-2.0",
        "last_verified": "2026-05-31",
        "berlin_feature_id": "toiletten.797",
        "berlin_bezirk": "Reinickendorf",
        "berlin_vertrag": "Toilettenvertrag mit Wall",
        "berlin_modelltyp": "Berliner Toilette mit 2 Plätzen",
        "berlin_symbol": "WC",
        "berlin_nutzungsentgelt_raw": 0.5,
        "berlin_zahlungsart": "Karte/App/Paypal/BVG-Guthabenkarte",
        "berlin_barrierefrei_raw": "ja",
        "berlin_barrierearm_raw": "ja",
        "berlin_wickeltisch_raw": "nein"
      }
    },
    {
      "type": "Feature",
      "geometry": {
        "type": "Point",
        "coordinates": [
          13.30597673,
          52.60179772
        ]
      },
      "properties": {
        "facility_id": "atm-toilet-251",
        "name": "Steinbergpark, Waidmannsluster Damm ggü. 85",
        "geometry_type": "Point",
        "address": "Steinbergpark, Waidmannsluster Damm ggü. 85",
        "operator": "Wall GmbH",
        "access": "public",
        "fee": "yes",
        "payment_method": "Karte/App/Paypal/BVG-Guthabenkarte",
        "opening_hours": "24h",
        "wheelchair": "yes",
        "changing_table": "no",
        "toilet_type": "standalone",
        "gender_access": "unknown",
        "indoor": "no",
        "covered": "unknown",
        "drinking_water": "unknown",
        "supervised": "unknown",
        "maintenance_status": "operational",
        "source": "berlin_open_data_wfs",
        "source_id": "798",
        "source_url": "https://daten.berlin.de/datensaetze/offentliche-toiletten-wfs-ad2c0c24",
        "source_timestamp": "2025-07-17",
        "download_date": "2026-05-31",
        "license": "dl-de-zero-2.0",
        "last_verified": "2026-05-31",
        "berlin_feature_id": "toiletten.798",
        "berlin_bezirk": "Reinickendorf",
        "berlin_vertrag": "Toilettenvertrag mit Wall",
        "berlin_modelltyp": "Berliner Toilette mit 1 Platz",
        "berlin_symbol": "WC",
        "berlin_nutzungsentgelt_raw": 0.5,
        "berlin_zahlungsart": "Karte/App/Paypal/BVG-Guthabenkarte",
        "berlin_barrierefrei_raw": "ja",
        "berlin_barrierearm_raw": "ja",
        "berlin_wickeltisch_raw": "nein"
      }
    },
    {
      "type": "Feature",
      "geometry": {
        "type": "Point",
        "coordinates": [
          13.36471606,
          52.60744812
        ]
      },
      "properties": {
        "facility_id": "atm-toilet-252",
        "name": "Freizeitpark Lübars, Spielplatz Alte Fasanerie/Freizeitpark Lübars",
        "geometry_type": "Point",
        "address": "Freizeitpark Lübars, Spielplatz Alte Fasanerie/Freizeitpark Lübars",
        "operator": "Wall GmbH",
        "access": "public",
        "fee": "yes",
        "payment_method": "Karte/App/Paypal/BVG-Guthabenkarte",
        "opening_hours": "24h",
        "wheelchair": "yes",
        "changing_table": "yes",
        "toilet_type": "standalone",
        "gender_access": "unknown",
        "indoor": "no",
        "covered": "unknown",
        "drinking_water": "unknown",
        "supervised": "unknown",
        "maintenance_status": "operational",
        "source": "berlin_open_data_wfs",
        "source_id": "801",
        "source_url": "https://daten.berlin.de/datensaetze/offentliche-toiletten-wfs-ad2c0c24",
        "source_timestamp": "2025-07-17",
        "download_date": "2026-05-31",
        "license": "dl-de-zero-2.0",
        "last_verified": "2026-05-31",
        "berlin_feature_id": "toiletten.801",
        "berlin_bezirk": "Reinickendorf",
        "berlin_vertrag": "Toilettenvertrag mit Wall",
        "berlin_modelltyp": "Berliner Toilette mit 1 Platz",
        "berlin_symbol": "WC",
        "berlin_nutzungsentgelt_raw": 0.5,
        "berlin_zahlungsart": "Karte/App/Paypal/BVG-Guthabenkarte",
        "berlin_barrierefrei_raw": "ja",
        "berlin_barrierearm_raw": "ja",
        "berlin_wickeltisch_raw": "ja"
      }
    },
    {
      "type": "Feature",
      "geometry": {
        "type": "Point",
        "coordinates": [
          13.18423147,
          52.48414676
        ]
      },
      "properties": {
        "facility_id": "atm-toilet-253",
        "name": "Alt-Gatow hinter 65 (Parkplatz)",
        "geometry_type": "Point",
        "address": "Alt-Gatow hinter 65 (Parkplatz)",
        "operator": "Wall GmbH",
        "access": "public",
        "fee": "no",
        "payment_method": null,
        "opening_hours": "24h",
        "wheelchair": "yes",
        "changing_table": "yes",
        "toilet_type": "standalone",
        "gender_access": "unknown",
        "indoor": "no",
        "covered": "unknown",
        "drinking_water": "unknown",
        "supervised": "unknown",
        "maintenance_status": "operational",
        "source": "berlin_open_data_wfs",
        "source_id": "802",
        "source_url": "https://daten.berlin.de/datensaetze/offentliche-toiletten-wfs-ad2c0c24",
        "source_timestamp": "2025-07-17",
        "download_date": "2026-05-31",
        "license": "dl-de-zero-2.0",
        "last_verified": "2026-05-31",
        "berlin_feature_id": "toiletten.802",
        "berlin_bezirk": "Spandau",
        "berlin_vertrag": "Toilettenvertrag mit Wall",
        "berlin_modelltyp": "Berliner Toilette 1 Platz mit 2 Pissoirs",
        "berlin_symbol": "WC",
        "berlin_nutzungsentgelt_raw": 0,
        "berlin_zahlungsart": null,
        "berlin_barrierefrei_raw": "ja",
        "berlin_barrierearm_raw": "ja",
        "berlin_wickeltisch_raw": "ja"
      }
    },
    {
      "type": "Feature",
      "geometry": {
        "type": "Point",
        "coordinates": [
          13.3913257,
          52.49795132
        ]
      },
      "properties": {
        "facility_id": "atm-toilet-254",
        "name": "Hallesches Ufer hinter Gitschiner Str./Mehringplatz",
        "geometry_type": "Point",
        "address": "Hallesches Ufer hinter Gitschiner Str./Mehringplatz",
        "operator": "Wall GmbH",
        "access": "public",
        "fee": "no",
        "payment_method": null,
        "opening_hours": "24h",
        "wheelchair": "yes",
        "changing_table": "no",
        "toilet_type": "standalone",
        "gender_access": "unknown",
        "indoor": "no",
        "covered": "unknown",
        "drinking_water": "unknown",
        "supervised": "unknown",
        "maintenance_status": "operational",
        "source": "berlin_open_data_wfs",
        "source_id": "804",
        "source_url": "https://daten.berlin.de/datensaetze/offentliche-toiletten-wfs-ad2c0c24",
        "source_timestamp": "2025-07-17",
        "download_date": "2026-05-31",
        "license": "dl-de-zero-2.0",
        "last_verified": "2026-05-31",
        "berlin_feature_id": "toiletten.804",
        "berlin_bezirk": "Friedrichshain-Kreuzberg",
        "berlin_vertrag": "Toilettenvertrag mit Wall",
        "berlin_modelltyp": "Berliner Toilette 1 Platz mit 2 Pissoirs",
        "berlin_symbol": "WC",
        "berlin_nutzungsentgelt_raw": 0,
        "berlin_zahlungsart": null,
        "berlin_barrierefrei_raw": "ja",
        "berlin_barrierearm_raw": "ja",
        "berlin_wickeltisch_raw": "nein"
      }
    },
    {
      "type": "Feature",
      "geometry": {
        "type": "Point",
        "coordinates": [
          13.45874385,
          52.55557443
        ]
      },
      "properties": {
        "facility_id": "atm-toilet-255",
        "name": "Am Weißen See, Parkstr. ggü. 80 hinter ggü. Blechenstr.",
        "geometry_type": "Point",
        "address": "Am Weißen See, Parkstr. ggü. 80 hinter ggü. Blechenstr.",
        "operator": "Wall GmbH",
        "access": "public",
        "fee": "no",
        "payment_method": null,
        "opening_hours": "24h",
        "wheelchair": "yes",
        "changing_table": "yes",
        "toilet_type": "standalone",
        "gender_access": "unknown",
        "indoor": "no",
        "covered": "unknown",
        "drinking_water": "unknown",
        "supervised": "unknown",
        "maintenance_status": "operational",
        "source": "berlin_open_data_wfs",
        "source_id": "806",
        "source_url": "https://daten.berlin.de/datensaetze/offentliche-toiletten-wfs-ad2c0c24",
        "source_timestamp": "2025-07-17",
        "download_date": "2026-05-31",
        "license": "dl-de-zero-2.0",
        "last_verified": "2026-05-31",
        "berlin_feature_id": "toiletten.806",
        "berlin_bezirk": "Pankow",
        "berlin_vertrag": "Toilettenvertrag mit Wall",
        "berlin_modelltyp": "Berliner Toilette 1 Platz mit 2 Pissoirs",
        "berlin_symbol": "WC",
        "berlin_nutzungsentgelt_raw": 0,
        "berlin_zahlungsart": null,
        "berlin_barrierefrei_raw": "ja",
        "berlin_barrierearm_raw": "ja",
        "berlin_wickeltisch_raw": "ja"
      }
    },
    {
      "type": "Feature",
      "geometry": {
        "type": "Point",
        "coordinates": [
          13.4568589,
          52.50268311
        ]
      },
      "properties": {
        "facility_id": "atm-toilet-256",
        "name": "Rudolfplatz, Modersohnstr. ggü. 53-55 hinter Rudolfstr.",
        "geometry_type": "Point",
        "address": "Rudolfplatz, Modersohnstr. ggü. 53-55 hinter Rudolfstr.",
        "operator": "Wall GmbH",
        "access": "public",
        "fee": "no",
        "payment_method": null,
        "opening_hours": "24h",
        "wheelchair": "yes",
        "changing_table": "no",
        "toilet_type": "standalone",
        "gender_access": "unknown",
        "indoor": "no",
        "covered": "unknown",
        "drinking_water": "unknown",
        "supervised": "unknown",
        "maintenance_status": "operational",
        "source": "berlin_open_data_wfs",
        "source_id": "807",
        "source_url": "https://daten.berlin.de/datensaetze/offentliche-toiletten-wfs-ad2c0c24",
        "source_timestamp": "2025-07-17",
        "download_date": "2026-05-31",
        "license": "dl-de-zero-2.0",
        "last_verified": "2026-05-31",
        "berlin_feature_id": "toiletten.807",
        "berlin_bezirk": "Friedrichshain-Kreuzberg",
        "berlin_vertrag": "Toilettenvertrag mit Wall",
        "berlin_modelltyp": "Berliner Toilette 1 Platz mit 2 Pissoirs",
        "berlin_symbol": "WC",
        "berlin_nutzungsentgelt_raw": 0,
        "berlin_zahlungsart": null,
        "berlin_barrierefrei_raw": "ja",
        "berlin_barrierearm_raw": "ja",
        "berlin_wickeltisch_raw": "nein"
      }
    },
    {
      "type": "Feature",
      "geometry": {
        "type": "Point",
        "coordinates": [
          13.44022382,
          52.44771059
        ]
      },
      "properties": {
        "facility_id": "atm-toilet-257",
        "name": "Fulhamer Allee ggü. 34",
        "geometry_type": "Point",
        "address": "Fulhamer Allee ggü. 34",
        "operator": "Wall GmbH",
        "access": "public",
        "fee": "no",
        "payment_method": null,
        "opening_hours": "24h",
        "wheelchair": "yes",
        "changing_table": "no",
        "toilet_type": "standalone",
        "gender_access": "unknown",
        "indoor": "no",
        "covered": "unknown",
        "drinking_water": "unknown",
        "supervised": "unknown",
        "maintenance_status": "operational",
        "source": "berlin_open_data_wfs",
        "source_id": "808",
        "source_url": "https://daten.berlin.de/datensaetze/offentliche-toiletten-wfs-ad2c0c24",
        "source_timestamp": "2025-07-17",
        "download_date": "2026-05-31",
        "license": "dl-de-zero-2.0",
        "last_verified": "2026-05-31",
        "berlin_feature_id": "toiletten.808",
        "berlin_bezirk": "Neukölln",
        "berlin_vertrag": "Toilettenvertrag mit Wall",
        "berlin_modelltyp": "Berliner Toilette 1 Platz mit 2 Pissoirs",
        "berlin_symbol": "WC",
        "berlin_nutzungsentgelt_raw": 0,
        "berlin_zahlungsart": null,
        "berlin_barrierefrei_raw": "ja",
        "berlin_barrierearm_raw": "ja",
        "berlin_wickeltisch_raw": "nein"
      }
    },
    {
      "type": "Feature",
      "geometry": {
        "type": "Point",
        "coordinates": [
          13.49694955,
          52.56987395
        ]
      },
      "properties": {
        "facility_id": "atm-toilet-258",
        "name": "Zingster Str. hinter Ribnitzer Str. 17",
        "geometry_type": "Point",
        "address": "Zingster Str. hinter Ribnitzer Str. 17",
        "operator": "Wall GmbH",
        "access": "public",
        "fee": "yes",
        "payment_method": "Karte/App/Paypal/BVG-Guthabenkarte",
        "opening_hours": "24h",
        "wheelchair": "yes",
        "changing_table": "yes",
        "toilet_type": "standalone",
        "gender_access": "unknown",
        "indoor": "no",
        "covered": "unknown",
        "drinking_water": "unknown",
        "supervised": "unknown",
        "maintenance_status": "operational",
        "source": "berlin_open_data_wfs",
        "source_id": "809",
        "source_url": "https://daten.berlin.de/datensaetze/offentliche-toiletten-wfs-ad2c0c24",
        "source_timestamp": "2025-07-17",
        "download_date": "2026-05-31",
        "license": "dl-de-zero-2.0",
        "last_verified": "2026-05-31",
        "berlin_feature_id": "toiletten.809",
        "berlin_bezirk": "Lichtenberg",
        "berlin_vertrag": "Toilettenvertrag mit Wall",
        "berlin_modelltyp": "Berliner Toilette mit 1 Platz",
        "berlin_symbol": "WC",
        "berlin_nutzungsentgelt_raw": 0.5,
        "berlin_zahlungsart": "Karte/App/Paypal/BVG-Guthabenkarte",
        "berlin_barrierefrei_raw": "ja",
        "berlin_barrierearm_raw": "ja",
        "berlin_wickeltisch_raw": "ja"
      }
    },
    {
      "type": "Feature",
      "geometry": {
        "type": "Point",
        "coordinates": [
          13.17622222,
          52.42147226
        ]
      },
      "properties": {
        "facility_id": "atm-toilet-259",
        "name": "Wannsee , Rönnebypromenade vor Anlegestelle Wannsee (hi. Kronprinzessinenweg)",
        "geometry_type": "Point",
        "address": "Wannsee , Rönnebypromenade vor Anlegestelle Wannsee (hi. Kronprinzessinenweg)",
        "operator": "Wall GmbH",
        "access": "public",
        "fee": "no",
        "payment_method": null,
        "opening_hours": "April-Sept. 07:00 -22:00 \nOkt. - März 08:00-20:00",
        "wheelchair": "no",
        "changing_table": "no",
        "toilet_type": "standalone",
        "gender_access": "unknown",
        "indoor": "no",
        "covered": "unknown",
        "drinking_water": "unknown",
        "supervised": "unknown",
        "maintenance_status": "operational",
        "source": "berlin_open_data_wfs",
        "source_id": "847",
        "source_url": "https://daten.berlin.de/datensaetze/offentliche-toiletten-wfs-ad2c0c24",
        "source_timestamp": "2025-07-17",
        "download_date": "2026-05-31",
        "license": "dl-de-zero-2.0",
        "last_verified": "2026-05-31",
        "berlin_feature_id": "toiletten.847",
        "berlin_bezirk": "Steglitz-Zehlendorf",
        "berlin_vertrag": "Toilettenvertrag mit Wall",
        "berlin_modelltyp": "gemauert",
        "berlin_symbol": "WC",
        "berlin_nutzungsentgelt_raw": 0,
        "berlin_zahlungsart": null,
        "berlin_barrierefrei_raw": "nein",
        "berlin_barrierearm_raw": "nein",
        "berlin_wickeltisch_raw": "nein"
      }
    },
    {
      "type": "Feature",
      "geometry": {
        "type": "Point",
        "coordinates": [
          13.47848841,
          52.49203795
        ]
      },
      "properties": {
        "facility_id": "atm-toilet-260",
        "name": "Wendenpark, Alt-Stralau, Tunnelstr. ggü. 48-48C hinter Alt-Stralau",
        "geometry_type": "Point",
        "address": "Wendenpark, Alt-Stralau, Tunnelstr. ggü. 48-48C hinter Alt-Stralau",
        "operator": "Wall GmbH",
        "access": "public",
        "fee": "no",
        "payment_method": null,
        "opening_hours": "24h",
        "wheelchair": "no",
        "changing_table": "no",
        "toilet_type": "standalone",
        "gender_access": "unknown",
        "indoor": "no",
        "covered": "unknown",
        "drinking_water": "unknown",
        "supervised": "unknown",
        "maintenance_status": "operational",
        "source": "berlin_open_data_wfs",
        "source_id": "859",
        "source_url": "https://daten.berlin.de/datensaetze/offentliche-toiletten-wfs-ad2c0c24",
        "source_timestamp": "2025-07-17",
        "download_date": "2026-05-31",
        "license": "dl-de-zero-2.0",
        "last_verified": "2026-05-31",
        "berlin_feature_id": "toiletten.859",
        "berlin_bezirk": "Friedrichshain-Kreuzberg",
        "berlin_vertrag": "Toilettenvertrag mit Wall",
        "berlin_modelltyp": "gemauert",
        "berlin_symbol": "WC",
        "berlin_nutzungsentgelt_raw": 0,
        "berlin_zahlungsart": null,
        "berlin_barrierefrei_raw": "nein",
        "berlin_barrierearm_raw": "nein",
        "berlin_wickeltisch_raw": "nein"
      }
    },
    {
      "type": "Feature",
      "geometry": {
        "type": "Point",
        "coordinates": [
          13.48005605,
          52.48551876
        ]
      },
      "properties": {
        "facility_id": "atm-toilet-261",
        "name": "Treptower Park, Weltspielplatz/Alt-Treptow hinter Bulgarische Str.",
        "geometry_type": "Point",
        "address": "Treptower Park, Weltspielplatz/Alt-Treptow hinter Bulgarische Str.",
        "operator": "Wall GmbH",
        "access": "public",
        "fee": "no",
        "payment_method": null,
        "opening_hours": "24h",
        "wheelchair": "no",
        "changing_table": "no",
        "toilet_type": "unknown",
        "gender_access": "unknown",
        "indoor": "unknown",
        "covered": "unknown",
        "drinking_water": "unknown",
        "supervised": "unknown",
        "maintenance_status": "operational",
        "source": "berlin_open_data_wfs",
        "source_id": "863",
        "source_url": "https://daten.berlin.de/datensaetze/offentliche-toiletten-wfs-ad2c0c24",
        "source_timestamp": "2025-07-17",
        "download_date": "2026-05-31",
        "license": "dl-de-zero-2.0",
        "last_verified": "2026-05-31",
        "berlin_feature_id": "toiletten.863",
        "berlin_bezirk": "Treptow-Köpenick",
        "berlin_vertrag": "Toilettenvertrag mit Wall",
        "berlin_modelltyp": "automatisches WC",
        "berlin_symbol": "WC",
        "berlin_nutzungsentgelt_raw": 0,
        "berlin_zahlungsart": null,
        "berlin_barrierefrei_raw": "nein",
        "berlin_barrierearm_raw": "nein",
        "berlin_wickeltisch_raw": "nein"
      }
    },
    {
      "type": "Feature",
      "geometry": {
        "type": "Point",
        "coordinates": [
          13.47119826,
          52.61567065
        ]
      },
      "properties": {
        "facility_id": "atm-toilet-262",
        "name": "Hubertusdamm ggü. 7 (Parkplatz Bhf. Karow)",
        "geometry_type": "Point",
        "address": "Hubertusdamm ggü. 7 (Parkplatz Bhf. Karow)",
        "operator": "Wall GmbH",
        "access": "public",
        "fee": "no",
        "payment_method": null,
        "opening_hours": "24h",
        "wheelchair": "yes",
        "changing_table": "yes",
        "toilet_type": "standalone",
        "gender_access": "unknown",
        "indoor": "no",
        "covered": "unknown",
        "drinking_water": "unknown",
        "supervised": "unknown",
        "maintenance_status": "operational",
        "source": "berlin_open_data_wfs",
        "source_id": "868",
        "source_url": "https://daten.berlin.de/datensaetze/offentliche-toiletten-wfs-ad2c0c24",
        "source_timestamp": "2025-07-17",
        "download_date": "2026-05-31",
        "license": "dl-de-zero-2.0",
        "last_verified": "2026-05-31",
        "berlin_feature_id": "toiletten.868",
        "berlin_bezirk": "Pankow",
        "berlin_vertrag": "Toilettenvertrag mit Wall",
        "berlin_modelltyp": "Berliner Toilette 1 Platz mit 2 Pissoirs",
        "berlin_symbol": "WC",
        "berlin_nutzungsentgelt_raw": 0,
        "berlin_zahlungsart": null,
        "berlin_barrierefrei_raw": "ja",
        "berlin_barrierearm_raw": "ja",
        "berlin_wickeltisch_raw": "ja"
      }
    },
    {
      "type": "Feature",
      "geometry": {
        "type": "Point",
        "coordinates": [
          13.23682913,
          52.51062289
        ]
      },
      "properties": {
        "facility_id": "atm-toilet-263",
        "name": "Olympiastadion, Jesse–Owens–Allee ggü Allee vor ggü. 2 ggü. Eingang Reithalle/Tunnelweg",
        "geometry_type": "Point",
        "address": "Olympiastadion, Jesse–Owens–Allee ggü Allee vor ggü. 2 ggü. Eingang Reithalle/Tunnelweg",
        "operator": "Wall GmbH",
        "access": "public",
        "fee": "yes",
        "payment_method": "Karte/App/Paypal/BVG-Guthabenkarte",
        "opening_hours": "24h",
        "wheelchair": "yes",
        "changing_table": "no",
        "toilet_type": "standalone",
        "gender_access": "unknown",
        "indoor": "no",
        "covered": "unknown",
        "drinking_water": "unknown",
        "supervised": "unknown",
        "maintenance_status": "operational",
        "source": "berlin_open_data_wfs",
        "source_id": "872",
        "source_url": "https://daten.berlin.de/datensaetze/offentliche-toiletten-wfs-ad2c0c24",
        "source_timestamp": "2025-07-17",
        "download_date": "2026-05-31",
        "license": "dl-de-zero-2.0",
        "last_verified": "2026-05-31",
        "berlin_feature_id": "toiletten.872",
        "berlin_bezirk": "Charlottenburg-Wilmersdorf",
        "berlin_vertrag": "Toilettenvertrag mit Wall",
        "berlin_modelltyp": "Berliner Toilette mit 2 Plätzen",
        "berlin_symbol": "WC",
        "berlin_nutzungsentgelt_raw": 0.5,
        "berlin_zahlungsart": "Karte/App/Paypal/BVG-Guthabenkarte",
        "berlin_barrierefrei_raw": "ja",
        "berlin_barrierearm_raw": "ja",
        "berlin_wickeltisch_raw": "nein"
      }
    },
    {
      "type": "Feature",
      "geometry": {
        "type": "Point",
        "coordinates": [
          13.24938,
          52.51746004
        ]
      },
      "properties": {
        "facility_id": "atm-toilet-264",
        "name": "U-Bhf. Olympiastadion, Rossiter Platz,",
        "geometry_type": "Point",
        "address": "U-Bhf. Olympiastadion, Rossiter Platz,",
        "operator": "Wall GmbH",
        "access": "public",
        "fee": "no",
        "payment_method": null,
        "opening_hours": "bei Veranstaltungen",
        "wheelchair": "no",
        "changing_table": "no",
        "toilet_type": "pissoir",
        "gender_access": "unknown",
        "indoor": "no",
        "covered": "unknown",
        "drinking_water": "unknown",
        "supervised": "unknown",
        "maintenance_status": "operational",
        "source": "berlin_open_data_wfs",
        "source_id": "873",
        "source_url": "https://daten.berlin.de/datensaetze/offentliche-toiletten-wfs-ad2c0c24",
        "source_timestamp": "2025-07-17",
        "download_date": "2026-05-31",
        "license": "dl-de-zero-2.0",
        "last_verified": "2026-05-31",
        "berlin_feature_id": "toiletten.873",
        "berlin_bezirk": "Charlottenburg-Wilmersdorf",
        "berlin_vertrag": "Toilettenvertrag mit Wall",
        "berlin_modelltyp": "Pissoir",
        "berlin_symbol": "Pissoir",
        "berlin_nutzungsentgelt_raw": 0,
        "berlin_zahlungsart": null,
        "berlin_barrierefrei_raw": "nein",
        "berlin_barrierearm_raw": "nein",
        "berlin_wickeltisch_raw": "nein"
      }
    },
    {
      "type": "Feature",
      "geometry": {
        "type": "Point",
        "coordinates": [
          13.48090149,
          52.49002099
        ]
      },
      "properties": {
        "facility_id": "atm-toilet-265",
        "name": "Alt-Stralau, Tunnelstr. hinter 12, Alt-St",
        "geometry_type": "Point",
        "address": "Alt-Stralau, Tunnelstr. hinter 12, Alt-St",
        "operator": "Wall GmbH",
        "access": "public",
        "fee": "no",
        "payment_method": null,
        "opening_hours": "24h",
        "wheelchair": "yes",
        "changing_table": "yes",
        "toilet_type": "standalone",
        "gender_access": "unknown",
        "indoor": "no",
        "covered": "unknown",
        "drinking_water": "unknown",
        "supervised": "unknown",
        "maintenance_status": "operational",
        "source": "berlin_open_data_wfs",
        "source_id": "876",
        "source_url": "https://daten.berlin.de/datensaetze/offentliche-toiletten-wfs-ad2c0c24",
        "source_timestamp": "2025-07-17",
        "download_date": "2026-05-31",
        "license": "dl-de-zero-2.0",
        "last_verified": "2026-05-31",
        "berlin_feature_id": "toiletten.876",
        "berlin_bezirk": "Friedrichshain-Kreuzberg",
        "berlin_vertrag": "Toilettenvertrag mit Wall",
        "berlin_modelltyp": "Berliner Toilette 1 Platz mit 2 Pissoirs",
        "berlin_symbol": "WC",
        "berlin_nutzungsentgelt_raw": 0,
        "berlin_zahlungsart": null,
        "berlin_barrierefrei_raw": "ja",
        "berlin_barrierearm_raw": "ja",
        "berlin_wickeltisch_raw": "ja"
      }
    },
    {
      "type": "Feature",
      "geometry": {
        "type": "Point",
        "coordinates": [
          13.43216788,
          52.49909933
        ]
      },
      "properties": {
        "facility_id": "atm-toilet-266",
        "name": "Görlitzer Park, Zugang Skalitzer Str. vor Görlitzer Str.",
        "geometry_type": "Point",
        "address": "Görlitzer Park, Zugang Skalitzer Str. vor Görlitzer Str.",
        "operator": "Wall GmbH",
        "access": "public",
        "fee": "no",
        "payment_method": null,
        "opening_hours": "08:00 Uhr - 20:00 Uhr",
        "wheelchair": "yes",
        "changing_table": "no",
        "toilet_type": "standalone",
        "gender_access": "unknown",
        "indoor": "no",
        "covered": "unknown",
        "drinking_water": "unknown",
        "supervised": "unknown",
        "maintenance_status": "operational",
        "source": "berlin_open_data_wfs",
        "source_id": "877",
        "source_url": "https://daten.berlin.de/datensaetze/offentliche-toiletten-wfs-ad2c0c24",
        "source_timestamp": "2025-07-17",
        "download_date": "2026-05-31",
        "license": "dl-de-zero-2.0",
        "last_verified": "2026-05-31",
        "berlin_feature_id": "toiletten.877",
        "berlin_bezirk": "Friedrichshain-Kreuzberg",
        "berlin_vertrag": "Toilettenvertrag mit Wall",
        "berlin_modelltyp": "Berliner Toilette 2 Plätze mit 2 Pissoirs",
        "berlin_symbol": "WC",
        "berlin_nutzungsentgelt_raw": 0,
        "berlin_zahlungsart": null,
        "berlin_barrierefrei_raw": "ja",
        "berlin_barrierearm_raw": "ja",
        "berlin_wickeltisch_raw": "nein"
      }
    },
    {
      "type": "Feature",
      "geometry": {
        "type": "Point",
        "coordinates": [
          13.43770549,
          52.49719522
        ]
      },
      "properties": {
        "facility_id": "atm-toilet-267",
        "name": "Görlitzer Park, Zugang ggü. Görlitzer Str. 56",
        "geometry_type": "Point",
        "address": "Görlitzer Park, Zugang ggü. Görlitzer Str. 56",
        "operator": "Wall GmbH",
        "access": "public",
        "fee": "no",
        "payment_method": null,
        "opening_hours": "08:00 Uhr - 20:00 Uhr",
        "wheelchair": "yes",
        "changing_table": "yes",
        "toilet_type": "standalone",
        "gender_access": "unknown",
        "indoor": "no",
        "covered": "unknown",
        "drinking_water": "unknown",
        "supervised": "unknown",
        "maintenance_status": "operational",
        "source": "berlin_open_data_wfs",
        "source_id": "878",
        "source_url": "https://daten.berlin.de/datensaetze/offentliche-toiletten-wfs-ad2c0c24",
        "source_timestamp": "2025-07-17",
        "download_date": "2026-05-31",
        "license": "dl-de-zero-2.0",
        "last_verified": "2026-05-31",
        "berlin_feature_id": "toiletten.878",
        "berlin_bezirk": "Friedrichshain-Kreuzberg",
        "berlin_vertrag": "Toilettenvertrag mit Wall",
        "berlin_modelltyp": "Berliner Toilette 2 Plätze mit 2 Pissoirs",
        "berlin_symbol": "WC",
        "berlin_nutzungsentgelt_raw": 0,
        "berlin_zahlungsart": null,
        "berlin_barrierefrei_raw": "ja",
        "berlin_barrierearm_raw": "ja",
        "berlin_wickeltisch_raw": "ja"
      }
    },
    {
      "type": "Feature",
      "geometry": {
        "type": "Point",
        "coordinates": [
          13.40308869,
          52.53194774
        ]
      },
      "properties": {
        "facility_id": "atm-toilet-268",
        "name": "Park am Weinbergsweg, Weinbergsweg vor ggü. Zehdenicker Str.",
        "geometry_type": "Point",
        "address": "Park am Weinbergsweg, Weinbergsweg vor ggü. Zehdenicker Str.",
        "operator": "Wall GmbH",
        "access": "public",
        "fee": "no",
        "payment_method": null,
        "opening_hours": "24h",
        "wheelchair": "yes",
        "changing_table": "yes",
        "toilet_type": "standalone",
        "gender_access": "unknown",
        "indoor": "no",
        "covered": "unknown",
        "drinking_water": "unknown",
        "supervised": "unknown",
        "maintenance_status": "operational",
        "source": "berlin_open_data_wfs",
        "source_id": "880",
        "source_url": "https://daten.berlin.de/datensaetze/offentliche-toiletten-wfs-ad2c0c24",
        "source_timestamp": "2025-07-17",
        "download_date": "2026-05-31",
        "license": "dl-de-zero-2.0",
        "last_verified": "2026-05-31",
        "berlin_feature_id": "toiletten.880",
        "berlin_bezirk": "Mitte",
        "berlin_vertrag": "Toilettenvertrag mit Wall",
        "berlin_modelltyp": "Berliner Toilette 1 Platz mit 2 Pissoirs",
        "berlin_symbol": "WC",
        "berlin_nutzungsentgelt_raw": 0,
        "berlin_zahlungsart": null,
        "berlin_barrierefrei_raw": "ja",
        "berlin_barrierearm_raw": "ja",
        "berlin_wickeltisch_raw": "ja"
      }
    },
    {
      "type": "Feature",
      "geometry": {
        "type": "Point",
        "coordinates": [
          13.43904128,
          52.48886027
        ]
      },
      "properties": {
        "facility_id": "atm-toilet-269",
        "name": "Weichselstr. ggü. 34 vor Maybachufer",
        "geometry_type": "Point",
        "address": "Weichselstr. ggü. 34 vor Maybachufer",
        "operator": "Wall GmbH",
        "access": "public",
        "fee": "no",
        "payment_method": null,
        "opening_hours": "24h",
        "wheelchair": "yes",
        "changing_table": "yes",
        "toilet_type": "standalone",
        "gender_access": "unknown",
        "indoor": "no",
        "covered": "unknown",
        "drinking_water": "unknown",
        "supervised": "unknown",
        "maintenance_status": "operational",
        "source": "berlin_open_data_wfs",
        "source_id": "882",
        "source_url": "https://daten.berlin.de/datensaetze/offentliche-toiletten-wfs-ad2c0c24",
        "source_timestamp": "2025-07-17",
        "download_date": "2026-05-31",
        "license": "dl-de-zero-2.0",
        "last_verified": "2026-05-31",
        "berlin_feature_id": "toiletten.882",
        "berlin_bezirk": "Neukölln",
        "berlin_vertrag": "Toilettenvertrag mit Wall",
        "berlin_modelltyp": "Berliner Toilette 1 Platz mit 2 Pissoirs",
        "berlin_symbol": "WC",
        "berlin_nutzungsentgelt_raw": 0,
        "berlin_zahlungsart": null,
        "berlin_barrierefrei_raw": "ja",
        "berlin_barrierearm_raw": "ja",
        "berlin_wickeltisch_raw": "ja"
      }
    },
    {
      "type": "Feature",
      "geometry": {
        "type": "Point",
        "coordinates": [
          13.38885603,
          52.56952422
        ]
      },
      "properties": {
        "facility_id": "atm-toilet-270",
        "name": "Bürgerpark Pankow, Leonhard-Frank-Str. ggü. 1 hinter Am Bürgerpark",
        "geometry_type": "Point",
        "address": "Bürgerpark Pankow, Leonhard-Frank-Str. ggü. 1 hinter Am Bürgerpark",
        "operator": "Wall GmbH",
        "access": "public",
        "fee": "no",
        "payment_method": null,
        "opening_hours": "24h",
        "wheelchair": "yes",
        "changing_table": "yes",
        "toilet_type": "standalone",
        "gender_access": "unknown",
        "indoor": "no",
        "covered": "unknown",
        "drinking_water": "unknown",
        "supervised": "unknown",
        "maintenance_status": "operational",
        "source": "berlin_open_data_wfs",
        "source_id": "883",
        "source_url": "https://daten.berlin.de/datensaetze/offentliche-toiletten-wfs-ad2c0c24",
        "source_timestamp": "2025-07-17",
        "download_date": "2026-05-31",
        "license": "dl-de-zero-2.0",
        "last_verified": "2026-05-31",
        "berlin_feature_id": "toiletten.883",
        "berlin_bezirk": "Pankow",
        "berlin_vertrag": "Toilettenvertrag mit Wall",
        "berlin_modelltyp": "Berliner Toilette 1 Platz mit 2 Pissoirs",
        "berlin_symbol": "WC",
        "berlin_nutzungsentgelt_raw": 0,
        "berlin_zahlungsart": null,
        "berlin_barrierefrei_raw": "ja",
        "berlin_barrierearm_raw": "ja",
        "berlin_wickeltisch_raw": "ja"
      }
    },
    {
      "type": "Feature",
      "geometry": {
        "type": "Point",
        "coordinates": [
          13.30872967,
          52.57024044
        ]
      },
      "properties": {
        "facility_id": "atm-toilet-271",
        "name": "Klixarena, Zobeltitzstr. ggü. 93 hinter Klixstr.",
        "geometry_type": "Point",
        "address": "Klixarena, Zobeltitzstr. ggü. 93 hinter Klixstr.",
        "operator": "Wall GmbH",
        "access": "public",
        "fee": "yes",
        "payment_method": "Karte/App/Paypal/BVG-Guthabenkarte",
        "opening_hours": "24h",
        "wheelchair": "yes",
        "changing_table": "yes",
        "toilet_type": "standalone",
        "gender_access": "unknown",
        "indoor": "no",
        "covered": "unknown",
        "drinking_water": "unknown",
        "supervised": "unknown",
        "maintenance_status": "operational",
        "source": "berlin_open_data_wfs",
        "source_id": "884",
        "source_url": "https://daten.berlin.de/datensaetze/offentliche-toiletten-wfs-ad2c0c24",
        "source_timestamp": "2025-07-17",
        "download_date": "2026-05-31",
        "license": "dl-de-zero-2.0",
        "last_verified": "2026-05-31",
        "berlin_feature_id": "toiletten.884",
        "berlin_bezirk": "Reinickendorf",
        "berlin_vertrag": "Toilettenvertrag mit Wall",
        "berlin_modelltyp": "Berliner Toilette mit 1 Platz",
        "berlin_symbol": "WC",
        "berlin_nutzungsentgelt_raw": 0.5,
        "berlin_zahlungsart": "Karte/App/Paypal/BVG-Guthabenkarte",
        "berlin_barrierefrei_raw": "ja",
        "berlin_barrierearm_raw": "ja",
        "berlin_wickeltisch_raw": "ja"
      }
    },
    {
      "type": "Feature",
      "geometry": {
        "type": "Point",
        "coordinates": [
          13.36483612,
          52.56363046
        ]
      },
      "properties": {
        "facility_id": "atm-toilet-272",
        "name": "Franz-Neumann-Platz, Pankower Allee ggü. 1 hinter Markstr.",
        "geometry_type": "Point",
        "address": "Franz-Neumann-Platz, Pankower Allee ggü. 1 hinter Markstr.",
        "operator": "Wall GmbH",
        "access": "public",
        "fee": "yes",
        "payment_method": "Karte/App/Paypal/BVG-Guthabenkarte",
        "opening_hours": "24h",
        "wheelchair": "yes",
        "changing_table": "yes",
        "toilet_type": "standalone",
        "gender_access": "unknown",
        "indoor": "no",
        "covered": "unknown",
        "drinking_water": "unknown",
        "supervised": "unknown",
        "maintenance_status": "operational",
        "source": "berlin_open_data_wfs",
        "source_id": "885",
        "source_url": "https://daten.berlin.de/datensaetze/offentliche-toiletten-wfs-ad2c0c24",
        "source_timestamp": "2025-07-17",
        "download_date": "2026-05-31",
        "license": "dl-de-zero-2.0",
        "last_verified": "2026-05-31",
        "berlin_feature_id": "toiletten.885",
        "berlin_bezirk": "Reinickendorf",
        "berlin_vertrag": "Toilettenvertrag mit Wall",
        "berlin_modelltyp": "Berliner Toilette mit 1 Platz",
        "berlin_symbol": "WC",
        "berlin_nutzungsentgelt_raw": 0.5,
        "berlin_zahlungsart": "Karte/App/Paypal/BVG-Guthabenkarte",
        "berlin_barrierefrei_raw": "ja",
        "berlin_barrierearm_raw": "ja",
        "berlin_wickeltisch_raw": "ja"
      }
    },
    {
      "type": "Feature",
      "geometry": {
        "type": "Point",
        "coordinates": [
          13.19480384,
          52.51320014
        ]
      },
      "properties": {
        "facility_id": "atm-toilet-273",
        "name": "Herrstraße vor 229",
        "geometry_type": "Point",
        "address": "Herrstraße vor 229",
        "operator": "Wall GmbH",
        "access": "public",
        "fee": "yes",
        "payment_method": "Karte/App/Paypal/BVG-Guthabenkarte",
        "opening_hours": "24h",
        "wheelchair": "yes",
        "changing_table": "yes",
        "toilet_type": "standalone",
        "gender_access": "unknown",
        "indoor": "no",
        "covered": "unknown",
        "drinking_water": "unknown",
        "supervised": "unknown",
        "maintenance_status": "operational",
        "source": "berlin_open_data_wfs",
        "source_id": "888",
        "source_url": "https://daten.berlin.de/datensaetze/offentliche-toiletten-wfs-ad2c0c24",
        "source_timestamp": "2025-07-17",
        "download_date": "2026-05-31",
        "license": "dl-de-zero-2.0",
        "last_verified": "2026-05-31",
        "berlin_feature_id": "toiletten.888",
        "berlin_bezirk": "Spandau",
        "berlin_vertrag": "Toilettenvertrag mit Wall",
        "berlin_modelltyp": "Berliner Toilette mit 1 Platz",
        "berlin_symbol": "WC",
        "berlin_nutzungsentgelt_raw": 0.5,
        "berlin_zahlungsart": "Karte/App/Paypal/BVG-Guthabenkarte",
        "berlin_barrierefrei_raw": "ja",
        "berlin_barrierearm_raw": "ja",
        "berlin_wickeltisch_raw": "ja"
      }
    },
    {
      "type": "Feature",
      "geometry": {
        "type": "Point",
        "coordinates": [
          13.25176639,
          52.44893344
        ]
      },
      "properties": {
        "facility_id": "atm-toilet-274",
        "name": "U-Bhf. Onkel-Toms-Hütte, Onkel-Tom-Str. 95 hinter Wilskistr. 51 D",
        "geometry_type": "Point",
        "address": "U-Bhf. Onkel-Toms-Hütte, Onkel-Tom-Str. 95 hinter Wilskistr. 51 D",
        "operator": "Wall GmbH",
        "access": "public",
        "fee": "yes",
        "payment_method": "Karte/App/Paypal/BVG-Guthabenkarte",
        "opening_hours": "24h",
        "wheelchair": "yes",
        "changing_table": "yes",
        "toilet_type": "standalone",
        "gender_access": "unknown",
        "indoor": "no",
        "covered": "unknown",
        "drinking_water": "unknown",
        "supervised": "unknown",
        "maintenance_status": "operational",
        "source": "berlin_open_data_wfs",
        "source_id": "889",
        "source_url": "https://daten.berlin.de/datensaetze/offentliche-toiletten-wfs-ad2c0c24",
        "source_timestamp": "2025-07-17",
        "download_date": "2026-05-31",
        "license": "dl-de-zero-2.0",
        "last_verified": "2026-05-31",
        "berlin_feature_id": "toiletten.889",
        "berlin_bezirk": "Steglitz-Zehlendorf",
        "berlin_vertrag": "Toilettenvertrag mit Wall",
        "berlin_modelltyp": "Berliner Toilette mit 1 Platz",
        "berlin_symbol": "WC",
        "berlin_nutzungsentgelt_raw": 0.5,
        "berlin_zahlungsart": "Karte/App/Paypal/BVG-Guthabenkarte",
        "berlin_barrierefrei_raw": "ja",
        "berlin_barrierearm_raw": "ja",
        "berlin_wickeltisch_raw": "ja"
      }
    },
    {
      "type": "Feature",
      "geometry": {
        "type": "Point",
        "coordinates": [
          13.21444588,
          52.44015851
        ]
      },
      "properties": {
        "facility_id": "atm-toilet-275",
        "name": "S-Bhf. Schlachtensee, Am Schlachtensee hinter ggü. Breisgauer Str.",
        "geometry_type": "Point",
        "address": "S-Bhf. Schlachtensee, Am Schlachtensee hinter ggü. Breisgauer Str.",
        "operator": "Wall GmbH",
        "access": "public",
        "fee": "no",
        "payment_method": null,
        "opening_hours": "24h",
        "wheelchair": "yes",
        "changing_table": "no",
        "toilet_type": "standalone",
        "gender_access": "unknown",
        "indoor": "no",
        "covered": "unknown",
        "drinking_water": "unknown",
        "supervised": "unknown",
        "maintenance_status": "operational",
        "source": "berlin_open_data_wfs",
        "source_id": "890",
        "source_url": "https://daten.berlin.de/datensaetze/offentliche-toiletten-wfs-ad2c0c24",
        "source_timestamp": "2025-07-17",
        "download_date": "2026-05-31",
        "license": "dl-de-zero-2.0",
        "last_verified": "2026-05-31",
        "berlin_feature_id": "toiletten.890",
        "berlin_bezirk": "Steglitz-Zehlendorf",
        "berlin_vertrag": "Toilettenvertrag mit Wall",
        "berlin_modelltyp": "Berliner Toilette 2 Plätze mit 2 Pissoirs",
        "berlin_symbol": "WC",
        "berlin_nutzungsentgelt_raw": 0,
        "berlin_zahlungsart": null,
        "berlin_barrierefrei_raw": "ja",
        "berlin_barrierearm_raw": "ja",
        "berlin_wickeltisch_raw": "nein"
      }
    },
    {
      "type": "Feature",
      "geometry": {
        "type": "Point",
        "coordinates": [
          13.34670603,
          52.48240823
        ]
      },
      "properties": {
        "facility_id": "atm-toilet-276",
        "name": "Dominicusstr. 16-18 hinter Fritz-Elsas-Str./Koburger Str.",
        "geometry_type": "Point",
        "address": "Dominicusstr. 16-18 hinter Fritz-Elsas-Str./Koburger Str.",
        "operator": "Wall GmbH",
        "access": "public",
        "fee": "no",
        "payment_method": null,
        "opening_hours": "24h",
        "wheelchair": "yes",
        "changing_table": "no",
        "toilet_type": "standalone",
        "gender_access": "unknown",
        "indoor": "no",
        "covered": "unknown",
        "drinking_water": "unknown",
        "supervised": "unknown",
        "maintenance_status": "operational",
        "source": "berlin_open_data_wfs",
        "source_id": "892",
        "source_url": "https://daten.berlin.de/datensaetze/offentliche-toiletten-wfs-ad2c0c24",
        "source_timestamp": "2025-07-17",
        "download_date": "2026-05-31",
        "license": "dl-de-zero-2.0",
        "last_verified": "2026-05-31",
        "berlin_feature_id": "toiletten.892",
        "berlin_bezirk": "Tempelhof-Schöneberg",
        "berlin_vertrag": "Toilettenvertrag mit Wall",
        "berlin_modelltyp": "Berliner Toilette 1 Platz mit 2 Pissoirs",
        "berlin_symbol": "WC",
        "berlin_nutzungsentgelt_raw": 0,
        "berlin_zahlungsart": null,
        "berlin_barrierefrei_raw": "ja",
        "berlin_barrierearm_raw": "ja",
        "berlin_wickeltisch_raw": "nein"
      }
    },
    {
      "type": "Feature",
      "geometry": {
        "type": "Point",
        "coordinates": [
          13.51341865,
          52.56779319
        ]
      },
      "properties": {
        "facility_id": "atm-toilet-277",
        "name": "Egon-Erwin-Kisch-Str. vor 106 hinter ggü. Grevesmühlener Str.",
        "geometry_type": "Point",
        "address": "Egon-Erwin-Kisch-Str. vor 106 hinter ggü. Grevesmühlener Str.",
        "operator": "Wall GmbH",
        "access": "public",
        "fee": "yes",
        "payment_method": "Karte/App/Paypal/BVG-Guthabenkarte",
        "opening_hours": "24h",
        "wheelchair": "yes",
        "changing_table": "yes",
        "toilet_type": "standalone",
        "gender_access": "unknown",
        "indoor": "no",
        "covered": "unknown",
        "drinking_water": "unknown",
        "supervised": "unknown",
        "maintenance_status": "operational",
        "source": "berlin_open_data_wfs",
        "source_id": "893",
        "source_url": "https://daten.berlin.de/datensaetze/offentliche-toiletten-wfs-ad2c0c24",
        "source_timestamp": "2025-07-17",
        "download_date": "2026-05-31",
        "license": "dl-de-zero-2.0",
        "last_verified": "2026-05-31",
        "berlin_feature_id": "toiletten.893",
        "berlin_bezirk": "Lichtenberg",
        "berlin_vertrag": "Toilettenvertrag mit Wall",
        "berlin_modelltyp": "Berliner Toilette mit 1 Platz",
        "berlin_symbol": "WC",
        "berlin_nutzungsentgelt_raw": 0.5,
        "berlin_zahlungsart": "Karte/App/Paypal/BVG-Guthabenkarte",
        "berlin_barrierefrei_raw": "ja",
        "berlin_barrierearm_raw": "ja",
        "berlin_wickeltisch_raw": "ja"
      }
    },
    {
      "type": "Feature",
      "geometry": {
        "type": "Point",
        "coordinates": [
          13.424531,
          52.50307004
        ]
      },
      "properties": {
        "facility_id": "atm-toilet-278",
        "name": "Mariannenplatz 2-3",
        "geometry_type": "Point",
        "address": "Mariannenplatz 2-3",
        "operator": "Wall GmbH",
        "access": "public",
        "fee": "no",
        "payment_method": null,
        "opening_hours": "24h",
        "wheelchair": "yes",
        "changing_table": "yes",
        "toilet_type": "standalone",
        "gender_access": "unknown",
        "indoor": "no",
        "covered": "unknown",
        "drinking_water": "unknown",
        "supervised": "unknown",
        "maintenance_status": "operational",
        "source": "berlin_open_data_wfs",
        "source_id": "897",
        "source_url": "https://daten.berlin.de/datensaetze/offentliche-toiletten-wfs-ad2c0c24",
        "source_timestamp": "2025-07-17",
        "download_date": "2026-05-31",
        "license": "dl-de-zero-2.0",
        "last_verified": "2026-05-31",
        "berlin_feature_id": "toiletten.897",
        "berlin_bezirk": "Friedrichshain-Kreuzberg",
        "berlin_vertrag": "Toilettenvertrag mit Wall",
        "berlin_modelltyp": "Berliner Toilette 1 Platz mit 2 Pissoirs",
        "berlin_symbol": "WC",
        "berlin_nutzungsentgelt_raw": 0,
        "berlin_zahlungsart": null,
        "berlin_barrierefrei_raw": "ja",
        "berlin_barrierearm_raw": "ja",
        "berlin_wickeltisch_raw": "ja"
      }
    },
    {
      "type": "Feature",
      "geometry": {
        "type": "Point",
        "coordinates": [
          13.29041806,
          52.47575173
        ]
      },
      "properties": {
        "facility_id": "atm-toilet-279",
        "name": "Berkaer Str. vor 1 hinter Breite Str.",
        "geometry_type": "Point",
        "address": "Berkaer Str. vor 1 hinter Breite Str.",
        "operator": "Wall GmbH",
        "access": "public",
        "fee": "yes",
        "payment_method": "Karte/App/Paypal/BVG-Guthabenkarte",
        "opening_hours": "24h",
        "wheelchair": "yes",
        "changing_table": "yes",
        "toilet_type": "standalone",
        "gender_access": "unknown",
        "indoor": "no",
        "covered": "unknown",
        "drinking_water": "unknown",
        "supervised": "unknown",
        "maintenance_status": "operational",
        "source": "berlin_open_data_wfs",
        "source_id": "904",
        "source_url": "https://daten.berlin.de/datensaetze/offentliche-toiletten-wfs-ad2c0c24",
        "source_timestamp": "2025-07-17",
        "download_date": "2026-05-31",
        "license": "dl-de-zero-2.0",
        "last_verified": "2026-05-31",
        "berlin_feature_id": "toiletten.904",
        "berlin_bezirk": "Charlottenburg-Wilmersdorf",
        "berlin_vertrag": "Toilettenvertrag mit Wall",
        "berlin_modelltyp": "Berliner Toilette mit 1 Platz",
        "berlin_symbol": "WC",
        "berlin_nutzungsentgelt_raw": 0.5,
        "berlin_zahlungsart": "Karte/App/Paypal/BVG-Guthabenkarte",
        "berlin_barrierefrei_raw": "ja",
        "berlin_barrierearm_raw": "ja",
        "berlin_wickeltisch_raw": "ja"
      }
    },
    {
      "type": "Feature",
      "geometry": {
        "type": "Point",
        "coordinates": [
          13.43181837,
          52.49284603
        ]
      },
      "properties": {
        "facility_id": "atm-toilet-280",
        "name": "Paul-Lincke-Ufer ggü. 16 hinter ggü. Forster Str. (neben Bouleplatz)",
        "geometry_type": "Point",
        "address": "Paul-Lincke-Ufer ggü. 16 hinter ggü. Forster Str. (neben Bouleplatz)",
        "operator": "Wall GmbH",
        "access": "public",
        "fee": "no",
        "payment_method": null,
        "opening_hours": "24h",
        "wheelchair": "yes",
        "changing_table": "no",
        "toilet_type": "standalone",
        "gender_access": "unknown",
        "indoor": "no",
        "covered": "unknown",
        "drinking_water": "unknown",
        "supervised": "unknown",
        "maintenance_status": "operational",
        "source": "berlin_open_data_wfs",
        "source_id": "905",
        "source_url": "https://daten.berlin.de/datensaetze/offentliche-toiletten-wfs-ad2c0c24",
        "source_timestamp": "2025-07-17",
        "download_date": "2026-05-31",
        "license": "dl-de-zero-2.0",
        "last_verified": "2026-05-31",
        "berlin_feature_id": "toiletten.905",
        "berlin_bezirk": "Friedrichshain-Kreuzberg",
        "berlin_vertrag": "Toilettenvertrag mit Wall",
        "berlin_modelltyp": "Berliner Toilette 2 Plätze mit 2 Pissoirs",
        "berlin_symbol": "WC",
        "berlin_nutzungsentgelt_raw": 0,
        "berlin_zahlungsart": null,
        "berlin_barrierefrei_raw": "ja",
        "berlin_barrierearm_raw": "ja",
        "berlin_wickeltisch_raw": "nein"
      }
    },
    {
      "type": "Feature",
      "geometry": {
        "type": "Point",
        "coordinates": [
          13.27464965,
          52.43523371
        ]
      },
      "properties": {
        "facility_id": "atm-toilet-281",
        "name": "Sundgauer Str. 109 Parkplatz",
        "geometry_type": "Point",
        "address": "Sundgauer Str. 109 Parkplatz",
        "operator": "Wall GmbH",
        "access": "public",
        "fee": "yes",
        "payment_method": "Karte/App/Paypal/BVG-Guthabenkarte",
        "opening_hours": "24h",
        "wheelchair": "yes",
        "changing_table": "no",
        "toilet_type": "standalone",
        "gender_access": "unknown",
        "indoor": "no",
        "covered": "unknown",
        "drinking_water": "unknown",
        "supervised": "unknown",
        "maintenance_status": "operational",
        "source": "berlin_open_data_wfs",
        "source_id": "906",
        "source_url": "https://daten.berlin.de/datensaetze/offentliche-toiletten-wfs-ad2c0c24",
        "source_timestamp": "2025-07-17",
        "download_date": "2026-05-31",
        "license": "dl-de-zero-2.0",
        "last_verified": "2026-05-31",
        "berlin_feature_id": "toiletten.906",
        "berlin_bezirk": "Steglitz-Zehlendorf",
        "berlin_vertrag": "Toilettenvertrag mit Wall",
        "berlin_modelltyp": "Berliner Toilette mit 1 Platz",
        "berlin_symbol": "WC",
        "berlin_nutzungsentgelt_raw": 0.5,
        "berlin_zahlungsart": "Karte/App/Paypal/BVG-Guthabenkarte",
        "berlin_barrierefrei_raw": "ja",
        "berlin_barrierearm_raw": "ja",
        "berlin_wickeltisch_raw": "nein"
      }
    },
    {
      "type": "Feature",
      "geometry": {
        "type": "Point",
        "coordinates": [
          13.44937242,
          52.47398922
        ]
      },
      "properties": {
        "facility_id": "atm-toilet-282",
        "name": "Böhmischer Platz, Böhmische Str. ggü. 45 vor Schudomastr.",
        "geometry_type": "Point",
        "address": "Böhmischer Platz, Böhmische Str. ggü. 45 vor Schudomastr.",
        "operator": "Wall GmbH",
        "access": "public",
        "fee": "yes",
        "payment_method": "Karte/App/Paypal/BVG-Guthabenkarte",
        "opening_hours": "24h",
        "wheelchair": "yes",
        "changing_table": "no",
        "toilet_type": "standalone",
        "gender_access": "unknown",
        "indoor": "no",
        "covered": "unknown",
        "drinking_water": "unknown",
        "supervised": "unknown",
        "maintenance_status": "operational",
        "source": "berlin_open_data_wfs",
        "source_id": "907",
        "source_url": "https://daten.berlin.de/datensaetze/offentliche-toiletten-wfs-ad2c0c24",
        "source_timestamp": "2025-07-17",
        "download_date": "2026-05-31",
        "license": "dl-de-zero-2.0",
        "last_verified": "2026-05-31",
        "berlin_feature_id": "toiletten.907",
        "berlin_bezirk": "Neukölln",
        "berlin_vertrag": "Toilettenvertrag mit Wall",
        "berlin_modelltyp": "Berliner Toilette mit 1 Platz",
        "berlin_symbol": "WC",
        "berlin_nutzungsentgelt_raw": 0.5,
        "berlin_zahlungsart": "Karte/App/Paypal/BVG-Guthabenkarte",
        "berlin_barrierefrei_raw": "ja",
        "berlin_barrierearm_raw": "ja",
        "berlin_wickeltisch_raw": "nein"
      }
    },
    {
      "type": "Feature",
      "geometry": {
        "type": "Point",
        "coordinates": [
          13.47238387,
          52.53787424
        ]
      },
      "properties": {
        "facility_id": "atm-toilet-283",
        "name": "Sportforum,Weißenseer Weg vor 53",
        "geometry_type": "Point",
        "address": "Sportforum,Weißenseer Weg vor 53",
        "operator": "Wall GmbH",
        "access": "public",
        "fee": "no",
        "payment_method": null,
        "opening_hours": "24h",
        "wheelchair": "yes",
        "changing_table": "no",
        "toilet_type": "standalone",
        "gender_access": "unknown",
        "indoor": "no",
        "covered": "unknown",
        "drinking_water": "unknown",
        "supervised": "unknown",
        "maintenance_status": "operational",
        "source": "berlin_open_data_wfs",
        "source_id": "909",
        "source_url": "https://daten.berlin.de/datensaetze/offentliche-toiletten-wfs-ad2c0c24",
        "source_timestamp": "2025-07-17",
        "download_date": "2026-05-31",
        "license": "dl-de-zero-2.0",
        "last_verified": "2026-05-31",
        "berlin_feature_id": "toiletten.909",
        "berlin_bezirk": "Lichtenberg",
        "berlin_vertrag": "Toilettenvertrag mit Wall",
        "berlin_modelltyp": "Berliner Toilette 1 Platz mit 2 Pissoirs",
        "berlin_symbol": "WC",
        "berlin_nutzungsentgelt_raw": 0,
        "berlin_zahlungsart": null,
        "berlin_barrierefrei_raw": "ja",
        "berlin_barrierearm_raw": "ja",
        "berlin_wickeltisch_raw": "nein"
      }
    },
    {
      "type": "Feature",
      "geometry": {
        "type": "Point",
        "coordinates": [
          13.58899359,
          52.53960367
        ]
      },
      "properties": {
        "facility_id": "atm-toilet-284",
        "name": "Gothaer Str. 37 hinter Eisenacher Str.",
        "geometry_type": "Point",
        "address": "Gothaer Str. 37 hinter Eisenacher Str.",
        "operator": "Wall GmbH",
        "access": "public",
        "fee": "yes",
        "payment_method": "Karte/App/Paypal/BVG-Guthabenkarte",
        "opening_hours": "24h",
        "wheelchair": "yes",
        "changing_table": "no",
        "toilet_type": "standalone",
        "gender_access": "unknown",
        "indoor": "no",
        "covered": "unknown",
        "drinking_water": "unknown",
        "supervised": "unknown",
        "maintenance_status": "operational",
        "source": "berlin_open_data_wfs",
        "source_id": "910",
        "source_url": "https://daten.berlin.de/datensaetze/offentliche-toiletten-wfs-ad2c0c24",
        "source_timestamp": "2025-07-17",
        "download_date": "2026-05-31",
        "license": "dl-de-zero-2.0",
        "last_verified": "2026-05-31",
        "berlin_feature_id": "toiletten.910",
        "berlin_bezirk": "Marzahn-Hellersdorf",
        "berlin_vertrag": "Toilettenvertrag mit Wall",
        "berlin_modelltyp": "Berliner Toilette mit 1 Platz",
        "berlin_symbol": "WC",
        "berlin_nutzungsentgelt_raw": 0.5,
        "berlin_zahlungsart": "Karte/App/Paypal/BVG-Guthabenkarte",
        "berlin_barrierefrei_raw": "ja",
        "berlin_barrierearm_raw": "ja",
        "berlin_wickeltisch_raw": "nein"
      }
    },
    {
      "type": "Feature",
      "geometry": {
        "type": "Point",
        "coordinates": [
          13.59102368,
          52.5313387
        ]
      },
      "properties": {
        "facility_id": "atm-toilet-285",
        "name": "Kienbergpark, Hellersdorfer Str. 159 neben Seilbahn-Station",
        "geometry_type": "Point",
        "address": "Kienbergpark, Hellersdorfer Str. 159 neben Seilbahn-Station",
        "operator": "Wall GmbH",
        "access": "public",
        "fee": "no",
        "payment_method": null,
        "opening_hours": "24h",
        "wheelchair": "yes",
        "changing_table": "yes",
        "toilet_type": "standalone",
        "gender_access": "unknown",
        "indoor": "no",
        "covered": "unknown",
        "drinking_water": "unknown",
        "supervised": "unknown",
        "maintenance_status": "operational",
        "source": "berlin_open_data_wfs",
        "source_id": "911",
        "source_url": "https://daten.berlin.de/datensaetze/offentliche-toiletten-wfs-ad2c0c24",
        "source_timestamp": "2025-07-17",
        "download_date": "2026-05-31",
        "license": "dl-de-zero-2.0",
        "last_verified": "2026-05-31",
        "berlin_feature_id": "toiletten.911",
        "berlin_bezirk": "Marzahn-Hellersdorf",
        "berlin_vertrag": "Toilettenvertrag mit Wall",
        "berlin_modelltyp": "Berliner Toilette 2 Plätze mit 2 Pissoirs",
        "berlin_symbol": "WC",
        "berlin_nutzungsentgelt_raw": 0,
        "berlin_zahlungsart": null,
        "berlin_barrierefrei_raw": "ja",
        "berlin_barrierearm_raw": "ja",
        "berlin_wickeltisch_raw": "ja"
      }
    },
    {
      "type": "Feature",
      "geometry": {
        "type": "Point",
        "coordinates": [
          13.57016699,
          52.54851991
        ]
      },
      "properties": {
        "facility_id": "atm-toilet-286",
        "name": "Schönagelstr. vor Oppermannstr./Stangeweg 49",
        "geometry_type": "Point",
        "address": "Schönagelstr. vor Oppermannstr./Stangeweg 49",
        "operator": "Wall GmbH",
        "access": "public",
        "fee": "yes",
        "payment_method": "Karte/App/Paypal/BVG-Guthabenkarte",
        "opening_hours": "24h",
        "wheelchair": "yes",
        "changing_table": "no",
        "toilet_type": "standalone",
        "gender_access": "unknown",
        "indoor": "no",
        "covered": "unknown",
        "drinking_water": "unknown",
        "supervised": "unknown",
        "maintenance_status": "operational",
        "source": "berlin_open_data_wfs",
        "source_id": "912",
        "source_url": "https://daten.berlin.de/datensaetze/offentliche-toiletten-wfs-ad2c0c24",
        "source_timestamp": "2025-07-17",
        "download_date": "2026-05-31",
        "license": "dl-de-zero-2.0",
        "last_verified": "2026-05-31",
        "berlin_feature_id": "toiletten.912",
        "berlin_bezirk": "Marzahn-Hellersdorf",
        "berlin_vertrag": "Toilettenvertrag mit Wall",
        "berlin_modelltyp": "Berliner Toilette mit 1 Platz",
        "berlin_symbol": "WC",
        "berlin_nutzungsentgelt_raw": 0.5,
        "berlin_zahlungsart": "Karte/App/Paypal/BVG-Guthabenkarte",
        "berlin_barrierefrei_raw": "ja",
        "berlin_barrierearm_raw": "ja",
        "berlin_wickeltisch_raw": "nein"
      }
    },
    {
      "type": "Feature",
      "geometry": {
        "type": "Point",
        "coordinates": [
          13.56670493,
          52.48688156
        ]
      },
      "properties": {
        "facility_id": "atm-toilet-287",
        "name": "An der Wuhle ggü. 56 vor Ulmenstr.",
        "geometry_type": "Point",
        "address": "An der Wuhle ggü. 56 vor Ulmenstr.",
        "operator": "Wall GmbH",
        "access": "public",
        "fee": "no",
        "payment_method": null,
        "opening_hours": "24h",
        "wheelchair": "yes",
        "changing_table": "yes",
        "toilet_type": "standalone",
        "gender_access": "unknown",
        "indoor": "no",
        "covered": "unknown",
        "drinking_water": "unknown",
        "supervised": "unknown",
        "maintenance_status": "operational",
        "source": "berlin_open_data_wfs",
        "source_id": "913",
        "source_url": "https://daten.berlin.de/datensaetze/offentliche-toiletten-wfs-ad2c0c24",
        "source_timestamp": "2025-07-17",
        "download_date": "2026-05-31",
        "license": "dl-de-zero-2.0",
        "last_verified": "2026-05-31",
        "berlin_feature_id": "toiletten.913",
        "berlin_bezirk": "Marzahn-Hellersdorf",
        "berlin_vertrag": "Toilettenvertrag mit Wall",
        "berlin_modelltyp": "Berliner Toilette 1 Platz mit 2 Pissoirs",
        "berlin_symbol": "WC",
        "berlin_nutzungsentgelt_raw": 0,
        "berlin_zahlungsart": null,
        "berlin_barrierefrei_raw": "ja",
        "berlin_barrierearm_raw": "ja",
        "berlin_wickeltisch_raw": "ja"
      }
    },
    {
      "type": "Feature",
      "geometry": {
        "type": "Point",
        "coordinates": [
          13.47396955,
          52.4787141
        ]
      },
      "properties": {
        "facility_id": "atm-toilet-288",
        "name": "S-Bhf. Plänterwald, Bahnhofsvorplatz hinter Erich-Lodemann-Str. 1",
        "geometry_type": "Point",
        "address": "S-Bhf. Plänterwald, Bahnhofsvorplatz hinter Erich-Lodemann-Str. 1",
        "operator": "Wall GmbH",
        "access": "public",
        "fee": "no",
        "payment_method": null,
        "opening_hours": "24h",
        "wheelchair": "yes",
        "changing_table": "yes",
        "toilet_type": "standalone",
        "gender_access": "unknown",
        "indoor": "no",
        "covered": "unknown",
        "drinking_water": "unknown",
        "supervised": "unknown",
        "maintenance_status": "operational",
        "source": "berlin_open_data_wfs",
        "source_id": "914",
        "source_url": "https://daten.berlin.de/datensaetze/offentliche-toiletten-wfs-ad2c0c24",
        "source_timestamp": "2025-07-17",
        "download_date": "2026-05-31",
        "license": "dl-de-zero-2.0",
        "last_verified": "2026-05-31",
        "berlin_feature_id": "toiletten.914",
        "berlin_bezirk": "Treptow-Köpenick",
        "berlin_vertrag": "Toilettenvertrag mit Wall",
        "berlin_modelltyp": "Berliner Toilette 1 Platz mit 2 Pissoirs",
        "berlin_symbol": "WC",
        "berlin_nutzungsentgelt_raw": 0,
        "berlin_zahlungsart": null,
        "berlin_barrierefrei_raw": "ja",
        "berlin_barrierearm_raw": "ja",
        "berlin_wickeltisch_raw": "ja"
      }
    },
    {
      "type": "Feature",
      "geometry": {
        "type": "Point",
        "coordinates": [
          13.51660111,
          52.42009359
        ]
      },
      "properties": {
        "facility_id": "atm-toilet-289",
        "name": "An der Werderlake hinter Glashütter Weg 22",
        "geometry_type": "Point",
        "address": "An der Werderlake hinter Glashütter Weg 22",
        "operator": "Wall GmbH",
        "access": "public",
        "fee": "yes",
        "payment_method": "Karte/App/Paypal/BVG-Guthabenkarte",
        "opening_hours": "24h",
        "wheelchair": "yes",
        "changing_table": "no",
        "toilet_type": "standalone",
        "gender_access": "unknown",
        "indoor": "no",
        "covered": "unknown",
        "drinking_water": "unknown",
        "supervised": "unknown",
        "maintenance_status": "operational",
        "source": "berlin_open_data_wfs",
        "source_id": "916",
        "source_url": "https://daten.berlin.de/datensaetze/offentliche-toiletten-wfs-ad2c0c24",
        "source_timestamp": "2025-07-17",
        "download_date": "2026-05-31",
        "license": "dl-de-zero-2.0",
        "last_verified": "2026-05-31",
        "berlin_feature_id": "toiletten.916",
        "berlin_bezirk": "Neukölln",
        "berlin_vertrag": "Toilettenvertrag mit Wall",
        "berlin_modelltyp": "Berliner Toilette mit 1 Platz",
        "berlin_symbol": "WC",
        "berlin_nutzungsentgelt_raw": 0.5,
        "berlin_zahlungsart": "Karte/App/Paypal/BVG-Guthabenkarte",
        "berlin_barrierefrei_raw": "ja",
        "berlin_barrierearm_raw": "ja",
        "berlin_wickeltisch_raw": "nein"
      }
    },
    {
      "type": "Feature",
      "geometry": {
        "type": "Point",
        "coordinates": [
          13.355023,
          52.49617104
        ]
      },
      "properties": {
        "facility_id": "atm-toilet-290",
        "name": "Winterfeldtplatz, Gleditschstr. vor 5",
        "geometry_type": "Point",
        "address": "Winterfeldtplatz, Gleditschstr. vor 5",
        "operator": "Wall GmbH",
        "access": "public",
        "fee": "no",
        "payment_method": null,
        "opening_hours": "24h",
        "wheelchair": "yes",
        "changing_table": "yes",
        "toilet_type": "standalone",
        "gender_access": "unknown",
        "indoor": "no",
        "covered": "unknown",
        "drinking_water": "unknown",
        "supervised": "unknown",
        "maintenance_status": "operational",
        "source": "berlin_open_data_wfs",
        "source_id": "917",
        "source_url": "https://daten.berlin.de/datensaetze/offentliche-toiletten-wfs-ad2c0c24",
        "source_timestamp": "2025-07-17",
        "download_date": "2026-05-31",
        "license": "dl-de-zero-2.0",
        "last_verified": "2026-05-31",
        "berlin_feature_id": "toiletten.917",
        "berlin_bezirk": "Tempelhof-Schöneberg",
        "berlin_vertrag": "Toilettenvertrag mit Wall",
        "berlin_modelltyp": "Berliner Toilette 1 Platz mit 2 Pissoirs",
        "berlin_symbol": "WC",
        "berlin_nutzungsentgelt_raw": 0,
        "berlin_zahlungsart": null,
        "berlin_barrierefrei_raw": "ja",
        "berlin_barrierearm_raw": "ja",
        "berlin_wickeltisch_raw": "ja"
      }
    },
    {
      "type": "Feature",
      "geometry": {
        "type": "Point",
        "coordinates": [
          13.44949818,
          52.49666981
        ]
      },
      "properties": {
        "facility_id": "atm-toilet-291",
        "name": "Lohmühleninsel, Lohmühlenstr. vor Vor dem Schlesischen Tor",
        "geometry_type": "Point",
        "address": "Lohmühleninsel, Lohmühlenstr. vor Vor dem Schlesischen Tor",
        "operator": "Wall GmbH",
        "access": "public",
        "fee": "no",
        "payment_method": null,
        "opening_hours": "24h",
        "wheelchair": "yes",
        "changing_table": "yes",
        "toilet_type": "standalone",
        "gender_access": "unknown",
        "indoor": "no",
        "covered": "unknown",
        "drinking_water": "unknown",
        "supervised": "unknown",
        "maintenance_status": "operational",
        "source": "berlin_open_data_wfs",
        "source_id": "918",
        "source_url": "https://daten.berlin.de/datensaetze/offentliche-toiletten-wfs-ad2c0c24",
        "source_timestamp": "2025-07-17",
        "download_date": "2026-05-31",
        "license": "dl-de-zero-2.0",
        "last_verified": "2026-05-31",
        "berlin_feature_id": "toiletten.918",
        "berlin_bezirk": "Friedrichshain-Kreuzberg",
        "berlin_vertrag": "Toilettenvertrag mit Wall",
        "berlin_modelltyp": "Berliner Toilette 1 Platz mit 2 Pissoirs",
        "berlin_symbol": "WC",
        "berlin_nutzungsentgelt_raw": 0,
        "berlin_zahlungsart": null,
        "berlin_barrierefrei_raw": "ja",
        "berlin_barrierearm_raw": "ja",
        "berlin_wickeltisch_raw": "ja"
      }
    },
    {
      "type": "Feature",
      "geometry": {
        "type": "Point",
        "coordinates": [
          13.30150375,
          52.5051427
        ]
      },
      "properties": {
        "facility_id": "atm-toilet-292",
        "name": "Stuttgarter Platz ggü. 15 hinter Windscheidstr.",
        "geometry_type": "Point",
        "address": "Stuttgarter Platz ggü. 15 hinter Windscheidstr.",
        "operator": "Wall GmbH",
        "access": "public",
        "fee": "no",
        "payment_method": null,
        "opening_hours": "24h",
        "wheelchair": "yes",
        "changing_table": "no",
        "toilet_type": "standalone",
        "gender_access": "unknown",
        "indoor": "no",
        "covered": "unknown",
        "drinking_water": "unknown",
        "supervised": "unknown",
        "maintenance_status": "operational",
        "source": "berlin_open_data_wfs",
        "source_id": "920",
        "source_url": "https://daten.berlin.de/datensaetze/offentliche-toiletten-wfs-ad2c0c24",
        "source_timestamp": "2025-07-17",
        "download_date": "2026-05-31",
        "license": "dl-de-zero-2.0",
        "last_verified": "2026-05-31",
        "berlin_feature_id": "toiletten.920",
        "berlin_bezirk": "Charlottenburg-Wilmersdorf",
        "berlin_vertrag": "Toilettenvertrag mit Wall",
        "berlin_modelltyp": "Berliner Toilette 1 Platz mit 2 Pissoirs",
        "berlin_symbol": "WC",
        "berlin_nutzungsentgelt_raw": 0,
        "berlin_zahlungsart": null,
        "berlin_barrierefrei_raw": "ja",
        "berlin_barrierearm_raw": "ja",
        "berlin_wickeltisch_raw": "nein"
      }
    },
    {
      "type": "Feature",
      "geometry": {
        "type": "Point",
        "coordinates": [
          13.33653721,
          52.55264092
        ]
      },
      "properties": {
        "facility_id": "atm-toilet-293",
        "name": "Afrikanische Str. ggü. 92 vor ggü. Otawistr.",
        "geometry_type": "Point",
        "address": "Afrikanische Str. ggü. 92 vor ggü. Otawistr.",
        "operator": "Wall GmbH",
        "access": "public",
        "fee": "no",
        "payment_method": null,
        "opening_hours": "24h",
        "wheelchair": "yes",
        "changing_table": "yes",
        "toilet_type": "standalone",
        "gender_access": "unknown",
        "indoor": "no",
        "covered": "unknown",
        "drinking_water": "unknown",
        "supervised": "unknown",
        "maintenance_status": "operational",
        "source": "berlin_open_data_wfs",
        "source_id": "921",
        "source_url": "https://daten.berlin.de/datensaetze/offentliche-toiletten-wfs-ad2c0c24",
        "source_timestamp": "2025-07-17",
        "download_date": "2026-05-31",
        "license": "dl-de-zero-2.0",
        "last_verified": "2026-05-31",
        "berlin_feature_id": "toiletten.921",
        "berlin_bezirk": "Mitte",
        "berlin_vertrag": "Toilettenvertrag mit Wall",
        "berlin_modelltyp": "Berliner Toilette 1 Platz mit 2 Pissoirs",
        "berlin_symbol": "WC",
        "berlin_nutzungsentgelt_raw": 0,
        "berlin_zahlungsart": null,
        "berlin_barrierefrei_raw": "ja",
        "berlin_barrierearm_raw": "ja",
        "berlin_wickeltisch_raw": "ja"
      }
    },
    {
      "type": "Feature",
      "geometry": {
        "type": "Point",
        "coordinates": [
          13.29092873,
          52.51025416
        ]
      },
      "properties": {
        "facility_id": "atm-toilet-294",
        "name": "Lietzenseepark, Kaiserdamm ggü. 8 vor Witzlebenplatz",
        "geometry_type": "Point",
        "address": "Lietzenseepark, Kaiserdamm ggü. 8 vor Witzlebenplatz",
        "operator": "Wall GmbH",
        "access": "public",
        "fee": "yes",
        "payment_method": "Karte/App/Paypal/BVG-Guthabenkarte",
        "opening_hours": "24h",
        "wheelchair": "yes",
        "changing_table": "yes",
        "toilet_type": "standalone",
        "gender_access": "unknown",
        "indoor": "no",
        "covered": "unknown",
        "drinking_water": "unknown",
        "supervised": "unknown",
        "maintenance_status": "operational",
        "source": "berlin_open_data_wfs",
        "source_id": "922",
        "source_url": "https://daten.berlin.de/datensaetze/offentliche-toiletten-wfs-ad2c0c24",
        "source_timestamp": "2025-07-17",
        "download_date": "2026-05-31",
        "license": "dl-de-zero-2.0",
        "last_verified": "2026-05-31",
        "berlin_feature_id": "toiletten.922",
        "berlin_bezirk": "Charlottenburg-Wilmersdorf",
        "berlin_vertrag": "Toilettenvertrag mit Wall",
        "berlin_modelltyp": "Berliner Toilette mit 1 Platz",
        "berlin_symbol": "WC",
        "berlin_nutzungsentgelt_raw": 0.5,
        "berlin_zahlungsart": "Karte/App/Paypal/BVG-Guthabenkarte",
        "berlin_barrierefrei_raw": "ja",
        "berlin_barrierearm_raw": "ja",
        "berlin_wickeltisch_raw": "ja"
      }
    },
    {
      "type": "Feature",
      "geometry": {
        "type": "Point",
        "coordinates": [
          13.52014861,
          52.43399024
        ]
      },
      "properties": {
        "facility_id": "atm-toilet-295",
        "name": "Hermann-Dorner-Allee hinter ggü. Barbara-McClintock-Straße (Landschaftspark Johannisthal/Adlershof)",
        "geometry_type": "Point",
        "address": "Hermann-Dorner-Allee hinter ggü. Barbara-McClintock-Straße (Landschaftspark Johannisthal/Adlershof)",
        "operator": "Wall GmbH",
        "access": "public",
        "fee": "yes",
        "payment_method": "Karte/App/Paypal/BVG-Guthabenkarte",
        "opening_hours": "24h",
        "wheelchair": "yes",
        "changing_table": "no",
        "toilet_type": "standalone",
        "gender_access": "unknown",
        "indoor": "no",
        "covered": "unknown",
        "drinking_water": "unknown",
        "supervised": "unknown",
        "maintenance_status": "operational",
        "source": "berlin_open_data_wfs",
        "source_id": "923",
        "source_url": "https://daten.berlin.de/datensaetze/offentliche-toiletten-wfs-ad2c0c24",
        "source_timestamp": "2025-07-17",
        "download_date": "2026-05-31",
        "license": "dl-de-zero-2.0",
        "last_verified": "2026-05-31",
        "berlin_feature_id": "toiletten.923",
        "berlin_bezirk": "Treptow-Köpenick",
        "berlin_vertrag": "Toilettenvertrag mit Wall",
        "berlin_modelltyp": "Berliner Toilette mit 1 Platz",
        "berlin_symbol": "WC",
        "berlin_nutzungsentgelt_raw": 0.5,
        "berlin_zahlungsart": "Karte/App/Paypal/BVG-Guthabenkarte",
        "berlin_barrierefrei_raw": "ja",
        "berlin_barrierearm_raw": "ja",
        "berlin_wickeltisch_raw": "nein"
      }
    },
    {
      "type": "Feature",
      "geometry": {
        "type": "Point",
        "coordinates": [
          13.4329283,
          52.4221483
        ]
      },
      "properties": {
        "facility_id": "atm-toilet-296",
        "name": "Alt-Buckow 25 vor Landschöppenpfad",
        "geometry_type": "Point",
        "address": "Alt-Buckow 25 vor Landschöppenpfad",
        "operator": "Wall GmbH",
        "access": "public",
        "fee": "yes",
        "payment_method": "Karte/App/Paypal/BVG-Guthabenkarte",
        "opening_hours": "24h",
        "wheelchair": "yes",
        "changing_table": "no",
        "toilet_type": "standalone",
        "gender_access": "unknown",
        "indoor": "no",
        "covered": "unknown",
        "drinking_water": "unknown",
        "supervised": "unknown",
        "maintenance_status": "operational",
        "source": "berlin_open_data_wfs",
        "source_id": "924",
        "source_url": "https://daten.berlin.de/datensaetze/offentliche-toiletten-wfs-ad2c0c24",
        "source_timestamp": "2025-07-17",
        "download_date": "2026-05-31",
        "license": "dl-de-zero-2.0",
        "last_verified": "2026-05-31",
        "berlin_feature_id": "toiletten.924",
        "berlin_bezirk": "Neukölln",
        "berlin_vertrag": "Toilettenvertrag mit Wall",
        "berlin_modelltyp": "Berliner Toilette mit 1 Platz",
        "berlin_symbol": "WC",
        "berlin_nutzungsentgelt_raw": 0.5,
        "berlin_zahlungsart": "Karte/App/Paypal/BVG-Guthabenkarte",
        "berlin_barrierefrei_raw": "ja",
        "berlin_barrierearm_raw": "ja",
        "berlin_wickeltisch_raw": "nein"
      }
    },
    {
      "type": "Feature",
      "geometry": {
        "type": "Point",
        "coordinates": [
          13.3657435,
          52.53715681
        ]
      },
      "properties": {
        "facility_id": "atm-toilet-297",
        "name": "Sellerpark, Sellerstr. ggü. 15",
        "geometry_type": "Point",
        "address": "Sellerpark, Sellerstr. ggü. 15",
        "operator": "Wall GmbH",
        "access": "public",
        "fee": "no",
        "payment_method": null,
        "opening_hours": "24h",
        "wheelchair": "yes",
        "changing_table": "yes",
        "toilet_type": "standalone",
        "gender_access": "unknown",
        "indoor": "no",
        "covered": "unknown",
        "drinking_water": "unknown",
        "supervised": "unknown",
        "maintenance_status": "operational",
        "source": "berlin_open_data_wfs",
        "source_id": "925",
        "source_url": "https://daten.berlin.de/datensaetze/offentliche-toiletten-wfs-ad2c0c24",
        "source_timestamp": "2025-07-17",
        "download_date": "2026-05-31",
        "license": "dl-de-zero-2.0",
        "last_verified": "2026-05-31",
        "berlin_feature_id": "toiletten.925",
        "berlin_bezirk": "Mitte",
        "berlin_vertrag": "Toilettenvertrag mit Wall",
        "berlin_modelltyp": "Berliner Toilette 1 Platz mit 2 Pissoirs",
        "berlin_symbol": "WC",
        "berlin_nutzungsentgelt_raw": 0,
        "berlin_zahlungsart": null,
        "berlin_barrierefrei_raw": "ja",
        "berlin_barrierearm_raw": "ja",
        "berlin_wickeltisch_raw": "ja"
      }
    },
    {
      "type": "Feature",
      "geometry": {
        "type": "Point",
        "coordinates": [
          13.41442175,
          52.49495943
        ]
      },
      "properties": {
        "facility_id": "atm-toilet-298",
        "name": "Admiralbrücke, Planufer ggü. Grimmstr./Böckhstr.",
        "geometry_type": "Point",
        "address": "Admiralbrücke, Planufer ggü. Grimmstr./Böckhstr.",
        "operator": "Wall GmbH",
        "access": "public",
        "fee": "no",
        "payment_method": null,
        "opening_hours": "24h",
        "wheelchair": "yes",
        "changing_table": "no",
        "toilet_type": "standalone",
        "gender_access": "unknown",
        "indoor": "no",
        "covered": "unknown",
        "drinking_water": "unknown",
        "supervised": "unknown",
        "maintenance_status": "operational",
        "source": "berlin_open_data_wfs",
        "source_id": "926",
        "source_url": "https://daten.berlin.de/datensaetze/offentliche-toiletten-wfs-ad2c0c24",
        "source_timestamp": "2025-07-17",
        "download_date": "2026-05-31",
        "license": "dl-de-zero-2.0",
        "last_verified": "2026-05-31",
        "berlin_feature_id": "toiletten.926",
        "berlin_bezirk": "Friedrichshain-Kreuzberg",
        "berlin_vertrag": "Toilettenvertrag mit Wall",
        "berlin_modelltyp": "Berliner Toilette 1 Platz mit 2 Pissoirs",
        "berlin_symbol": "WC",
        "berlin_nutzungsentgelt_raw": 0,
        "berlin_zahlungsart": null,
        "berlin_barrierefrei_raw": "ja",
        "berlin_barrierearm_raw": "ja",
        "berlin_wickeltisch_raw": "nein"
      }
    },
    {
      "type": "Feature",
      "geometry": {
        "type": "Point",
        "coordinates": [
          13.14647959,
          52.52375236
        ]
      },
      "properties": {
        "facility_id": "atm-toilet-299",
        "name": "Gärtnereiring ggü. 54 hinter ggü. Pfarrer-Theile-Str. 131",
        "geometry_type": "Point",
        "address": "Gärtnereiring ggü. 54 hinter ggü. Pfarrer-Theile-Str. 131",
        "operator": "Wall GmbH",
        "access": "public",
        "fee": "yes",
        "payment_method": "Karte/App/Paypal/BVG-Guthabenkarte",
        "opening_hours": "24h",
        "wheelchair": "yes",
        "changing_table": "yes",
        "toilet_type": "standalone",
        "gender_access": "unknown",
        "indoor": "no",
        "covered": "unknown",
        "drinking_water": "unknown",
        "supervised": "unknown",
        "maintenance_status": "operational",
        "source": "berlin_open_data_wfs",
        "source_id": "927",
        "source_url": "https://daten.berlin.de/datensaetze/offentliche-toiletten-wfs-ad2c0c24",
        "source_timestamp": "2025-07-17",
        "download_date": "2026-05-31",
        "license": "dl-de-zero-2.0",
        "last_verified": "2026-05-31",
        "berlin_feature_id": "toiletten.927",
        "berlin_bezirk": "Spandau",
        "berlin_vertrag": "Toilettenvertrag mit Wall",
        "berlin_modelltyp": "Berliner Toilette mit 1 Platz",
        "berlin_symbol": "WC",
        "berlin_nutzungsentgelt_raw": 0.5,
        "berlin_zahlungsart": "Karte/App/Paypal/BVG-Guthabenkarte",
        "berlin_barrierefrei_raw": "ja",
        "berlin_barrierearm_raw": "ja",
        "berlin_wickeltisch_raw": "ja"
      }
    },
    {
      "type": "Feature",
      "geometry": {
        "type": "Point",
        "coordinates": [
          13.2107809,
          52.56738182
        ]
      },
      "properties": {
        "facility_id": "atm-toilet-300",
        "name": "Niederneuendorfer Allee 11 vor Werderstr.",
        "geometry_type": "Point",
        "address": "Niederneuendorfer Allee 11 vor Werderstr.",
        "operator": "Wall GmbH",
        "access": "public",
        "fee": "yes",
        "payment_method": "Karte/App/Paypal/BVG-Guthabenkarte",
        "opening_hours": "24h",
        "wheelchair": "yes",
        "changing_table": "yes",
        "toilet_type": "standalone",
        "gender_access": "unknown",
        "indoor": "no",
        "covered": "unknown",
        "drinking_water": "unknown",
        "supervised": "unknown",
        "maintenance_status": "operational",
        "source": "berlin_open_data_wfs",
        "source_id": "928",
        "source_url": "https://daten.berlin.de/datensaetze/offentliche-toiletten-wfs-ad2c0c24",
        "source_timestamp": "2025-07-17",
        "download_date": "2026-05-31",
        "license": "dl-de-zero-2.0",
        "last_verified": "2026-05-31",
        "berlin_feature_id": "toiletten.928",
        "berlin_bezirk": "Spandau",
        "berlin_vertrag": "Toilettenvertrag mit Wall",
        "berlin_modelltyp": "Berliner Toilette mit 1 Platz",
        "berlin_symbol": "WC",
        "berlin_nutzungsentgelt_raw": 0.5,
        "berlin_zahlungsart": "Karte/App/Paypal/BVG-Guthabenkarte",
        "berlin_barrierefrei_raw": "ja",
        "berlin_barrierearm_raw": "ja",
        "berlin_wickeltisch_raw": "ja"
      }
    },
    {
      "type": "Feature",
      "geometry": {
        "type": "Point",
        "coordinates": [
          13.50423507,
          52.5024719
        ]
      },
      "properties": {
        "facility_id": "atm-toilet-301",
        "name": "Rummelsburger Str. vor Eggersdorfer Str.",
        "geometry_type": "Point",
        "address": "Rummelsburger Str. vor Eggersdorfer Str.",
        "operator": "Wall GmbH",
        "access": "public",
        "fee": "yes",
        "payment_method": "Karte/App/Paypal/BVG-Guthabenkarte",
        "opening_hours": "24h",
        "wheelchair": "yes",
        "changing_table": "yes",
        "toilet_type": "standalone",
        "gender_access": "unknown",
        "indoor": "no",
        "covered": "unknown",
        "drinking_water": "unknown",
        "supervised": "unknown",
        "maintenance_status": "operational",
        "source": "berlin_open_data_wfs",
        "source_id": "930",
        "source_url": "https://daten.berlin.de/datensaetze/offentliche-toiletten-wfs-ad2c0c24",
        "source_timestamp": "2025-07-17",
        "download_date": "2026-05-31",
        "license": "dl-de-zero-2.0",
        "last_verified": "2026-05-31",
        "berlin_feature_id": "toiletten.930",
        "berlin_bezirk": "Lichtenberg",
        "berlin_vertrag": "Toilettenvertrag mit Wall",
        "berlin_modelltyp": "Berliner Toilette mit 1 Platz",
        "berlin_symbol": "WC",
        "berlin_nutzungsentgelt_raw": 0.5,
        "berlin_zahlungsart": "Karte/App/Paypal/BVG-Guthabenkarte",
        "berlin_barrierefrei_raw": "ja",
        "berlin_barrierearm_raw": "ja",
        "berlin_wickeltisch_raw": "ja"
      }
    },
    {
      "type": "Feature",
      "geometry": {
        "type": "Point",
        "coordinates": [
          13.48059285,
          52.52733511
        ]
      },
      "properties": {
        "facility_id": "atm-toilet-302",
        "name": "Roederplatz vor Weißenseer Weg 1",
        "geometry_type": "Point",
        "address": "Roederplatz vor Weißenseer Weg 1",
        "operator": "Wall GmbH",
        "access": "public",
        "fee": "yes",
        "payment_method": "Karte/App/Paypal/BVG-Guthabenkarte",
        "opening_hours": "24h",
        "wheelchair": "yes",
        "changing_table": "yes",
        "toilet_type": "standalone",
        "gender_access": "unknown",
        "indoor": "no",
        "covered": "unknown",
        "drinking_water": "unknown",
        "supervised": "unknown",
        "maintenance_status": "operational",
        "source": "berlin_open_data_wfs",
        "source_id": "931",
        "source_url": "https://daten.berlin.de/datensaetze/offentliche-toiletten-wfs-ad2c0c24",
        "source_timestamp": "2025-07-17",
        "download_date": "2026-05-31",
        "license": "dl-de-zero-2.0",
        "last_verified": "2026-05-31",
        "berlin_feature_id": "toiletten.931",
        "berlin_bezirk": "Lichtenberg",
        "berlin_vertrag": "Toilettenvertrag mit Wall",
        "berlin_modelltyp": "Berliner Toilette mit 1 Platz",
        "berlin_symbol": "WC",
        "berlin_nutzungsentgelt_raw": 0.5,
        "berlin_zahlungsart": "Karte/App/Paypal/BVG-Guthabenkarte",
        "berlin_barrierefrei_raw": "ja",
        "berlin_barrierearm_raw": "ja",
        "berlin_wickeltisch_raw": "ja"
      }
    },
    {
      "type": "Feature",
      "geometry": {
        "type": "Point",
        "coordinates": [
          13.38363977,
          52.55932322
        ]
      },
      "properties": {
        "facility_id": "atm-toilet-303",
        "name": "Soldiner Str. 77 hinter ggü. Stockholmer Str.",
        "geometry_type": "Point",
        "address": "Soldiner Str. 77 hinter ggü. Stockholmer Str.",
        "operator": "Wall GmbH",
        "access": "public",
        "fee": "no",
        "payment_method": null,
        "opening_hours": "24h",
        "wheelchair": "yes",
        "changing_table": "yes",
        "toilet_type": "standalone",
        "gender_access": "unknown",
        "indoor": "no",
        "covered": "unknown",
        "drinking_water": "unknown",
        "supervised": "unknown",
        "maintenance_status": "operational",
        "source": "berlin_open_data_wfs",
        "source_id": "933",
        "source_url": "https://daten.berlin.de/datensaetze/offentliche-toiletten-wfs-ad2c0c24",
        "source_timestamp": "2025-07-17",
        "download_date": "2026-05-31",
        "license": "dl-de-zero-2.0",
        "last_verified": "2026-05-31",
        "berlin_feature_id": "toiletten.933",
        "berlin_bezirk": "Mitte",
        "berlin_vertrag": "Toilettenvertrag mit Wall",
        "berlin_modelltyp": "Berliner Toilette 1 Platz mit 2 Pissoirs",
        "berlin_symbol": "WC",
        "berlin_nutzungsentgelt_raw": 0,
        "berlin_zahlungsart": null,
        "berlin_barrierefrei_raw": "ja",
        "berlin_barrierearm_raw": "ja",
        "berlin_wickeltisch_raw": "ja"
      }
    },
    {
      "type": "Feature",
      "geometry": {
        "type": "Point",
        "coordinates": [
          13.47264935,
          52.51567357
        ]
      },
      "properties": {
        "facility_id": "atm-toilet-304",
        "name": "Schleidenplatz, Waldeyerstr. ggü. 5 vor Pettenkoferstr.",
        "geometry_type": "Point",
        "address": "Schleidenplatz, Waldeyerstr. ggü. 5 vor Pettenkoferstr.",
        "operator": "Wall GmbH",
        "access": "public",
        "fee": "no",
        "payment_method": null,
        "opening_hours": "24h",
        "wheelchair": "yes",
        "changing_table": "yes",
        "toilet_type": "standalone",
        "gender_access": "unknown",
        "indoor": "no",
        "covered": "unknown",
        "drinking_water": "unknown",
        "supervised": "unknown",
        "maintenance_status": "operational",
        "source": "berlin_open_data_wfs",
        "source_id": "934",
        "source_url": "https://daten.berlin.de/datensaetze/offentliche-toiletten-wfs-ad2c0c24",
        "source_timestamp": "2025-07-17",
        "download_date": "2026-05-31",
        "license": "dl-de-zero-2.0",
        "last_verified": "2026-05-31",
        "berlin_feature_id": "toiletten.934",
        "berlin_bezirk": "Friedrichshain-Kreuzberg",
        "berlin_vertrag": "Toilettenvertrag mit Wall",
        "berlin_modelltyp": "Berliner Toilette 1 Platz mit 2 Pissoirs",
        "berlin_symbol": "WC",
        "berlin_nutzungsentgelt_raw": 0,
        "berlin_zahlungsart": null,
        "berlin_barrierefrei_raw": "ja",
        "berlin_barrierearm_raw": "ja",
        "berlin_wickeltisch_raw": "ja"
      }
    },
    {
      "type": "Feature",
      "geometry": {
        "type": "Point",
        "coordinates": [
          13.55987441,
          52.47946085
        ]
      },
      "properties": {
        "facility_id": "atm-toilet-305",
        "name": "Köpenicker Str. 259 A hinter Hadubrandstr.",
        "geometry_type": "Point",
        "address": "Köpenicker Str. 259 A hinter Hadubrandstr.",
        "operator": "Wall GmbH",
        "access": "public",
        "fee": "yes",
        "payment_method": "Karte/App/Paypal/BVG-Guthabenkarte",
        "opening_hours": "24h",
        "wheelchair": "yes",
        "changing_table": "no",
        "toilet_type": "standalone",
        "gender_access": "unknown",
        "indoor": "no",
        "covered": "unknown",
        "drinking_water": "unknown",
        "supervised": "unknown",
        "maintenance_status": "operational",
        "source": "berlin_open_data_wfs",
        "source_id": "936",
        "source_url": "https://daten.berlin.de/datensaetze/offentliche-toiletten-wfs-ad2c0c24",
        "source_timestamp": "2025-07-17",
        "download_date": "2026-05-31",
        "license": "dl-de-zero-2.0",
        "last_verified": "2026-05-31",
        "berlin_feature_id": "toiletten.936",
        "berlin_bezirk": "Marzahn-Hellersdorf",
        "berlin_vertrag": "Toilettenvertrag mit Wall",
        "berlin_modelltyp": "Berliner Toilette mit 1 Platz",
        "berlin_symbol": "WC",
        "berlin_nutzungsentgelt_raw": 0.5,
        "berlin_zahlungsart": "Karte/App/Paypal/BVG-Guthabenkarte",
        "berlin_barrierefrei_raw": "ja",
        "berlin_barrierearm_raw": "ja",
        "berlin_wickeltisch_raw": "nein"
      }
    },
    {
      "type": "Feature",
      "geometry": {
        "type": "Point",
        "coordinates": [
          13.31222352,
          52.60615839
        ]
      },
      "properties": {
        "facility_id": "atm-toilet-306",
        "name": "Dianaplatz, Dianastr. hinter 59 a",
        "geometry_type": "Point",
        "address": "Dianaplatz, Dianastr. hinter 59 a",
        "operator": "Wall GmbH",
        "access": "public",
        "fee": "yes",
        "payment_method": "Karte/App/Paypal/BVG-Guthabenkarte",
        "opening_hours": "24h",
        "wheelchair": "yes",
        "changing_table": "yes",
        "toilet_type": "standalone",
        "gender_access": "unknown",
        "indoor": "no",
        "covered": "unknown",
        "drinking_water": "unknown",
        "supervised": "unknown",
        "maintenance_status": "operational",
        "source": "berlin_open_data_wfs",
        "source_id": "937",
        "source_url": "https://daten.berlin.de/datensaetze/offentliche-toiletten-wfs-ad2c0c24",
        "source_timestamp": "2025-07-17",
        "download_date": "2026-05-31",
        "license": "dl-de-zero-2.0",
        "last_verified": "2026-05-31",
        "berlin_feature_id": "toiletten.937",
        "berlin_bezirk": "Reinickendorf",
        "berlin_vertrag": "Toilettenvertrag mit Wall",
        "berlin_modelltyp": "Berliner Toilette mit 1 Platz",
        "berlin_symbol": "WC",
        "berlin_nutzungsentgelt_raw": 0.5,
        "berlin_zahlungsart": "Karte/App/Paypal/BVG-Guthabenkarte",
        "berlin_barrierefrei_raw": "ja",
        "berlin_barrierearm_raw": "ja",
        "berlin_wickeltisch_raw": "ja"
      }
    },
    {
      "type": "Feature",
      "geometry": {
        "type": "Point",
        "coordinates": [
          13.3685794,
          52.54487819
        ]
      },
      "properties": {
        "facility_id": "atm-toilet-307",
        "name": "Nettelbeckplatz, Gerichtstr. 31 vor Pasewalker Str.",
        "geometry_type": "Point",
        "address": "Nettelbeckplatz, Gerichtstr. 31 vor Pasewalker Str.",
        "operator": "Wall GmbH",
        "access": "public",
        "fee": "no",
        "payment_method": null,
        "opening_hours": "24h",
        "wheelchair": "yes",
        "changing_table": "yes",
        "toilet_type": "standalone",
        "gender_access": "unknown",
        "indoor": "no",
        "covered": "unknown",
        "drinking_water": "unknown",
        "supervised": "unknown",
        "maintenance_status": "operational",
        "source": "berlin_open_data_wfs",
        "source_id": "938",
        "source_url": "https://daten.berlin.de/datensaetze/offentliche-toiletten-wfs-ad2c0c24",
        "source_timestamp": "2025-07-17",
        "download_date": "2026-05-31",
        "license": "dl-de-zero-2.0",
        "last_verified": "2026-05-31",
        "berlin_feature_id": "toiletten.938",
        "berlin_bezirk": "Mitte",
        "berlin_vertrag": "Toilettenvertrag mit Wall",
        "berlin_modelltyp": "Berliner Toilette 1 Platz mit 2 Pissoirs",
        "berlin_symbol": "WC",
        "berlin_nutzungsentgelt_raw": 0,
        "berlin_zahlungsart": null,
        "berlin_barrierefrei_raw": "ja",
        "berlin_barrierearm_raw": "ja",
        "berlin_wickeltisch_raw": "ja"
      }
    },
    {
      "type": "Feature",
      "geometry": {
        "type": "Point",
        "coordinates": [
          13.35862282,
          52.56345305
        ]
      },
      "properties": {
        "facility_id": "atm-toilet-308",
        "name": "Schäfersee, Am Schäfersee vor Vierwaldstätter Weg 17",
        "geometry_type": "Point",
        "address": "Schäfersee, Am Schäfersee vor Vierwaldstätter Weg 17",
        "operator": "Wall GmbH",
        "access": "public",
        "fee": "yes",
        "payment_method": "Karte/App/Paypal/BVG-Guthabenkarte",
        "opening_hours": "24h",
        "wheelchair": "yes",
        "changing_table": "no",
        "toilet_type": "standalone",
        "gender_access": "unknown",
        "indoor": "no",
        "covered": "unknown",
        "drinking_water": "unknown",
        "supervised": "unknown",
        "maintenance_status": "operational",
        "source": "berlin_open_data_wfs",
        "source_id": "939",
        "source_url": "https://daten.berlin.de/datensaetze/offentliche-toiletten-wfs-ad2c0c24",
        "source_timestamp": "2025-07-17",
        "download_date": "2026-05-31",
        "license": "dl-de-zero-2.0",
        "last_verified": "2026-05-31",
        "berlin_feature_id": "toiletten.939",
        "berlin_bezirk": "Reinickendorf",
        "berlin_vertrag": "Toilettenvertrag mit Wall",
        "berlin_modelltyp": "Berliner Toilette mit 2 Plätzen",
        "berlin_symbol": "WC",
        "berlin_nutzungsentgelt_raw": 0.5,
        "berlin_zahlungsart": "Karte/App/Paypal/BVG-Guthabenkarte",
        "berlin_barrierefrei_raw": "ja",
        "berlin_barrierearm_raw": "ja",
        "berlin_wickeltisch_raw": "nein"
      }
    },
    {
      "type": "Feature",
      "geometry": {
        "type": "Point",
        "coordinates": [
          13.52008467,
          52.56624522
        ]
      },
      "properties": {
        "facility_id": "atm-toilet-309",
        "name": "Warnitzer Str. 6",
        "geometry_type": "Point",
        "address": "Warnitzer Str. 6",
        "operator": "Wall GmbH",
        "access": "public",
        "fee": "yes",
        "payment_method": "Karte/App/Paypal/BVG-Guthabenkarte",
        "opening_hours": "24h",
        "wheelchair": "yes",
        "changing_table": "yes",
        "toilet_type": "standalone",
        "gender_access": "unknown",
        "indoor": "no",
        "covered": "unknown",
        "drinking_water": "unknown",
        "supervised": "unknown",
        "maintenance_status": "operational",
        "source": "berlin_open_data_wfs",
        "source_id": "940",
        "source_url": "https://daten.berlin.de/datensaetze/offentliche-toiletten-wfs-ad2c0c24",
        "source_timestamp": "2025-07-17",
        "download_date": "2026-05-31",
        "license": "dl-de-zero-2.0",
        "last_verified": "2026-05-31",
        "berlin_feature_id": "toiletten.940",
        "berlin_bezirk": "Lichtenberg",
        "berlin_vertrag": "Toilettenvertrag mit Wall",
        "berlin_modelltyp": "Berliner Toilette mit 1 Platz",
        "berlin_symbol": "WC",
        "berlin_nutzungsentgelt_raw": 0.5,
        "berlin_zahlungsart": "Karte/App/Paypal/BVG-Guthabenkarte",
        "berlin_barrierefrei_raw": "ja",
        "berlin_barrierearm_raw": "ja",
        "berlin_wickeltisch_raw": "ja"
      }
    },
    {
      "type": "Feature",
      "geometry": {
        "type": "Point",
        "coordinates": [
          13.39902465,
          52.54142399
        ]
      },
      "properties": {
        "facility_id": "atm-toilet-310",
        "name": "Swinemünder Str. 34 hinter Vinetaplatz",
        "geometry_type": "Point",
        "address": "Swinemünder Str. 34 hinter Vinetaplatz",
        "operator": "Wall GmbH",
        "access": "public",
        "fee": "yes",
        "payment_method": "Karte/App/Paypal/BVG-Guthabenkarte",
        "opening_hours": "24h",
        "wheelchair": "yes",
        "changing_table": "yes",
        "toilet_type": "standalone",
        "gender_access": "unknown",
        "indoor": "no",
        "covered": "unknown",
        "drinking_water": "unknown",
        "supervised": "unknown",
        "maintenance_status": "operational",
        "source": "berlin_open_data_wfs",
        "source_id": "941",
        "source_url": "https://daten.berlin.de/datensaetze/offentliche-toiletten-wfs-ad2c0c24",
        "source_timestamp": "2025-07-17",
        "download_date": "2026-05-31",
        "license": "dl-de-zero-2.0",
        "last_verified": "2026-05-31",
        "berlin_feature_id": "toiletten.941",
        "berlin_bezirk": "Mitte",
        "berlin_vertrag": "Toilettenvertrag mit Wall",
        "berlin_modelltyp": "Berliner Toilette mit 1 Platz",
        "berlin_symbol": "WC",
        "berlin_nutzungsentgelt_raw": 0.5,
        "berlin_zahlungsart": "Karte/App/Paypal/BVG-Guthabenkarte",
        "berlin_barrierefrei_raw": "ja",
        "berlin_barrierearm_raw": "ja",
        "berlin_wickeltisch_raw": "ja"
      }
    },
    {
      "type": "Feature",
      "geometry": {
        "type": "Point",
        "coordinates": [
          13.48561327,
          52.54808634
        ]
      },
      "properties": {
        "facility_id": "atm-toilet-311",
        "name": "Waldowstr. ggü. 31 vor Oberseestr.",
        "geometry_type": "Point",
        "address": "Waldowstr. ggü. 31 vor Oberseestr.",
        "operator": "Wall GmbH",
        "access": "public",
        "fee": "yes",
        "payment_method": "Karte/App/Paypal/BVG-Guthabenkarte",
        "opening_hours": "24h",
        "wheelchair": "yes",
        "changing_table": "yes",
        "toilet_type": "standalone",
        "gender_access": "unknown",
        "indoor": "no",
        "covered": "unknown",
        "drinking_water": "unknown",
        "supervised": "unknown",
        "maintenance_status": "operational",
        "source": "berlin_open_data_wfs",
        "source_id": "943",
        "source_url": "https://daten.berlin.de/datensaetze/offentliche-toiletten-wfs-ad2c0c24",
        "source_timestamp": "2025-07-17",
        "download_date": "2026-05-31",
        "license": "dl-de-zero-2.0",
        "last_verified": "2026-05-31",
        "berlin_feature_id": "toiletten.943",
        "berlin_bezirk": "Lichtenberg",
        "berlin_vertrag": "Toilettenvertrag mit Wall",
        "berlin_modelltyp": "Berliner Toilette mit 1 Platz",
        "berlin_symbol": "WC",
        "berlin_nutzungsentgelt_raw": 0.5,
        "berlin_zahlungsart": "Karte/App/Paypal/BVG-Guthabenkarte",
        "berlin_barrierefrei_raw": "ja",
        "berlin_barrierearm_raw": "ja",
        "berlin_wickeltisch_raw": "ja"
      }
    },
    {
      "type": "Feature",
      "geometry": {
        "type": "Point",
        "coordinates": [
          13.3690377,
          52.49275799
        ]
      },
      "properties": {
        "facility_id": "atm-toilet-312",
        "name": "Max.-Kraft-Platz, Katzlerstr. ggü. 20 hinter Yorckstr.",
        "geometry_type": "Point",
        "address": "Max.-Kraft-Platz, Katzlerstr. ggü. 20 hinter Yorckstr.",
        "operator": "Wall GmbH",
        "access": "public",
        "fee": "no",
        "payment_method": null,
        "opening_hours": "24h",
        "wheelchair": "yes",
        "changing_table": "yes",
        "toilet_type": "standalone",
        "gender_access": "unknown",
        "indoor": "no",
        "covered": "unknown",
        "drinking_water": "unknown",
        "supervised": "unknown",
        "maintenance_status": "operational",
        "source": "berlin_open_data_wfs",
        "source_id": "944",
        "source_url": "https://daten.berlin.de/datensaetze/offentliche-toiletten-wfs-ad2c0c24",
        "source_timestamp": "2025-07-17",
        "download_date": "2026-05-31",
        "license": "dl-de-zero-2.0",
        "last_verified": "2026-05-31",
        "berlin_feature_id": "toiletten.944",
        "berlin_bezirk": "Tempelhof-Schöneberg",
        "berlin_vertrag": "Toilettenvertrag mit Wall",
        "berlin_modelltyp": "Berliner Toilette 1 Platz mit 2 Pissoirs",
        "berlin_symbol": "WC",
        "berlin_nutzungsentgelt_raw": 0,
        "berlin_zahlungsart": null,
        "berlin_barrierefrei_raw": "ja",
        "berlin_barrierearm_raw": "ja",
        "berlin_wickeltisch_raw": "ja"
      }
    },
    {
      "type": "Feature",
      "geometry": {
        "type": "Point",
        "coordinates": [
          13.31335932,
          52.61697094
        ]
      },
      "properties": {
        "facility_id": "atm-toilet-313",
        "name": "Dr.-Ilse-Kassel-Platz, Schloßstr. ggü. 5 hinter Auguste-Viktoria-Str.",
        "geometry_type": "Point",
        "address": "Dr.-Ilse-Kassel-Platz, Schloßstr. ggü. 5 hinter Auguste-Viktoria-Str.",
        "operator": "Wall GmbH",
        "access": "public",
        "fee": "yes",
        "payment_method": "Karte/App/Paypal/BVG-Guthabenkarte",
        "opening_hours": "24h",
        "wheelchair": "yes",
        "changing_table": "yes",
        "toilet_type": "standalone",
        "gender_access": "unknown",
        "indoor": "no",
        "covered": "unknown",
        "drinking_water": "unknown",
        "supervised": "unknown",
        "maintenance_status": "operational",
        "source": "berlin_open_data_wfs",
        "source_id": "945",
        "source_url": "https://daten.berlin.de/datensaetze/offentliche-toiletten-wfs-ad2c0c24",
        "source_timestamp": "2025-07-17",
        "download_date": "2026-05-31",
        "license": "dl-de-zero-2.0",
        "last_verified": "2026-05-31",
        "berlin_feature_id": "toiletten.945",
        "berlin_bezirk": "Reinickendorf",
        "berlin_vertrag": "Toilettenvertrag mit Wall",
        "berlin_modelltyp": "Berliner Toilette mit 1 Platz",
        "berlin_symbol": "WC",
        "berlin_nutzungsentgelt_raw": 0.5,
        "berlin_zahlungsart": "Karte/App/Paypal/BVG-Guthabenkarte",
        "berlin_barrierefrei_raw": "ja",
        "berlin_barrierearm_raw": "ja",
        "berlin_wickeltisch_raw": "ja"
      }
    },
    {
      "type": "Feature",
      "geometry": {
        "type": "Point",
        "coordinates": [
          13.32997355,
          52.49674726
        ]
      },
      "properties": {
        "facility_id": "atm-toilet-314",
        "name": "U-Bhf. Spichernstr., Meierottostr. ggü. 8 hinter Bundesallee",
        "geometry_type": "Point",
        "address": "U-Bhf. Spichernstr., Meierottostr. ggü. 8 hinter Bundesallee",
        "operator": "Wall GmbH",
        "access": "public",
        "fee": "yes",
        "payment_method": "Karte/App/Paypal/BVG-Guthabenkarte",
        "opening_hours": "24h",
        "wheelchair": "yes",
        "changing_table": "no",
        "toilet_type": "standalone",
        "gender_access": "unknown",
        "indoor": "no",
        "covered": "unknown",
        "drinking_water": "unknown",
        "supervised": "unknown",
        "maintenance_status": "operational",
        "source": "berlin_open_data_wfs",
        "source_id": "946",
        "source_url": "https://daten.berlin.de/datensaetze/offentliche-toiletten-wfs-ad2c0c24",
        "source_timestamp": "2025-07-17",
        "download_date": "2026-05-31",
        "license": "dl-de-zero-2.0",
        "last_verified": "2026-05-31",
        "berlin_feature_id": "toiletten.946",
        "berlin_bezirk": "Charlottenburg-Wilmersdorf",
        "berlin_vertrag": "Toilettenvertrag mit Wall",
        "berlin_modelltyp": "Berliner Toilette mit 1 Platz",
        "berlin_symbol": "WC",
        "berlin_nutzungsentgelt_raw": 0.5,
        "berlin_zahlungsart": "Karte/App/Paypal/BVG-Guthabenkarte",
        "berlin_barrierefrei_raw": "ja",
        "berlin_barrierearm_raw": "ja",
        "berlin_wickeltisch_raw": "nein"
      }
    },
    {
      "type": "Feature",
      "geometry": {
        "type": "Point",
        "coordinates": [
          13.39360981,
          52.55637257
        ]
      },
      "properties": {
        "facility_id": "atm-toilet-315",
        "name": "Grüntaler Str. 41 Mittelinsel vor ggü. Soldiner Str.",
        "geometry_type": "Point",
        "address": "Grüntaler Str. 41 Mittelinsel vor ggü. Soldiner Str.",
        "operator": "Wall GmbH",
        "access": "public",
        "fee": "no",
        "payment_method": null,
        "opening_hours": "24h",
        "wheelchair": "yes",
        "changing_table": "yes",
        "toilet_type": "standalone",
        "gender_access": "unknown",
        "indoor": "no",
        "covered": "unknown",
        "drinking_water": "unknown",
        "supervised": "unknown",
        "maintenance_status": "operational",
        "source": "berlin_open_data_wfs",
        "source_id": "948",
        "source_url": "https://daten.berlin.de/datensaetze/offentliche-toiletten-wfs-ad2c0c24",
        "source_timestamp": "2025-07-17",
        "download_date": "2026-05-31",
        "license": "dl-de-zero-2.0",
        "last_verified": "2026-05-31",
        "berlin_feature_id": "toiletten.948",
        "berlin_bezirk": "Mitte",
        "berlin_vertrag": "Toilettenvertrag mit Wall",
        "berlin_modelltyp": "Berliner Toilette 1 Platz mit 2 Pissoirs",
        "berlin_symbol": "WC",
        "berlin_nutzungsentgelt_raw": 0,
        "berlin_zahlungsart": null,
        "berlin_barrierefrei_raw": "ja",
        "berlin_barrierearm_raw": "ja",
        "berlin_wickeltisch_raw": "ja"
      }
    },
    {
      "type": "Feature",
      "geometry": {
        "type": "Point",
        "coordinates": [
          13.50757274,
          52.4923786
        ]
      },
      "properties": {
        "facility_id": "atm-toilet-316",
        "name": "Dolgenseestr. ggü. 9 E vor Hönower Weg",
        "geometry_type": "Point",
        "address": "Dolgenseestr. ggü. 9 E vor Hönower Weg",
        "operator": "Wall GmbH",
        "access": "public",
        "fee": "yes",
        "payment_method": "Karte/App/Paypal/BVG-Guthabenkarte",
        "opening_hours": "24h",
        "wheelchair": "yes",
        "changing_table": "yes",
        "toilet_type": "standalone",
        "gender_access": "unknown",
        "indoor": "no",
        "covered": "unknown",
        "drinking_water": "unknown",
        "supervised": "unknown",
        "maintenance_status": "operational",
        "source": "berlin_open_data_wfs",
        "source_id": "949",
        "source_url": "https://daten.berlin.de/datensaetze/offentliche-toiletten-wfs-ad2c0c24",
        "source_timestamp": "2025-07-17",
        "download_date": "2026-05-31",
        "license": "dl-de-zero-2.0",
        "last_verified": "2026-05-31",
        "berlin_feature_id": "toiletten.949",
        "berlin_bezirk": "Lichtenberg",
        "berlin_vertrag": "Toilettenvertrag mit Wall",
        "berlin_modelltyp": "Berliner Toilette mit 1 Platz",
        "berlin_symbol": "WC",
        "berlin_nutzungsentgelt_raw": 0.5,
        "berlin_zahlungsart": "Karte/App/Paypal/BVG-Guthabenkarte",
        "berlin_barrierefrei_raw": "ja",
        "berlin_barrierearm_raw": "ja",
        "berlin_wickeltisch_raw": "ja"
      }
    },
    {
      "type": "Feature",
      "geometry": {
        "type": "Point",
        "coordinates": [
          13.35871347,
          52.62098487
        ]
      },
      "properties": {
        "facility_id": "atm-toilet-317",
        "name": "Alt-Lübars 19 B Mittelinsel",
        "geometry_type": "Point",
        "address": "Alt-Lübars 19 B Mittelinsel",
        "operator": "Wall GmbH",
        "access": "public",
        "fee": "yes",
        "payment_method": "Karte/App/Paypal/BVG-Guthabenkarte",
        "opening_hours": "24h",
        "wheelchair": "yes",
        "changing_table": "yes",
        "toilet_type": "standalone",
        "gender_access": "unknown",
        "indoor": "no",
        "covered": "unknown",
        "drinking_water": "unknown",
        "supervised": "unknown",
        "maintenance_status": "operational",
        "source": "berlin_open_data_wfs",
        "source_id": "950",
        "source_url": "https://daten.berlin.de/datensaetze/offentliche-toiletten-wfs-ad2c0c24",
        "source_timestamp": "2025-07-17",
        "download_date": "2026-05-31",
        "license": "dl-de-zero-2.0",
        "last_verified": "2026-05-31",
        "berlin_feature_id": "toiletten.950",
        "berlin_bezirk": "Reinickendorf",
        "berlin_vertrag": "Toilettenvertrag mit Wall",
        "berlin_modelltyp": "Berliner Toilette mit 1 Platz",
        "berlin_symbol": "WC",
        "berlin_nutzungsentgelt_raw": 0.5,
        "berlin_zahlungsart": "Karte/App/Paypal/BVG-Guthabenkarte",
        "berlin_barrierefrei_raw": "ja",
        "berlin_barrierearm_raw": "ja",
        "berlin_wickeltisch_raw": "ja"
      }
    },
    {
      "type": "Feature",
      "geometry": {
        "type": "Point",
        "coordinates": [
          13.48131665,
          52.53887278
        ]
      },
      "properties": {
        "facility_id": "atm-toilet-318",
        "name": "Konrad-Wolf-Str. ggü. 76 vor ggü. Sandinostr.",
        "geometry_type": "Point",
        "address": "Konrad-Wolf-Str. ggü. 76 vor ggü. Sandinostr.",
        "operator": "Wall GmbH",
        "access": "public",
        "fee": "no",
        "payment_method": null,
        "opening_hours": "24h",
        "wheelchair": "yes",
        "changing_table": "no",
        "toilet_type": "standalone",
        "gender_access": "unknown",
        "indoor": "no",
        "covered": "unknown",
        "drinking_water": "unknown",
        "supervised": "unknown",
        "maintenance_status": "operational",
        "source": "berlin_open_data_wfs",
        "source_id": "951",
        "source_url": "https://daten.berlin.de/datensaetze/offentliche-toiletten-wfs-ad2c0c24",
        "source_timestamp": "2025-07-17",
        "download_date": "2026-05-31",
        "license": "dl-de-zero-2.0",
        "last_verified": "2026-05-31",
        "berlin_feature_id": "toiletten.951",
        "berlin_bezirk": "Lichtenberg",
        "berlin_vertrag": "Toilettenvertrag mit Wall",
        "berlin_modelltyp": "Berliner Toilette 2 Plätze mit 2 Pissoirs",
        "berlin_symbol": "WC",
        "berlin_nutzungsentgelt_raw": 0,
        "berlin_zahlungsart": null,
        "berlin_barrierefrei_raw": "ja",
        "berlin_barrierearm_raw": "ja",
        "berlin_wickeltisch_raw": "nein"
      }
    },
    {
      "type": "Feature",
      "geometry": {
        "type": "Point",
        "coordinates": [
          13.47860842,
          52.4975045
        ]
      },
      "properties": {
        "facility_id": "atm-toilet-319",
        "name": "Emma-Ihrer-Str. hinter ggü. 39 hinter Hauptstr. 6T",
        "geometry_type": "Point",
        "address": "Emma-Ihrer-Str. hinter ggü. 39 hinter Hauptstr. 6T",
        "operator": "Wall GmbH",
        "access": "public",
        "fee": "yes",
        "payment_method": "Karte/App/Paypal/BVG-Guthabenkarte",
        "opening_hours": "24h",
        "wheelchair": "yes",
        "changing_table": "yes",
        "toilet_type": "standalone",
        "gender_access": "unknown",
        "indoor": "no",
        "covered": "unknown",
        "drinking_water": "unknown",
        "supervised": "unknown",
        "maintenance_status": "operational",
        "source": "berlin_open_data_wfs",
        "source_id": "952",
        "source_url": "https://daten.berlin.de/datensaetze/offentliche-toiletten-wfs-ad2c0c24",
        "source_timestamp": "2025-07-17",
        "download_date": "2026-05-31",
        "license": "dl-de-zero-2.0",
        "last_verified": "2026-05-31",
        "berlin_feature_id": "toiletten.952",
        "berlin_bezirk": "Lichtenberg",
        "berlin_vertrag": "Toilettenvertrag mit Wall",
        "berlin_modelltyp": "Berliner Toilette mit 1 Platz",
        "berlin_symbol": "WC",
        "berlin_nutzungsentgelt_raw": 0.5,
        "berlin_zahlungsart": "Karte/App/Paypal/BVG-Guthabenkarte",
        "berlin_barrierefrei_raw": "ja",
        "berlin_barrierearm_raw": "ja",
        "berlin_wickeltisch_raw": "ja"
      }
    },
    {
      "type": "Feature",
      "geometry": {
        "type": "Point",
        "coordinates": [
          13.21029458,
          52.55015023
        ]
      },
      "properties": {
        "facility_id": "atm-toilet-320",
        "name": "Schützenstr. hinter 10 vor Neuendorfer Str.",
        "geometry_type": "Point",
        "address": "Schützenstr. hinter 10 vor Neuendorfer Str.",
        "operator": "Wall GmbH",
        "access": "public",
        "fee": "yes",
        "payment_method": "Karte/App/Paypal/BVG-Guthabenkarte",
        "opening_hours": "24h",
        "wheelchair": "yes",
        "changing_table": "no",
        "toilet_type": "standalone",
        "gender_access": "unknown",
        "indoor": "no",
        "covered": "unknown",
        "drinking_water": "unknown",
        "supervised": "unknown",
        "maintenance_status": "operational",
        "source": "berlin_open_data_wfs",
        "source_id": "953",
        "source_url": "https://daten.berlin.de/datensaetze/offentliche-toiletten-wfs-ad2c0c24",
        "source_timestamp": "2025-07-17",
        "download_date": "2026-05-31",
        "license": "dl-de-zero-2.0",
        "last_verified": "2026-05-31",
        "berlin_feature_id": "toiletten.953",
        "berlin_bezirk": "Spandau",
        "berlin_vertrag": "Toilettenvertrag mit Wall",
        "berlin_modelltyp": "Berliner Toilette mit 1 Platz",
        "berlin_symbol": "WC",
        "berlin_nutzungsentgelt_raw": 0.5,
        "berlin_zahlungsart": "Karte/App/Paypal/BVG-Guthabenkarte",
        "berlin_barrierefrei_raw": "ja",
        "berlin_barrierearm_raw": "ja",
        "berlin_wickeltisch_raw": "nein"
      }
    },
    {
      "type": "Feature",
      "geometry": {
        "type": "Point",
        "coordinates": [
          13.33269815,
          52.57656681
        ]
      },
      "properties": {
        "facility_id": "atm-toilet-321",
        "name": "Kienhorstpark, Ollenhauerstr. 64-65 ggü. Reinickes Hof",
        "geometry_type": "Point",
        "address": "Kienhorstpark, Ollenhauerstr. 64-65 ggü. Reinickes Hof",
        "operator": "Wall GmbH",
        "access": "public",
        "fee": "yes",
        "payment_method": "Karte/App/Paypal/BVG-Guthabenkarte",
        "opening_hours": "24h",
        "wheelchair": "yes",
        "changing_table": "yes",
        "toilet_type": "standalone",
        "gender_access": "unknown",
        "indoor": "no",
        "covered": "unknown",
        "drinking_water": "unknown",
        "supervised": "unknown",
        "maintenance_status": "operational",
        "source": "berlin_open_data_wfs",
        "source_id": "954",
        "source_url": "https://daten.berlin.de/datensaetze/offentliche-toiletten-wfs-ad2c0c24",
        "source_timestamp": "2025-07-17",
        "download_date": "2026-05-31",
        "license": "dl-de-zero-2.0",
        "last_verified": "2026-05-31",
        "berlin_feature_id": "toiletten.954",
        "berlin_bezirk": "Reinickendorf",
        "berlin_vertrag": "Toilettenvertrag mit Wall",
        "berlin_modelltyp": "Berliner Toilette mit 1 Platz",
        "berlin_symbol": "WC",
        "berlin_nutzungsentgelt_raw": 0.5,
        "berlin_zahlungsart": "Karte/App/Paypal/BVG-Guthabenkarte",
        "berlin_barrierefrei_raw": "ja",
        "berlin_barrierearm_raw": "ja",
        "berlin_wickeltisch_raw": "ja"
      }
    },
    {
      "type": "Feature",
      "geometry": {
        "type": "Point",
        "coordinates": [
          13.332561,
          52.50743404
        ]
      },
      "properties": {
        "facility_id": "atm-toilet-322",
        "name": "Bahnhof Zoologischer Garten",
        "geometry_type": "Point",
        "address": "Bahnhof Zoologischer Garten",
        "operator": "SANIFAIR",
        "access": "public",
        "fee": "yes",
        "payment_method": null,
        "opening_hours": null,
        "wheelchair": "yes",
        "changing_table": "no",
        "toilet_type": "building",
        "gender_access": "unknown",
        "indoor": "yes",
        "covered": "unknown",
        "drinking_water": "unknown",
        "supervised": "unknown",
        "maintenance_status": "operational",
        "source": "berlin_open_data_wfs",
        "source_id": "6001",
        "source_url": "https://daten.berlin.de/datensaetze/offentliche-toiletten-wfs-ad2c0c24",
        "source_timestamp": "2025-07-17",
        "download_date": "2026-05-31",
        "license": "dl-de-zero-2.0",
        "last_verified": "2026-05-31",
        "berlin_feature_id": "toiletten.6001",
        "berlin_bezirk": "Charlottenburg-Wilmersdorf",
        "berlin_vertrag": "Privat betriebene öffentliche Toiletten",
        "berlin_modelltyp": "WC im Gebäude",
        "berlin_symbol": "WC",
        "berlin_nutzungsentgelt_raw": 1,
        "berlin_zahlungsart": null,
        "berlin_barrierefrei_raw": "ja",
        "berlin_barrierearm_raw": "ja",
        "berlin_wickeltisch_raw": "nein"
      }
    },
    {
      "type": "Feature",
      "geometry": {
        "type": "Point",
        "coordinates": [
          13.191804,
          52.43394504
        ]
      },
      "properties": {
        "facility_id": "atm-toilet-323",
        "name": "Grunewald West",
        "geometry_type": "Point",
        "address": "Grunewald West",
        "operator": "SANIFAIR",
        "access": "public",
        "fee": "yes",
        "payment_method": null,
        "opening_hours": null,
        "wheelchair": "yes",
        "changing_table": "no",
        "toilet_type": "building",
        "gender_access": "unknown",
        "indoor": "yes",
        "covered": "unknown",
        "drinking_water": "unknown",
        "supervised": "unknown",
        "maintenance_status": "operational",
        "source": "berlin_open_data_wfs",
        "source_id": "6004",
        "source_url": "https://daten.berlin.de/datensaetze/offentliche-toiletten-wfs-ad2c0c24",
        "source_timestamp": "2025-07-17",
        "download_date": "2026-05-31",
        "license": "dl-de-zero-2.0",
        "last_verified": "2026-05-31",
        "berlin_feature_id": "toiletten.6004",
        "berlin_bezirk": "Charlottenburg-Wilmersdorf",
        "berlin_vertrag": "Privat betriebene öffentliche Toiletten",
        "berlin_modelltyp": "WC im Gebäude",
        "berlin_symbol": "WC",
        "berlin_nutzungsentgelt_raw": 1,
        "berlin_zahlungsart": null,
        "berlin_barrierefrei_raw": "ja",
        "berlin_barrierearm_raw": "ja",
        "berlin_wickeltisch_raw": "nein"
      }
    },
    {
      "type": "Feature",
      "geometry": {
        "type": "Point",
        "coordinates": [
          13.24907803,
          52.51488254
        ]
      },
      "properties": {
        "facility_id": "atm-toilet-324",
        "name": "Friedhof Heerstraße (an der Friedhofskapelle)",
        "geometry_type": "Point",
        "address": "Friedhof Heerstraße (an der Friedhofskapelle)",
        "operator": "Bezirk",
        "access": "public",
        "fee": "no",
        "payment_method": null,
        "opening_hours": "Frühling/Herbst (März/April und September/Oktober): 07:30-20:00 Uhr\nSommer (Mai bis August ) 7:30-21:00 Uhr\nWinter (November bis Februar) 8:00-18:00 Uhr",
        "wheelchair": "no",
        "changing_table": "no",
        "toilet_type": "building",
        "gender_access": "unknown",
        "indoor": "yes",
        "covered": "unknown",
        "drinking_water": "unknown",
        "supervised": "unknown",
        "maintenance_status": "operational",
        "source": "berlin_open_data_wfs",
        "source_id": "6005",
        "source_url": "https://daten.berlin.de/datensaetze/offentliche-toiletten-wfs-ad2c0c24",
        "source_timestamp": "2025-07-17",
        "download_date": "2026-05-31",
        "license": "dl-de-zero-2.0",
        "last_verified": "2026-05-31",
        "berlin_feature_id": "toiletten.6005",
        "berlin_bezirk": "Charlottenburg-Wilmersdorf",
        "berlin_vertrag": "Sonstige öffentliche Toiletten",
        "berlin_modelltyp": "Friedhof",
        "berlin_symbol": "WC",
        "berlin_nutzungsentgelt_raw": 0,
        "berlin_zahlungsart": null,
        "berlin_barrierefrei_raw": "nein",
        "berlin_barrierearm_raw": "nein",
        "berlin_wickeltisch_raw": "nein"
      }
    },
    {
      "type": "Feature",
      "geometry": {
        "type": "Point",
        "coordinates": [
          13.23108,
          52.52528404
        ]
      },
      "properties": {
        "facility_id": "atm-toilet-325",
        "name": "Friedhof Ruhleben (altes Verwaltungsgebäude)",
        "geometry_type": "Point",
        "address": "Friedhof Ruhleben (altes Verwaltungsgebäude)",
        "operator": "Bezirk",
        "access": "public",
        "fee": "no",
        "payment_method": null,
        "opening_hours": "Frühling/Herbst (März/April und September/Oktober): 07:30-20:00 Uhr\nSommer (Mai bis August ) 7:30-21:00 Uhr\nWinter (November bis Februar) 8:00-18:00 Uhr",
        "wheelchair": "no",
        "changing_table": "no",
        "toilet_type": "building",
        "gender_access": "unknown",
        "indoor": "yes",
        "covered": "unknown",
        "drinking_water": "unknown",
        "supervised": "unknown",
        "maintenance_status": "operational",
        "source": "berlin_open_data_wfs",
        "source_id": "6006",
        "source_url": "https://daten.berlin.de/datensaetze/offentliche-toiletten-wfs-ad2c0c24",
        "source_timestamp": "2025-07-17",
        "download_date": "2026-05-31",
        "license": "dl-de-zero-2.0",
        "last_verified": "2026-05-31",
        "berlin_feature_id": "toiletten.6006",
        "berlin_bezirk": "Charlottenburg-Wilmersdorf",
        "berlin_vertrag": "Sonstige öffentliche Toiletten",
        "berlin_modelltyp": "Friedhof",
        "berlin_symbol": "WC",
        "berlin_nutzungsentgelt_raw": 0,
        "berlin_zahlungsart": null,
        "berlin_barrierefrei_raw": "nein",
        "berlin_barrierearm_raw": "nein",
        "berlin_wickeltisch_raw": "nein"
      }
    },
    {
      "type": "Feature",
      "geometry": {
        "type": "Point",
        "coordinates": [
          13.253641,
          52.51229804
        ]
      },
      "properties": {
        "facility_id": "atm-toilet-326",
        "name": "Friedhof Heerstraße (Eingangsbereich Insterburgallee)",
        "geometry_type": "Point",
        "address": "Friedhof Heerstraße (Eingangsbereich Insterburgallee)",
        "operator": "Bezirk",
        "access": "public",
        "fee": "no",
        "payment_method": null,
        "opening_hours": "Frühling/Herbst (März/April und September/Oktober): 07:30-20:00 Uhr\nSommer (Mai bis August ) 7:30-21:00 Uhr\nWinter (November bis Februar) 8:00-18:00 Uhr",
        "wheelchair": "no",
        "changing_table": "no",
        "toilet_type": "building",
        "gender_access": "unknown",
        "indoor": "yes",
        "covered": "unknown",
        "drinking_water": "unknown",
        "supervised": "unknown",
        "maintenance_status": "operational",
        "source": "berlin_open_data_wfs",
        "source_id": "6007",
        "source_url": "https://daten.berlin.de/datensaetze/offentliche-toiletten-wfs-ad2c0c24",
        "source_timestamp": "2025-07-17",
        "download_date": "2026-05-31",
        "license": "dl-de-zero-2.0",
        "last_verified": "2026-05-31",
        "berlin_feature_id": "toiletten.6007",
        "berlin_bezirk": "Charlottenburg-Wilmersdorf",
        "berlin_vertrag": "Sonstige öffentliche Toiletten",
        "berlin_modelltyp": "Friedhof",
        "berlin_symbol": "WC",
        "berlin_nutzungsentgelt_raw": 0,
        "berlin_zahlungsart": null,
        "berlin_barrierefrei_raw": "nein",
        "berlin_barrierearm_raw": "nein",
        "berlin_wickeltisch_raw": "nein"
      }
    },
    {
      "type": "Feature",
      "geometry": {
        "type": "Point",
        "coordinates": [
          13.292135,
          52.47338604
        ]
      },
      "properties": {
        "facility_id": "atm-toilet-327",
        "name": "Friedhof Schmargendorf",
        "geometry_type": "Point",
        "address": "Friedhof Schmargendorf",
        "operator": "Bezirk",
        "access": "public",
        "fee": "no",
        "payment_method": null,
        "opening_hours": "Montag bis Freitag 7:30-15:30",
        "wheelchair": "no",
        "changing_table": "no",
        "toilet_type": "building",
        "gender_access": "unknown",
        "indoor": "yes",
        "covered": "unknown",
        "drinking_water": "unknown",
        "supervised": "unknown",
        "maintenance_status": "operational",
        "source": "berlin_open_data_wfs",
        "source_id": "6009",
        "source_url": "https://daten.berlin.de/datensaetze/offentliche-toiletten-wfs-ad2c0c24",
        "source_timestamp": "2025-07-17",
        "download_date": "2026-05-31",
        "license": "dl-de-zero-2.0",
        "last_verified": "2026-05-31",
        "berlin_feature_id": "toiletten.6009",
        "berlin_bezirk": "Charlottenburg-Wilmersdorf",
        "berlin_vertrag": "Sonstige öffentliche Toiletten",
        "berlin_modelltyp": "Friedhof",
        "berlin_symbol": "WC",
        "berlin_nutzungsentgelt_raw": 0,
        "berlin_zahlungsart": null,
        "berlin_barrierefrei_raw": "nein",
        "berlin_barrierearm_raw": "nein",
        "berlin_wickeltisch_raw": "nein"
      }
    },
    {
      "type": "Feature",
      "geometry": {
        "type": "Point",
        "coordinates": [
          13.310068,
          52.48721204
        ]
      },
      "properties": {
        "facility_id": "atm-toilet-328",
        "name": "Friedhof Wilmersdorf",
        "geometry_type": "Point",
        "address": "Friedhof Wilmersdorf",
        "operator": "Bezirk",
        "access": "public",
        "fee": "no",
        "payment_method": null,
        "opening_hours": "Frühling/Herbst (März/April und September/Oktober): 07:30-20:00 Uhr\nSommer (Mai bis August ) 7:30-21:00 Uhr\nWinter (November bis Februar) 8:00-18:00 Uhr",
        "wheelchair": "yes",
        "changing_table": "no",
        "toilet_type": "building",
        "gender_access": "unknown",
        "indoor": "yes",
        "covered": "unknown",
        "drinking_water": "unknown",
        "supervised": "unknown",
        "maintenance_status": "operational",
        "source": "berlin_open_data_wfs",
        "source_id": "6010",
        "source_url": "https://daten.berlin.de/datensaetze/offentliche-toiletten-wfs-ad2c0c24",
        "source_timestamp": "2025-07-17",
        "download_date": "2026-05-31",
        "license": "dl-de-zero-2.0",
        "last_verified": "2026-05-31",
        "berlin_feature_id": "toiletten.6010",
        "berlin_bezirk": "Charlottenburg-Wilmersdorf",
        "berlin_vertrag": "Sonstige öffentliche Toiletten",
        "berlin_modelltyp": "Friedhof",
        "berlin_symbol": "WC",
        "berlin_nutzungsentgelt_raw": 0,
        "berlin_zahlungsart": null,
        "berlin_barrierefrei_raw": "ja",
        "berlin_barrierearm_raw": "ja",
        "berlin_wickeltisch_raw": "nein"
      }
    },
    {
      "type": "Feature",
      "geometry": {
        "type": "Point",
        "coordinates": [
          13.468614,
          52.50289104
        ]
      },
      "properties": {
        "facility_id": "atm-toilet-329",
        "name": "Bahnhof Ostkreuz",
        "geometry_type": "Point",
        "address": "Bahnhof Ostkreuz",
        "operator": "SANIFAIR",
        "access": "public",
        "fee": "yes",
        "payment_method": "Bargeld/Karte",
        "opening_hours": null,
        "wheelchair": "yes",
        "changing_table": "no",
        "toilet_type": "building",
        "gender_access": "unknown",
        "indoor": "yes",
        "covered": "unknown",
        "drinking_water": "unknown",
        "supervised": "unknown",
        "maintenance_status": "operational",
        "source": "berlin_open_data_wfs",
        "source_id": "6011",
        "source_url": "https://daten.berlin.de/datensaetze/offentliche-toiletten-wfs-ad2c0c24",
        "source_timestamp": "2025-07-17",
        "download_date": "2026-05-31",
        "license": "dl-de-zero-2.0",
        "last_verified": "2026-05-31",
        "berlin_feature_id": "toiletten.6011",
        "berlin_bezirk": "Friedrichshain-Kreuzberg",
        "berlin_vertrag": "Privat betriebene öffentliche Toiletten",
        "berlin_modelltyp": "WC im Gebäude",
        "berlin_symbol": "WC",
        "berlin_nutzungsentgelt_raw": 1,
        "berlin_zahlungsart": "Bargeld/Karte",
        "berlin_barrierefrei_raw": "ja",
        "berlin_barrierearm_raw": "ja",
        "berlin_wickeltisch_raw": "nein"
      }
    },
    {
      "type": "Feature",
      "geometry": {
        "type": "Point",
        "coordinates": [
          13.434911,
          52.51038204
        ]
      },
      "properties": {
        "facility_id": "atm-toilet-330",
        "name": "Bahnhof Ostbahnhof",
        "geometry_type": "Point",
        "address": "Bahnhof Ostbahnhof",
        "operator": "rail & fresh",
        "access": "public",
        "fee": "yes",
        "payment_method": null,
        "opening_hours": null,
        "wheelchair": "yes",
        "changing_table": "no",
        "toilet_type": "building",
        "gender_access": "unknown",
        "indoor": "yes",
        "covered": "unknown",
        "drinking_water": "unknown",
        "supervised": "unknown",
        "maintenance_status": "operational",
        "source": "berlin_open_data_wfs",
        "source_id": "6012",
        "source_url": "https://daten.berlin.de/datensaetze/offentliche-toiletten-wfs-ad2c0c24",
        "source_timestamp": "2025-07-17",
        "download_date": "2026-05-31",
        "license": "dl-de-zero-2.0",
        "last_verified": "2026-05-31",
        "berlin_feature_id": "toiletten.6012",
        "berlin_bezirk": "Friedrichshain-Kreuzberg",
        "berlin_vertrag": "Privat betriebene öffentliche Toiletten",
        "berlin_modelltyp": "WC im Gebäude",
        "berlin_symbol": "WC",
        "berlin_nutzungsentgelt_raw": 1,
        "berlin_zahlungsart": null,
        "berlin_barrierefrei_raw": "ja",
        "berlin_barrierearm_raw": "ja",
        "berlin_wickeltisch_raw": "nein"
      }
    },
    {
      "type": "Feature",
      "geometry": {
        "type": "Point",
        "coordinates": [
          13.371309,
          52.49865304
        ]
      },
      "properties": {
        "facility_id": "atm-toilet-331",
        "name": "Park am Gleisdreieck, Westpark",
        "geometry_type": "Point",
        "address": "Park am Gleisdreieck, Westpark",
        "operator": "Grün Berlin GmbH",
        "access": "public",
        "fee": "no",
        "payment_method": null,
        "opening_hours": null,
        "wheelchair": "yes",
        "changing_table": "no",
        "toilet_type": "standalone",
        "gender_access": "unknown",
        "indoor": "unknown",
        "covered": "unknown",
        "drinking_water": "unknown",
        "supervised": "unknown",
        "maintenance_status": "operational",
        "source": "berlin_open_data_wfs",
        "source_id": "6013",
        "source_url": "https://daten.berlin.de/datensaetze/offentliche-toiletten-wfs-ad2c0c24",
        "source_timestamp": "2025-07-17",
        "download_date": "2026-05-31",
        "license": "dl-de-zero-2.0",
        "last_verified": "2026-05-31",
        "berlin_feature_id": "toiletten.6013",
        "berlin_bezirk": "Friedrichshain-Kreuzberg",
        "berlin_vertrag": "Sonstige öffentliche Toiletten",
        "berlin_modelltyp": "Park oder autarke",
        "berlin_symbol": "WC",
        "berlin_nutzungsentgelt_raw": 0,
        "berlin_zahlungsart": null,
        "berlin_barrierefrei_raw": "ja",
        "berlin_barrierearm_raw": "ja",
        "berlin_wickeltisch_raw": "nein"
      }
    },
    {
      "type": "Feature",
      "geometry": {
        "type": "Point",
        "coordinates": [
          13.376266,
          52.49499204
        ]
      },
      "properties": {
        "facility_id": "atm-toilet-332",
        "name": "Park am Gleisdreieck, Ostpark",
        "geometry_type": "Point",
        "address": "Park am Gleisdreieck, Ostpark",
        "operator": "Grün Berlin GmbH",
        "access": "public",
        "fee": "no",
        "payment_method": null,
        "opening_hours": null,
        "wheelchair": "yes",
        "changing_table": "no",
        "toilet_type": "standalone",
        "gender_access": "unknown",
        "indoor": "unknown",
        "covered": "unknown",
        "drinking_water": "unknown",
        "supervised": "unknown",
        "maintenance_status": "operational",
        "source": "berlin_open_data_wfs",
        "source_id": "6014",
        "source_url": "https://daten.berlin.de/datensaetze/offentliche-toiletten-wfs-ad2c0c24",
        "source_timestamp": "2025-07-17",
        "download_date": "2026-05-31",
        "license": "dl-de-zero-2.0",
        "last_verified": "2026-05-31",
        "berlin_feature_id": "toiletten.6014",
        "berlin_bezirk": "Friedrichshain-Kreuzberg",
        "berlin_vertrag": "Sonstige öffentliche Toiletten",
        "berlin_modelltyp": "Park oder autarke",
        "berlin_symbol": "WC",
        "berlin_nutzungsentgelt_raw": 0,
        "berlin_zahlungsart": null,
        "berlin_barrierefrei_raw": "ja",
        "berlin_barrierearm_raw": "ja",
        "berlin_wickeltisch_raw": "nein"
      }
    },
    {
      "type": "Feature",
      "geometry": {
        "type": "Point",
        "coordinates": [
          13.406882,
          52.51986004
        ]
      },
      "properties": {
        "facility_id": "atm-toilet-333",
        "name": "Rotes Rathaus",
        "geometry_type": "Point",
        "address": "Rotes Rathaus",
        "operator": "Ströer GmbH",
        "access": "public",
        "fee": "no",
        "payment_method": null,
        "opening_hours": "24h",
        "wheelchair": "no",
        "changing_table": "no",
        "toilet_type": "unknown",
        "gender_access": "unknown",
        "indoor": "unknown",
        "covered": "unknown",
        "drinking_water": "unknown",
        "supervised": "unknown",
        "maintenance_status": "operational",
        "source": "berlin_open_data_wfs",
        "source_id": "6015",
        "source_url": "https://daten.berlin.de/datensaetze/offentliche-toiletten-wfs-ad2c0c24",
        "source_timestamp": "2025-07-17",
        "download_date": "2026-05-31",
        "license": "dl-de-zero-2.0",
        "last_verified": "2026-05-31",
        "berlin_feature_id": "toiletten.6015",
        "berlin_bezirk": "Mitte",
        "berlin_vertrag": "Sonstige öffentliche Toiletten",
        "berlin_modelltyp": "automatisches WC",
        "berlin_symbol": "WC",
        "berlin_nutzungsentgelt_raw": 0,
        "berlin_zahlungsart": null,
        "berlin_barrierefrei_raw": "nein",
        "berlin_barrierearm_raw": "nein",
        "berlin_wickeltisch_raw": "nein"
      }
    },
    {
      "type": "Feature",
      "geometry": {
        "type": "Point",
        "coordinates": [
          13.497073,
          52.50942304
        ]
      },
      "properties": {
        "facility_id": "atm-toilet-334",
        "name": "Bahnhof Lichtenberg",
        "geometry_type": "Point",
        "address": "Bahnhof Lichtenberg",
        "operator": "rail & fresh",
        "access": "public",
        "fee": "yes",
        "payment_method": null,
        "opening_hours": null,
        "wheelchair": "yes",
        "changing_table": "no",
        "toilet_type": "building",
        "gender_access": "unknown",
        "indoor": "yes",
        "covered": "unknown",
        "drinking_water": "unknown",
        "supervised": "unknown",
        "maintenance_status": "operational",
        "source": "berlin_open_data_wfs",
        "source_id": "6017",
        "source_url": "https://daten.berlin.de/datensaetze/offentliche-toiletten-wfs-ad2c0c24",
        "source_timestamp": "2025-07-17",
        "download_date": "2026-05-31",
        "license": "dl-de-zero-2.0",
        "last_verified": "2026-05-31",
        "berlin_feature_id": "toiletten.6017",
        "berlin_bezirk": "Lichtenberg",
        "berlin_vertrag": "Privat betriebene öffentliche Toiletten",
        "berlin_modelltyp": "WC im Gebäude",
        "berlin_symbol": "WC",
        "berlin_nutzungsentgelt_raw": 1,
        "berlin_zahlungsart": null,
        "berlin_barrierefrei_raw": "ja",
        "berlin_barrierearm_raw": "ja",
        "berlin_wickeltisch_raw": "nein"
      }
    },
    {
      "type": "Feature",
      "geometry": {
        "type": "Point",
        "coordinates": [
          13.58944035,
          52.53061796
        ]
      },
      "properties": {
        "facility_id": "atm-toilet-335",
        "name": "Kienbergpark",
        "geometry_type": "Point",
        "address": "Kienbergpark",
        "operator": "Grün Berlin GmbH",
        "access": "public",
        "fee": "no",
        "payment_method": null,
        "opening_hours": null,
        "wheelchair": "yes",
        "changing_table": "no",
        "toilet_type": "standalone",
        "gender_access": "unknown",
        "indoor": "unknown",
        "covered": "unknown",
        "drinking_water": "unknown",
        "supervised": "unknown",
        "maintenance_status": "operational",
        "source": "berlin_open_data_wfs",
        "source_id": "6018",
        "source_url": "https://daten.berlin.de/datensaetze/offentliche-toiletten-wfs-ad2c0c24",
        "source_timestamp": "2025-07-17",
        "download_date": "2026-05-31",
        "license": "dl-de-zero-2.0",
        "last_verified": "2026-05-31",
        "berlin_feature_id": "toiletten.6018",
        "berlin_bezirk": "Marzahn-Hellersdorf",
        "berlin_vertrag": "Sonstige öffentliche Toiletten",
        "berlin_modelltyp": "Park oder autarke",
        "berlin_symbol": "WC",
        "berlin_nutzungsentgelt_raw": 0,
        "berlin_zahlungsart": null,
        "berlin_barrierefrei_raw": "ja",
        "berlin_barrierearm_raw": "ja",
        "berlin_wickeltisch_raw": "nein"
      }
    },
    {
      "type": "Feature",
      "geometry": {
        "type": "Point",
        "coordinates": [
          13.390076,
          52.54917504
        ]
      },
      "properties": {
        "facility_id": "atm-toilet-336",
        "name": "Bahnhof Gesundbrunnen",
        "geometry_type": "Point",
        "address": "Bahnhof Gesundbrunnen",
        "operator": "SANIFAIR",
        "access": "public",
        "fee": "yes",
        "payment_method": null,
        "opening_hours": null,
        "wheelchair": "yes",
        "changing_table": "no",
        "toilet_type": "building",
        "gender_access": "unknown",
        "indoor": "yes",
        "covered": "unknown",
        "drinking_water": "unknown",
        "supervised": "unknown",
        "maintenance_status": "operational",
        "source": "berlin_open_data_wfs",
        "source_id": "6019",
        "source_url": "https://daten.berlin.de/datensaetze/offentliche-toiletten-wfs-ad2c0c24",
        "source_timestamp": "2025-07-17",
        "download_date": "2026-05-31",
        "license": "dl-de-zero-2.0",
        "last_verified": "2026-05-31",
        "berlin_feature_id": "toiletten.6019",
        "berlin_bezirk": "Mitte",
        "berlin_vertrag": "Privat betriebene öffentliche Toiletten",
        "berlin_modelltyp": "WC im Gebäude",
        "berlin_symbol": "WC",
        "berlin_nutzungsentgelt_raw": 1,
        "berlin_zahlungsart": null,
        "berlin_barrierefrei_raw": "ja",
        "berlin_barrierearm_raw": "ja",
        "berlin_wickeltisch_raw": "nein"
      }
    },
    {
      "type": "Feature",
      "geometry": {
        "type": "Point",
        "coordinates": [
          13.389491,
          52.54979904
        ]
      },
      "properties": {
        "facility_id": "atm-toilet-337",
        "name": "Gesundbrunnencenter",
        "geometry_type": "Point",
        "address": "Gesundbrunnencenter",
        "operator": "SANIFAIR",
        "access": "public",
        "fee": "yes",
        "payment_method": null,
        "opening_hours": null,
        "wheelchair": "yes",
        "changing_table": "no",
        "toilet_type": "building",
        "gender_access": "unknown",
        "indoor": "yes",
        "covered": "unknown",
        "drinking_water": "unknown",
        "supervised": "unknown",
        "maintenance_status": "operational",
        "source": "berlin_open_data_wfs",
        "source_id": "6020",
        "source_url": "https://daten.berlin.de/datensaetze/offentliche-toiletten-wfs-ad2c0c24",
        "source_timestamp": "2025-07-17",
        "download_date": "2026-05-31",
        "license": "dl-de-zero-2.0",
        "last_verified": "2026-05-31",
        "berlin_feature_id": "toiletten.6020",
        "berlin_bezirk": "Mitte",
        "berlin_vertrag": "Privat betriebene öffentliche Toiletten",
        "berlin_modelltyp": "WC im Gebäude",
        "berlin_symbol": "WC",
        "berlin_nutzungsentgelt_raw": 1,
        "berlin_zahlungsart": null,
        "berlin_barrierefrei_raw": "ja",
        "berlin_barrierearm_raw": "ja",
        "berlin_wickeltisch_raw": "nein"
      }
    },
    {
      "type": "Feature",
      "geometry": {
        "type": "Point",
        "coordinates": [
          13.37664,
          52.50940304
        ]
      },
      "properties": {
        "facility_id": "atm-toilet-338",
        "name": "Bahnhof Potsdamer Platz",
        "geometry_type": "Point",
        "address": "Bahnhof Potsdamer Platz",
        "operator": "rail & fresh",
        "access": "public",
        "fee": "yes",
        "payment_method": null,
        "opening_hours": null,
        "wheelchair": "yes",
        "changing_table": "no",
        "toilet_type": "building",
        "gender_access": "unknown",
        "indoor": "yes",
        "covered": "unknown",
        "drinking_water": "unknown",
        "supervised": "unknown",
        "maintenance_status": "operational",
        "source": "berlin_open_data_wfs",
        "source_id": "6021",
        "source_url": "https://daten.berlin.de/datensaetze/offentliche-toiletten-wfs-ad2c0c24",
        "source_timestamp": "2025-07-17",
        "download_date": "2026-05-31",
        "license": "dl-de-zero-2.0",
        "last_verified": "2026-05-31",
        "berlin_feature_id": "toiletten.6021",
        "berlin_bezirk": "Mitte",
        "berlin_vertrag": "Privat betriebene öffentliche Toiletten",
        "berlin_modelltyp": "WC im Gebäude",
        "berlin_symbol": "WC",
        "berlin_nutzungsentgelt_raw": 1,
        "berlin_zahlungsart": null,
        "berlin_barrierefrei_raw": "ja",
        "berlin_barrierearm_raw": "ja",
        "berlin_wickeltisch_raw": "nein"
      }
    },
    {
      "type": "Feature",
      "geometry": {
        "type": "Point",
        "coordinates": [
          13.369861,
          52.52463604
        ]
      },
      "properties": {
        "facility_id": "atm-toilet-339",
        "name": "Bahnhof Hauptbahnhof",
        "geometry_type": "Point",
        "address": "Bahnhof Hauptbahnhof",
        "operator": "rail & fresh",
        "access": "public",
        "fee": "yes",
        "payment_method": "Bar/Karte/Paypal",
        "opening_hours": "24h",
        "wheelchair": "yes",
        "changing_table": "no",
        "toilet_type": "building",
        "gender_access": "unknown",
        "indoor": "yes",
        "covered": "unknown",
        "drinking_water": "unknown",
        "supervised": "unknown",
        "maintenance_status": "operational",
        "source": "berlin_open_data_wfs",
        "source_id": "6022",
        "source_url": "https://daten.berlin.de/datensaetze/offentliche-toiletten-wfs-ad2c0c24",
        "source_timestamp": "2025-07-17",
        "download_date": "2026-05-31",
        "license": "dl-de-zero-2.0",
        "last_verified": "2026-05-31",
        "berlin_feature_id": "toiletten.6022",
        "berlin_bezirk": "Mitte",
        "berlin_vertrag": "Privat betriebene öffentliche Toiletten",
        "berlin_modelltyp": "WC im Gebäude",
        "berlin_symbol": "WC",
        "berlin_nutzungsentgelt_raw": 1,
        "berlin_zahlungsart": "Bar/Karte/Paypal",
        "berlin_barrierefrei_raw": "ja",
        "berlin_barrierearm_raw": "ja",
        "berlin_wickeltisch_raw": "nein"
      }
    },
    {
      "type": "Feature",
      "geometry": {
        "type": "Point",
        "coordinates": [
          13.386988,
          52.52017404
        ]
      },
      "properties": {
        "facility_id": "atm-toilet-340",
        "name": "Bahnhof Friedrichstraße",
        "geometry_type": "Point",
        "address": "Bahnhof Friedrichstraße",
        "operator": "SANIFAIR",
        "access": "public",
        "fee": "yes",
        "payment_method": null,
        "opening_hours": null,
        "wheelchair": "no",
        "changing_table": "no",
        "toilet_type": "building",
        "gender_access": "unknown",
        "indoor": "yes",
        "covered": "unknown",
        "drinking_water": "unknown",
        "supervised": "unknown",
        "maintenance_status": "operational",
        "source": "berlin_open_data_wfs",
        "source_id": "6023",
        "source_url": "https://daten.berlin.de/datensaetze/offentliche-toiletten-wfs-ad2c0c24",
        "source_timestamp": "2025-07-17",
        "download_date": "2026-05-31",
        "license": "dl-de-zero-2.0",
        "last_verified": "2026-05-31",
        "berlin_feature_id": "toiletten.6023",
        "berlin_bezirk": "Mitte",
        "berlin_vertrag": "Privat betriebene öffentliche Toiletten",
        "berlin_modelltyp": "WC im Gebäude",
        "berlin_symbol": "WC",
        "berlin_nutzungsentgelt_raw": 1,
        "berlin_zahlungsart": null,
        "berlin_barrierefrei_raw": "nein",
        "berlin_barrierearm_raw": "nein",
        "berlin_wickeltisch_raw": "nein"
      }
    },
    {
      "type": "Feature",
      "geometry": {
        "type": "Point",
        "coordinates": [
          13.411079,
          52.52145704
        ]
      },
      "properties": {
        "facility_id": "atm-toilet-341",
        "name": "Bahnhof Alexanderplatz",
        "geometry_type": "Point",
        "address": "Bahnhof Alexanderplatz",
        "operator": "SANIFAIR",
        "access": "public",
        "fee": "yes",
        "payment_method": null,
        "opening_hours": null,
        "wheelchair": "yes",
        "changing_table": "no",
        "toilet_type": "building",
        "gender_access": "unknown",
        "indoor": "yes",
        "covered": "unknown",
        "drinking_water": "unknown",
        "supervised": "unknown",
        "maintenance_status": "operational",
        "source": "berlin_open_data_wfs",
        "source_id": "6024",
        "source_url": "https://daten.berlin.de/datensaetze/offentliche-toiletten-wfs-ad2c0c24",
        "source_timestamp": "2025-07-17",
        "download_date": "2026-05-31",
        "license": "dl-de-zero-2.0",
        "last_verified": "2026-05-31",
        "berlin_feature_id": "toiletten.6024",
        "berlin_bezirk": "Mitte",
        "berlin_vertrag": "Privat betriebene öffentliche Toiletten",
        "berlin_modelltyp": "WC im Gebäude",
        "berlin_symbol": "WC",
        "berlin_nutzungsentgelt_raw": 1,
        "berlin_zahlungsart": null,
        "berlin_barrierefrei_raw": "ja",
        "berlin_barrierearm_raw": "ja",
        "berlin_wickeltisch_raw": "nein"
      }
    },
    {
      "type": "Feature",
      "geometry": {
        "type": "Point",
        "coordinates": [
          13.41657562,
          52.48257042
        ]
      },
      "properties": {
        "facility_id": "atm-toilet-342",
        "name": "Hasenheide - Hasenschänke",
        "geometry_type": "Point",
        "address": "Hasenheide - Hasenschänke",
        "operator": "Pächter",
        "access": "public",
        "fee": "no",
        "payment_method": null,
        "opening_hours": "Bei Öffnung des Kiosks",
        "wheelchair": "yes",
        "changing_table": "no",
        "toilet_type": "building",
        "gender_access": "unknown",
        "indoor": "yes",
        "covered": "unknown",
        "drinking_water": "unknown",
        "supervised": "unknown",
        "maintenance_status": "operational",
        "source": "berlin_open_data_wfs",
        "source_id": "6025",
        "source_url": "https://daten.berlin.de/datensaetze/offentliche-toiletten-wfs-ad2c0c24",
        "source_timestamp": "2025-07-17",
        "download_date": "2026-05-31",
        "license": "dl-de-zero-2.0",
        "last_verified": "2026-05-31",
        "berlin_feature_id": "toiletten.6025",
        "berlin_bezirk": "Neukölln",
        "berlin_vertrag": "Privat betriebene öffentliche Toiletten",
        "berlin_modelltyp": "WC im Gebäude",
        "berlin_symbol": "WC",
        "berlin_nutzungsentgelt_raw": 0,
        "berlin_zahlungsart": null,
        "berlin_barrierefrei_raw": "ja",
        "berlin_barrierearm_raw": "ja",
        "berlin_wickeltisch_raw": "nein"
      }
    },
    {
      "type": "Feature",
      "geometry": {
        "type": "Point",
        "coordinates": [
          13.4083137,
          52.48666927
        ]
      },
      "properties": {
        "facility_id": "atm-toilet-343",
        "name": "Friedhof Lilienthalstraße - Lilienthalstraße 7",
        "geometry_type": "Point",
        "address": "Friedhof Lilienthalstraße - Lilienthalstraße 7",
        "operator": "Bezirk",
        "access": "public",
        "fee": "no",
        "payment_method": null,
        "opening_hours": "Mit Schlüssel während Trauerfeiern",
        "wheelchair": "no",
        "changing_table": "no",
        "toilet_type": "building",
        "gender_access": "unknown",
        "indoor": "yes",
        "covered": "unknown",
        "drinking_water": "unknown",
        "supervised": "unknown",
        "maintenance_status": "operational",
        "source": "berlin_open_data_wfs",
        "source_id": "6026",
        "source_url": "https://daten.berlin.de/datensaetze/offentliche-toiletten-wfs-ad2c0c24",
        "source_timestamp": "2025-07-17",
        "download_date": "2026-05-31",
        "license": "dl-de-zero-2.0",
        "last_verified": "2026-05-31",
        "berlin_feature_id": "toiletten.6026",
        "berlin_bezirk": "Neukölln",
        "berlin_vertrag": "Sonstige öffentliche Toiletten",
        "berlin_modelltyp": "Friedhof",
        "berlin_symbol": "WC (bei Veranstaltungen)",
        "berlin_nutzungsentgelt_raw": 0,
        "berlin_zahlungsart": null,
        "berlin_barrierefrei_raw": "nein",
        "berlin_barrierearm_raw": "nein",
        "berlin_wickeltisch_raw": "nein"
      }
    },
    {
      "type": "Feature",
      "geometry": {
        "type": "Point",
        "coordinates": [
          13.40845809,
          52.48036279
        ]
      },
      "properties": {
        "facility_id": "atm-toilet-344",
        "name": "Friedhof Columbiadamm - Columbiadamm 122",
        "geometry_type": "Point",
        "address": "Friedhof Columbiadamm - Columbiadamm 122",
        "operator": "Bezirk",
        "access": "public",
        "fee": "no",
        "payment_method": null,
        "opening_hours": "Mit Schlüssel während Trauerfeiern",
        "wheelchair": "yes",
        "changing_table": "no",
        "toilet_type": "building",
        "gender_access": "unknown",
        "indoor": "yes",
        "covered": "unknown",
        "drinking_water": "unknown",
        "supervised": "unknown",
        "maintenance_status": "operational",
        "source": "berlin_open_data_wfs",
        "source_id": "6027",
        "source_url": "https://daten.berlin.de/datensaetze/offentliche-toiletten-wfs-ad2c0c24",
        "source_timestamp": "2025-07-17",
        "download_date": "2026-05-31",
        "license": "dl-de-zero-2.0",
        "last_verified": "2026-05-31",
        "berlin_feature_id": "toiletten.6027",
        "berlin_bezirk": "Neukölln",
        "berlin_vertrag": "Sonstige öffentliche Toiletten",
        "berlin_modelltyp": "Friedhof",
        "berlin_symbol": "WC (bei Veranstaltungen)",
        "berlin_nutzungsentgelt_raw": 0,
        "berlin_zahlungsart": null,
        "berlin_barrierefrei_raw": "ja",
        "berlin_barrierearm_raw": "ja",
        "berlin_wickeltisch_raw": "nein"
      }
    },
    {
      "type": "Feature",
      "geometry": {
        "type": "Point",
        "coordinates": [
          13.42644698,
          52.42813448
        ]
      },
      "properties": {
        "facility_id": "atm-toilet-345",
        "name": "Friedhof Urnenhain - Leonberger Ring 54",
        "geometry_type": "Point",
        "address": "Friedhof Urnenhain - Leonberger Ring 54",
        "operator": "Bezirk",
        "access": "public",
        "fee": "no",
        "payment_method": null,
        "opening_hours": "Mit Schlüssel während Trauerfeiern",
        "wheelchair": "no",
        "changing_table": "no",
        "toilet_type": "building",
        "gender_access": "unknown",
        "indoor": "yes",
        "covered": "unknown",
        "drinking_water": "unknown",
        "supervised": "unknown",
        "maintenance_status": "operational",
        "source": "berlin_open_data_wfs",
        "source_id": "6028",
        "source_url": "https://daten.berlin.de/datensaetze/offentliche-toiletten-wfs-ad2c0c24",
        "source_timestamp": "2025-07-17",
        "download_date": "2026-05-31",
        "license": "dl-de-zero-2.0",
        "last_verified": "2026-05-31",
        "berlin_feature_id": "toiletten.6028",
        "berlin_bezirk": "Neukölln",
        "berlin_vertrag": "Sonstige öffentliche Toiletten",
        "berlin_modelltyp": "Friedhof",
        "berlin_symbol": "WC (bei Veranstaltungen)",
        "berlin_nutzungsentgelt_raw": 0,
        "berlin_zahlungsart": null,
        "berlin_barrierefrei_raw": "nein",
        "berlin_barrierearm_raw": "nein",
        "berlin_wickeltisch_raw": "nein"
      }
    },
    {
      "type": "Feature",
      "geometry": {
        "type": "Point",
        "coordinates": [
          13.43057499,
          52.42147761
        ]
      },
      "properties": {
        "facility_id": "atm-toilet-346",
        "name": "Friedhof Alt-Buckow - Alt-Buckow 39B",
        "geometry_type": "Point",
        "address": "Friedhof Alt-Buckow - Alt-Buckow 39B",
        "operator": "Bezirk",
        "access": "public",
        "fee": "no",
        "payment_method": null,
        "opening_hours": "Mit Schlüssel während Trauerfeiern",
        "wheelchair": "no",
        "changing_table": "no",
        "toilet_type": "building",
        "gender_access": "unknown",
        "indoor": "yes",
        "covered": "unknown",
        "drinking_water": "unknown",
        "supervised": "unknown",
        "maintenance_status": "operational",
        "source": "berlin_open_data_wfs",
        "source_id": "6029",
        "source_url": "https://daten.berlin.de/datensaetze/offentliche-toiletten-wfs-ad2c0c24",
        "source_timestamp": "2025-07-17",
        "download_date": "2026-05-31",
        "license": "dl-de-zero-2.0",
        "last_verified": "2026-05-31",
        "berlin_feature_id": "toiletten.6029",
        "berlin_bezirk": "Neukölln",
        "berlin_vertrag": "Sonstige öffentliche Toiletten",
        "berlin_modelltyp": "Friedhof",
        "berlin_symbol": "WC (bei Veranstaltungen)",
        "berlin_nutzungsentgelt_raw": 0,
        "berlin_zahlungsart": null,
        "berlin_barrierefrei_raw": "nein",
        "berlin_barrierearm_raw": "nein",
        "berlin_wickeltisch_raw": "nein"
      }
    },
    {
      "type": "Feature",
      "geometry": {
        "type": "Point",
        "coordinates": [
          13.43189422,
          52.44507034
        ]
      },
      "properties": {
        "facility_id": "atm-toilet-347",
        "name": "Friedhof Koppelweg - Koppelweg 10",
        "geometry_type": "Point",
        "address": "Friedhof Koppelweg - Koppelweg 10",
        "operator": "Bezirk",
        "access": "public",
        "fee": "no",
        "payment_method": null,
        "opening_hours": "Mit Schlüssel während Trauerfeiern",
        "wheelchair": "yes",
        "changing_table": "no",
        "toilet_type": "building",
        "gender_access": "unknown",
        "indoor": "yes",
        "covered": "unknown",
        "drinking_water": "unknown",
        "supervised": "unknown",
        "maintenance_status": "operational",
        "source": "berlin_open_data_wfs",
        "source_id": "6030",
        "source_url": "https://daten.berlin.de/datensaetze/offentliche-toiletten-wfs-ad2c0c24",
        "source_timestamp": "2025-07-17",
        "download_date": "2026-05-31",
        "license": "dl-de-zero-2.0",
        "last_verified": "2026-05-31",
        "berlin_feature_id": "toiletten.6030",
        "berlin_bezirk": "Neukölln",
        "berlin_vertrag": "Sonstige öffentliche Toiletten",
        "berlin_modelltyp": "Friedhof",
        "berlin_symbol": "WC (bei Veranstaltungen)",
        "berlin_nutzungsentgelt_raw": 0,
        "berlin_zahlungsart": null,
        "berlin_barrierefrei_raw": "ja",
        "berlin_barrierearm_raw": "ja",
        "berlin_wickeltisch_raw": "nein"
      }
    },
    {
      "type": "Feature",
      "geometry": {
        "type": "Point",
        "coordinates": [
          13.43254835,
          52.43115227
        ]
      },
      "properties": {
        "facility_id": "atm-toilet-348",
        "name": "Parkfriedhof Neukölln - Buckower Damm 148",
        "geometry_type": "Point",
        "address": "Parkfriedhof Neukölln - Buckower Damm 148",
        "operator": "Bezirk",
        "access": "public",
        "fee": "no",
        "payment_method": null,
        "opening_hours": "Mit Schlüssel während Trauerfeiern",
        "wheelchair": "yes",
        "changing_table": "no",
        "toilet_type": "building",
        "gender_access": "unknown",
        "indoor": "yes",
        "covered": "unknown",
        "drinking_water": "unknown",
        "supervised": "unknown",
        "maintenance_status": "operational",
        "source": "berlin_open_data_wfs",
        "source_id": "6031",
        "source_url": "https://daten.berlin.de/datensaetze/offentliche-toiletten-wfs-ad2c0c24",
        "source_timestamp": "2025-07-17",
        "download_date": "2026-05-31",
        "license": "dl-de-zero-2.0",
        "last_verified": "2026-05-31",
        "berlin_feature_id": "toiletten.6031",
        "berlin_bezirk": "Neukölln",
        "berlin_vertrag": "Sonstige öffentliche Toiletten",
        "berlin_modelltyp": "Friedhof",
        "berlin_symbol": "WC (bei Veranstaltungen)",
        "berlin_nutzungsentgelt_raw": 0,
        "berlin_zahlungsart": null,
        "berlin_barrierefrei_raw": "ja",
        "berlin_barrierearm_raw": "ja",
        "berlin_wickeltisch_raw": "nein"
      }
    },
    {
      "type": "Feature",
      "geometry": {
        "type": "Point",
        "coordinates": [
          13.4462947,
          52.46039701
        ]
      },
      "properties": {
        "facility_id": "atm-toilet-349",
        "name": "Friedhof Buschkrugallee - Buschkrugallee 38",
        "geometry_type": "Point",
        "address": "Friedhof Buschkrugallee - Buschkrugallee 38",
        "operator": "Bezirk",
        "access": "public",
        "fee": "no",
        "payment_method": null,
        "opening_hours": "Mit Schlüssel während Trauerfeiern",
        "wheelchair": "yes",
        "changing_table": "no",
        "toilet_type": "building",
        "gender_access": "unknown",
        "indoor": "yes",
        "covered": "unknown",
        "drinking_water": "unknown",
        "supervised": "unknown",
        "maintenance_status": "operational",
        "source": "berlin_open_data_wfs",
        "source_id": "6032",
        "source_url": "https://daten.berlin.de/datensaetze/offentliche-toiletten-wfs-ad2c0c24",
        "source_timestamp": "2025-07-17",
        "download_date": "2026-05-31",
        "license": "dl-de-zero-2.0",
        "last_verified": "2026-05-31",
        "berlin_feature_id": "toiletten.6032",
        "berlin_bezirk": "Neukölln",
        "berlin_vertrag": "Sonstige öffentliche Toiletten",
        "berlin_modelltyp": "Friedhof",
        "berlin_symbol": "WC (bei Veranstaltungen)",
        "berlin_nutzungsentgelt_raw": 0,
        "berlin_zahlungsart": null,
        "berlin_barrierefrei_raw": "ja",
        "berlin_barrierearm_raw": "ja",
        "berlin_wickeltisch_raw": "nein"
      }
    },
    {
      "type": "Feature",
      "geometry": {
        "type": "Point",
        "coordinates": [
          13.45117178,
          52.45389883
        ]
      },
      "properties": {
        "facility_id": "atm-toilet-350",
        "name": "Café im Park am Buschkrug",
        "geometry_type": "Point",
        "address": "Café im Park am Buschkrug",
        "operator": "Pächter",
        "access": "public",
        "fee": "no",
        "payment_method": null,
        "opening_hours": "Bei Öffnung des Kiosks",
        "wheelchair": "yes",
        "changing_table": "no",
        "toilet_type": "building",
        "gender_access": "unknown",
        "indoor": "yes",
        "covered": "unknown",
        "drinking_water": "unknown",
        "supervised": "unknown",
        "maintenance_status": "operational",
        "source": "berlin_open_data_wfs",
        "source_id": "6033",
        "source_url": "https://daten.berlin.de/datensaetze/offentliche-toiletten-wfs-ad2c0c24",
        "source_timestamp": "2025-07-17",
        "download_date": "2026-05-31",
        "license": "dl-de-zero-2.0",
        "last_verified": "2026-05-31",
        "berlin_feature_id": "toiletten.6033",
        "berlin_bezirk": "Neukölln",
        "berlin_vertrag": "Privat betriebene öffentliche Toiletten",
        "berlin_modelltyp": "WC im Gebäude",
        "berlin_symbol": "WC",
        "berlin_nutzungsentgelt_raw": 0,
        "berlin_zahlungsart": null,
        "berlin_barrierefrei_raw": "ja",
        "berlin_barrierearm_raw": "ja",
        "berlin_wickeltisch_raw": "nein"
      }
    },
    {
      "type": "Feature",
      "geometry": {
        "type": "Point",
        "coordinates": [
          13.50395749,
          52.42098282
        ]
      },
      "properties": {
        "facility_id": "atm-toilet-351",
        "name": "Friedhof Rudow - Köpenicker Straße 131",
        "geometry_type": "Point",
        "address": "Friedhof Rudow - Köpenicker Straße 131",
        "operator": "Bezirk",
        "access": "public",
        "fee": "no",
        "payment_method": null,
        "opening_hours": "Mit Schlüssel während Trauerfeiern",
        "wheelchair": "no",
        "changing_table": "no",
        "toilet_type": "building",
        "gender_access": "unknown",
        "indoor": "yes",
        "covered": "unknown",
        "drinking_water": "unknown",
        "supervised": "unknown",
        "maintenance_status": "operational",
        "source": "berlin_open_data_wfs",
        "source_id": "6034",
        "source_url": "https://daten.berlin.de/datensaetze/offentliche-toiletten-wfs-ad2c0c24",
        "source_timestamp": "2025-07-17",
        "download_date": "2026-05-31",
        "license": "dl-de-zero-2.0",
        "last_verified": "2026-05-31",
        "berlin_feature_id": "toiletten.6034",
        "berlin_bezirk": "Neukölln",
        "berlin_vertrag": "Sonstige öffentliche Toiletten",
        "berlin_modelltyp": "Friedhof",
        "berlin_symbol": "WC (bei Veranstaltungen)",
        "berlin_nutzungsentgelt_raw": 0,
        "berlin_zahlungsart": null,
        "berlin_barrierefrei_raw": "nein",
        "berlin_barrierearm_raw": "nein",
        "berlin_wickeltisch_raw": "nein"
      }
    },
    {
      "type": "Feature",
      "geometry": {
        "type": "Point",
        "coordinates": [
          13.50626576,
          52.40526454
        ]
      },
      "properties": {
        "facility_id": "atm-toilet-352",
        "name": "Kiosk im Nordpark, Ursulinenstraße",
        "geometry_type": "Point",
        "address": "Kiosk im Nordpark, Ursulinenstraße",
        "operator": "Pächter",
        "access": "public",
        "fee": "no",
        "payment_method": null,
        "opening_hours": "Bei Öffnung des Kiosks",
        "wheelchair": "yes",
        "changing_table": "no",
        "toilet_type": "building",
        "gender_access": "unknown",
        "indoor": "yes",
        "covered": "unknown",
        "drinking_water": "unknown",
        "supervised": "unknown",
        "maintenance_status": "operational",
        "source": "berlin_open_data_wfs",
        "source_id": "6035",
        "source_url": "https://daten.berlin.de/datensaetze/offentliche-toiletten-wfs-ad2c0c24",
        "source_timestamp": "2025-07-17",
        "download_date": "2026-05-31",
        "license": "dl-de-zero-2.0",
        "last_verified": "2026-05-31",
        "berlin_feature_id": "toiletten.6035",
        "berlin_bezirk": "Neukölln",
        "berlin_vertrag": "Privat betriebene öffentliche Toiletten",
        "berlin_modelltyp": "WC im Gebäude",
        "berlin_symbol": "WC",
        "berlin_nutzungsentgelt_raw": 0,
        "berlin_zahlungsart": null,
        "berlin_barrierefrei_raw": "ja",
        "berlin_barrierearm_raw": "ja",
        "berlin_wickeltisch_raw": "nein"
      }
    },
    {
      "type": "Feature",
      "geometry": {
        "type": "Point",
        "coordinates": [
          13.40114104,
          52.54401066
        ]
      },
      "properties": {
        "facility_id": "atm-toilet-353",
        "name": "Mauerpark (Erweiterung)",
        "geometry_type": "Point",
        "address": "Mauerpark (Erweiterung)",
        "operator": "Grün Berlin GmbH",
        "access": "public",
        "fee": "no",
        "payment_method": null,
        "opening_hours": null,
        "wheelchair": "yes",
        "changing_table": "no",
        "toilet_type": "standalone",
        "gender_access": "unknown",
        "indoor": "unknown",
        "covered": "unknown",
        "drinking_water": "unknown",
        "supervised": "unknown",
        "maintenance_status": "operational",
        "source": "berlin_open_data_wfs",
        "source_id": "6036",
        "source_url": "https://daten.berlin.de/datensaetze/offentliche-toiletten-wfs-ad2c0c24",
        "source_timestamp": "2025-07-17",
        "download_date": "2026-05-31",
        "license": "dl-de-zero-2.0",
        "last_verified": "2026-05-31",
        "berlin_feature_id": "toiletten.6036",
        "berlin_bezirk": "Pankow",
        "berlin_vertrag": "Sonstige öffentliche Toiletten",
        "berlin_modelltyp": "Park oder autarke",
        "berlin_symbol": "WC",
        "berlin_nutzungsentgelt_raw": 0,
        "berlin_zahlungsart": null,
        "berlin_barrierefrei_raw": "ja",
        "berlin_barrierearm_raw": "ja",
        "berlin_wickeltisch_raw": "nein"
      }
    },
    {
      "type": "Feature",
      "geometry": {
        "type": "Point",
        "coordinates": [
          13.395447,
          52.60530004
        ]
      },
      "properties": {
        "facility_id": "atm-toilet-354",
        "name": "Botanischer Volkspark Pankow Blankenfelde",
        "geometry_type": "Point",
        "address": "Botanischer Volkspark Pankow Blankenfelde",
        "operator": "Bezirk",
        "access": "public",
        "fee": "no",
        "payment_method": null,
        "opening_hours": null,
        "wheelchair": "no",
        "changing_table": "no",
        "toilet_type": "standalone",
        "gender_access": "unknown",
        "indoor": "unknown",
        "covered": "unknown",
        "drinking_water": "unknown",
        "supervised": "unknown",
        "maintenance_status": "operational",
        "source": "berlin_open_data_wfs",
        "source_id": "6037",
        "source_url": "https://daten.berlin.de/datensaetze/offentliche-toiletten-wfs-ad2c0c24",
        "source_timestamp": "2025-07-17",
        "download_date": "2026-05-31",
        "license": "dl-de-zero-2.0",
        "last_verified": "2026-05-31",
        "berlin_feature_id": "toiletten.6037",
        "berlin_bezirk": "Pankow",
        "berlin_vertrag": "Sonstige öffentliche Toiletten",
        "berlin_modelltyp": "Park oder autarke",
        "berlin_symbol": "WC",
        "berlin_nutzungsentgelt_raw": 0,
        "berlin_zahlungsart": null,
        "berlin_barrierefrei_raw": "nein",
        "berlin_barrierearm_raw": "nein",
        "berlin_wickeltisch_raw": "nein"
      }
    },
    {
      "type": "Feature",
      "geometry": {
        "type": "Point",
        "coordinates": [
          13.394228,
          52.56978704
        ]
      },
      "properties": {
        "facility_id": "atm-toilet-355",
        "name": "Bürgerpark Pankow Café Rosengarten",
        "geometry_type": "Point",
        "address": "Bürgerpark Pankow Café Rosengarten",
        "operator": "Pächter",
        "access": "public",
        "fee": "yes",
        "payment_method": null,
        "opening_hours": null,
        "wheelchair": "yes",
        "changing_table": "no",
        "toilet_type": "building",
        "gender_access": "unknown",
        "indoor": "yes",
        "covered": "unknown",
        "drinking_water": "unknown",
        "supervised": "unknown",
        "maintenance_status": "operational",
        "source": "berlin_open_data_wfs",
        "source_id": "6039",
        "source_url": "https://daten.berlin.de/datensaetze/offentliche-toiletten-wfs-ad2c0c24",
        "source_timestamp": "2025-07-17",
        "download_date": "2026-05-31",
        "license": "dl-de-zero-2.0",
        "last_verified": "2026-05-31",
        "berlin_feature_id": "toiletten.6039",
        "berlin_bezirk": "Pankow",
        "berlin_vertrag": "Privat betriebene öffentliche Toiletten",
        "berlin_modelltyp": "WC im Gebäude",
        "berlin_symbol": "WC",
        "berlin_nutzungsentgelt_raw": 0.5,
        "berlin_zahlungsart": null,
        "berlin_barrierefrei_raw": "ja",
        "berlin_barrierearm_raw": "ja",
        "berlin_wickeltisch_raw": "nein"
      }
    },
    {
      "type": "Feature",
      "geometry": {
        "type": "Point",
        "coordinates": [
          13.402306,
          52.56899904
        ]
      },
      "properties": {
        "facility_id": "atm-toilet-356",
        "name": "Rathaus Pankow",
        "geometry_type": "Point",
        "address": "Rathaus Pankow",
        "operator": "Bezirk",
        "access": "public",
        "fee": "no",
        "payment_method": null,
        "opening_hours": "Mo: 8-16 Uhr\nDi, Do: 9:30-18 Uhr\nMi: 8-14 Uhr\nFr: 8-13 Uhr",
        "wheelchair": "limited",
        "changing_table": "no",
        "toilet_type": "unknown",
        "gender_access": "unknown",
        "indoor": "unknown",
        "covered": "unknown",
        "drinking_water": "unknown",
        "supervised": "unknown",
        "maintenance_status": "operational",
        "source": "berlin_open_data_wfs",
        "source_id": "6040",
        "source_url": "https://daten.berlin.de/datensaetze/offentliche-toiletten-wfs-ad2c0c24",
        "source_timestamp": "2025-07-17",
        "download_date": "2026-05-31",
        "license": "dl-de-zero-2.0",
        "last_verified": "2026-05-31",
        "berlin_feature_id": "toiletten.6040",
        "berlin_bezirk": "Pankow",
        "berlin_vertrag": "Sonstige öffentliche Toiletten",
        "berlin_modelltyp": "öffentliches Gebäude",
        "berlin_symbol": "WC",
        "berlin_nutzungsentgelt_raw": 0,
        "berlin_zahlungsart": null,
        "berlin_barrierefrei_raw": "nein",
        "berlin_barrierearm_raw": "ja",
        "berlin_wickeltisch_raw": "nein"
      }
    },
    {
      "type": "Feature",
      "geometry": {
        "type": "Point",
        "coordinates": [
          13.466789,
          52.55956604
        ]
      },
      "properties": {
        "facility_id": "atm-toilet-357",
        "name": "Rathaus Weißensee",
        "geometry_type": "Point",
        "address": "Rathaus Weißensee",
        "operator": "Bezirk",
        "access": "public",
        "fee": "no",
        "payment_method": null,
        "opening_hours": "Mo: 8-16 Uhr\nDi, Do: 9:30-18 Uhr\nMi: 8-14 Uhr\nFr: 8-13 Uhr",
        "wheelchair": "limited",
        "changing_table": "no",
        "toilet_type": "unknown",
        "gender_access": "unknown",
        "indoor": "unknown",
        "covered": "unknown",
        "drinking_water": "unknown",
        "supervised": "unknown",
        "maintenance_status": "operational",
        "source": "berlin_open_data_wfs",
        "source_id": "6041",
        "source_url": "https://daten.berlin.de/datensaetze/offentliche-toiletten-wfs-ad2c0c24",
        "source_timestamp": "2025-07-17",
        "download_date": "2026-05-31",
        "license": "dl-de-zero-2.0",
        "last_verified": "2026-05-31",
        "berlin_feature_id": "toiletten.6041",
        "berlin_bezirk": "Pankow",
        "berlin_vertrag": "Sonstige öffentliche Toiletten",
        "berlin_modelltyp": "öffentliches Gebäude",
        "berlin_symbol": "WC",
        "berlin_nutzungsentgelt_raw": 0,
        "berlin_zahlungsart": null,
        "berlin_barrierefrei_raw": "nein",
        "berlin_barrierearm_raw": "ja",
        "berlin_wickeltisch_raw": "nein"
      }
    },
    {
      "type": "Feature",
      "geometry": {
        "type": "Point",
        "coordinates": [
          13.334532,
          52.57053704
        ]
      },
      "properties": {
        "facility_id": "atm-toilet-358",
        "name": "Landeseigener Friedhof Reinickendorf Humboldtstraße 74-90, 13403 Berlin",
        "geometry_type": "Point",
        "address": "Landeseigener Friedhof Reinickendorf Humboldtstraße 74-90, 13403 Berlin",
        "operator": "Bezirk",
        "access": "public",
        "fee": "no",
        "payment_method": null,
        "opening_hours": null,
        "wheelchair": "no",
        "changing_table": "no",
        "toilet_type": "building",
        "gender_access": "unknown",
        "indoor": "yes",
        "covered": "unknown",
        "drinking_water": "unknown",
        "supervised": "unknown",
        "maintenance_status": "operational",
        "source": "berlin_open_data_wfs",
        "source_id": "6043",
        "source_url": "https://daten.berlin.de/datensaetze/offentliche-toiletten-wfs-ad2c0c24",
        "source_timestamp": "2025-07-17",
        "download_date": "2026-05-31",
        "license": "dl-de-zero-2.0",
        "last_verified": "2026-05-31",
        "berlin_feature_id": "toiletten.6043",
        "berlin_bezirk": "Reinickendorf",
        "berlin_vertrag": "Sonstige öffentliche Toiletten",
        "berlin_modelltyp": "Friedhof",
        "berlin_symbol": "WC",
        "berlin_nutzungsentgelt_raw": 0,
        "berlin_zahlungsart": null,
        "berlin_barrierefrei_raw": "nein",
        "berlin_barrierearm_raw": "nein",
        "berlin_wickeltisch_raw": "nein"
      }
    },
    {
      "type": "Feature",
      "geometry": {
        "type": "Point",
        "coordinates": [
          13.321791,
          52.58980804
        ]
      },
      "properties": {
        "facility_id": "atm-toilet-359",
        "name": "Landeseigener Friedhof Wittenau Thiloweg 2, 13437 Berlin",
        "geometry_type": "Point",
        "address": "Landeseigener Friedhof Wittenau Thiloweg 2, 13437 Berlin",
        "operator": "Bezirk",
        "access": "public",
        "fee": "no",
        "payment_method": null,
        "opening_hours": null,
        "wheelchair": "yes",
        "changing_table": "no",
        "toilet_type": "building",
        "gender_access": "unknown",
        "indoor": "yes",
        "covered": "unknown",
        "drinking_water": "unknown",
        "supervised": "unknown",
        "maintenance_status": "operational",
        "source": "berlin_open_data_wfs",
        "source_id": "6044",
        "source_url": "https://daten.berlin.de/datensaetze/offentliche-toiletten-wfs-ad2c0c24",
        "source_timestamp": "2025-07-17",
        "download_date": "2026-05-31",
        "license": "dl-de-zero-2.0",
        "last_verified": "2026-05-31",
        "berlin_feature_id": "toiletten.6044",
        "berlin_bezirk": "Reinickendorf",
        "berlin_vertrag": "Sonstige öffentliche Toiletten",
        "berlin_modelltyp": "Friedhof",
        "berlin_symbol": "WC",
        "berlin_nutzungsentgelt_raw": 0,
        "berlin_zahlungsart": null,
        "berlin_barrierefrei_raw": "ja",
        "berlin_barrierearm_raw": "ja",
        "berlin_wickeltisch_raw": "nein"
      }
    },
    {
      "type": "Feature",
      "geometry": {
        "type": "Point",
        "coordinates": [
          13.289014,
          52.59632004
        ]
      },
      "properties": {
        "facility_id": "atm-toilet-360",
        "name": "Landeseigener Friedhof Am Fließtal Waidmannsluster Damm 13, 13509 Berlin",
        "geometry_type": "Point",
        "address": "Landeseigener Friedhof Am Fließtal Waidmannsluster Damm 13, 13509 Berlin",
        "operator": "Bezirk",
        "access": "public",
        "fee": "no",
        "payment_method": null,
        "opening_hours": null,
        "wheelchair": "no",
        "changing_table": "no",
        "toilet_type": "building",
        "gender_access": "unknown",
        "indoor": "yes",
        "covered": "unknown",
        "drinking_water": "unknown",
        "supervised": "unknown",
        "maintenance_status": "operational",
        "source": "berlin_open_data_wfs",
        "source_id": "6045",
        "source_url": "https://daten.berlin.de/datensaetze/offentliche-toiletten-wfs-ad2c0c24",
        "source_timestamp": "2025-07-17",
        "download_date": "2026-05-31",
        "license": "dl-de-zero-2.0",
        "last_verified": "2026-05-31",
        "berlin_feature_id": "toiletten.6045",
        "berlin_bezirk": "Reinickendorf",
        "berlin_vertrag": "Sonstige öffentliche Toiletten",
        "berlin_modelltyp": "Friedhof",
        "berlin_symbol": "WC",
        "berlin_nutzungsentgelt_raw": 0,
        "berlin_zahlungsart": null,
        "berlin_barrierefrei_raw": "nein",
        "berlin_barrierearm_raw": "nein",
        "berlin_wickeltisch_raw": "nein"
      }
    },
    {
      "type": "Feature",
      "geometry": {
        "type": "Point",
        "coordinates": [
          13.28787,
          52.59251104
        ]
      },
      "properties": {
        "facility_id": "atm-toilet-361",
        "name": "Landeseigener Friedhof Tegel Wilhelm-Blume-Allee 3, 13509 Berlin",
        "geometry_type": "Point",
        "address": "Landeseigener Friedhof Tegel Wilhelm-Blume-Allee 3, 13509 Berlin",
        "operator": "Bezirk",
        "access": "public",
        "fee": "no",
        "payment_method": null,
        "opening_hours": null,
        "wheelchair": "no",
        "changing_table": "no",
        "toilet_type": "building",
        "gender_access": "unknown",
        "indoor": "yes",
        "covered": "unknown",
        "drinking_water": "unknown",
        "supervised": "unknown",
        "maintenance_status": "operational",
        "source": "berlin_open_data_wfs",
        "source_id": "6046",
        "source_url": "https://daten.berlin.de/datensaetze/offentliche-toiletten-wfs-ad2c0c24",
        "source_timestamp": "2025-07-17",
        "download_date": "2026-05-31",
        "license": "dl-de-zero-2.0",
        "last_verified": "2026-05-31",
        "berlin_feature_id": "toiletten.6046",
        "berlin_bezirk": "Reinickendorf",
        "berlin_vertrag": "Sonstige öffentliche Toiletten",
        "berlin_modelltyp": "Friedhof",
        "berlin_symbol": "WC",
        "berlin_nutzungsentgelt_raw": 0,
        "berlin_zahlungsart": null,
        "berlin_barrierefrei_raw": "nein",
        "berlin_barrierearm_raw": "nein",
        "berlin_wickeltisch_raw": "nein"
      }
    },
    {
      "type": "Feature",
      "geometry": {
        "type": "Point",
        "coordinates": [
          13.215635,
          52.59846104
        ]
      },
      "properties": {
        "facility_id": "atm-toilet-362",
        "name": "Landeseigener Friedhof Heiligensee Sandhauser Straße 110, 13505 Berlin",
        "geometry_type": "Point",
        "address": "Landeseigener Friedhof Heiligensee Sandhauser Straße 110, 13505 Berlin",
        "operator": "Bezirk",
        "access": "public",
        "fee": "no",
        "payment_method": null,
        "opening_hours": null,
        "wheelchair": "no",
        "changing_table": "no",
        "toilet_type": "building",
        "gender_access": "unknown",
        "indoor": "yes",
        "covered": "unknown",
        "drinking_water": "unknown",
        "supervised": "unknown",
        "maintenance_status": "operational",
        "source": "berlin_open_data_wfs",
        "source_id": "6047",
        "source_url": "https://daten.berlin.de/datensaetze/offentliche-toiletten-wfs-ad2c0c24",
        "source_timestamp": "2025-07-17",
        "download_date": "2026-05-31",
        "license": "dl-de-zero-2.0",
        "last_verified": "2026-05-31",
        "berlin_feature_id": "toiletten.6047",
        "berlin_bezirk": "Reinickendorf",
        "berlin_vertrag": "Sonstige öffentliche Toiletten",
        "berlin_modelltyp": "Friedhof",
        "berlin_symbol": "WC",
        "berlin_nutzungsentgelt_raw": 0,
        "berlin_zahlungsart": null,
        "berlin_barrierefrei_raw": "nein",
        "berlin_barrierearm_raw": "nein",
        "berlin_wickeltisch_raw": "nein"
      }
    },
    {
      "type": "Feature",
      "geometry": {
        "type": "Point",
        "coordinates": [
          13.282445,
          52.62857404
        ]
      },
      "properties": {
        "facility_id": "atm-toilet-363",
        "name": "Landeseigener Friedhof Hermsdorf Frohnauer Straße 112-122, 13465 Berlin",
        "geometry_type": "Point",
        "address": "Landeseigener Friedhof Hermsdorf Frohnauer Straße 112-122, 13465 Berlin",
        "operator": "Bezirk",
        "access": "public",
        "fee": "no",
        "payment_method": null,
        "opening_hours": null,
        "wheelchair": "yes",
        "changing_table": "no",
        "toilet_type": "building",
        "gender_access": "unknown",
        "indoor": "yes",
        "covered": "unknown",
        "drinking_water": "unknown",
        "supervised": "unknown",
        "maintenance_status": "operational",
        "source": "berlin_open_data_wfs",
        "source_id": "6048",
        "source_url": "https://daten.berlin.de/datensaetze/offentliche-toiletten-wfs-ad2c0c24",
        "source_timestamp": "2025-07-17",
        "download_date": "2026-05-31",
        "license": "dl-de-zero-2.0",
        "last_verified": "2026-05-31",
        "berlin_feature_id": "toiletten.6048",
        "berlin_bezirk": "Reinickendorf",
        "berlin_vertrag": "Sonstige öffentliche Toiletten",
        "berlin_modelltyp": "Friedhof",
        "berlin_symbol": "WC",
        "berlin_nutzungsentgelt_raw": 0,
        "berlin_zahlungsart": null,
        "berlin_barrierefrei_raw": "ja",
        "berlin_barrierearm_raw": "ja",
        "berlin_wickeltisch_raw": "nein"
      }
    },
    {
      "type": "Feature",
      "geometry": {
        "type": "Point",
        "coordinates": [
          13.265136,
          52.63868904
        ]
      },
      "properties": {
        "facility_id": "atm-toilet-364",
        "name": "Landeseigener Friedhof Frohnau Hainbuchenstraße 64-76, 13465 Berlin",
        "geometry_type": "Point",
        "address": "Landeseigener Friedhof Frohnau Hainbuchenstraße 64-76, 13465 Berlin",
        "operator": "Bezirk",
        "access": "public",
        "fee": "no",
        "payment_method": null,
        "opening_hours": null,
        "wheelchair": "yes",
        "changing_table": "no",
        "toilet_type": "building",
        "gender_access": "unknown",
        "indoor": "yes",
        "covered": "unknown",
        "drinking_water": "unknown",
        "supervised": "unknown",
        "maintenance_status": "operational",
        "source": "berlin_open_data_wfs",
        "source_id": "6049",
        "source_url": "https://daten.berlin.de/datensaetze/offentliche-toiletten-wfs-ad2c0c24",
        "source_timestamp": "2025-07-17",
        "download_date": "2026-05-31",
        "license": "dl-de-zero-2.0",
        "last_verified": "2026-05-31",
        "berlin_feature_id": "toiletten.6049",
        "berlin_bezirk": "Reinickendorf",
        "berlin_vertrag": "Sonstige öffentliche Toiletten",
        "berlin_modelltyp": "Friedhof",
        "berlin_symbol": "WC",
        "berlin_nutzungsentgelt_raw": 0,
        "berlin_zahlungsart": null,
        "berlin_barrierefrei_raw": "ja",
        "berlin_barrierearm_raw": "ja",
        "berlin_wickeltisch_raw": "nein"
      }
    },
    {
      "type": "Feature",
      "geometry": {
        "type": "Point",
        "coordinates": [
          13.331707,
          52.61010004
        ]
      },
      "properties": {
        "facility_id": "atm-toilet-365",
        "name": "Landeseigener Friedhof Lübars Zabel-Krüger-Damm 176-186, 13469 Berlin",
        "geometry_type": "Point",
        "address": "Landeseigener Friedhof Lübars Zabel-Krüger-Damm 176-186, 13469 Berlin",
        "operator": "Bezirk",
        "access": "public",
        "fee": "no",
        "payment_method": null,
        "opening_hours": null,
        "wheelchair": "yes",
        "changing_table": "no",
        "toilet_type": "building",
        "gender_access": "unknown",
        "indoor": "yes",
        "covered": "unknown",
        "drinking_water": "unknown",
        "supervised": "unknown",
        "maintenance_status": "operational",
        "source": "berlin_open_data_wfs",
        "source_id": "6050",
        "source_url": "https://daten.berlin.de/datensaetze/offentliche-toiletten-wfs-ad2c0c24",
        "source_timestamp": "2025-07-17",
        "download_date": "2026-05-31",
        "license": "dl-de-zero-2.0",
        "last_verified": "2026-05-31",
        "berlin_feature_id": "toiletten.6050",
        "berlin_bezirk": "Reinickendorf",
        "berlin_vertrag": "Sonstige öffentliche Toiletten",
        "berlin_modelltyp": "Friedhof",
        "berlin_symbol": "WC",
        "berlin_nutzungsentgelt_raw": 0,
        "berlin_zahlungsart": null,
        "berlin_barrierefrei_raw": "ja",
        "berlin_barrierearm_raw": "ja",
        "berlin_wickeltisch_raw": "nein"
      }
    },
    {
      "type": "Feature",
      "geometry": {
        "type": "Point",
        "coordinates": [
          13.303381,
          52.61140104
        ]
      },
      "properties": {
        "facility_id": "atm-toilet-366",
        "name": "Landeseigener Friedhof Hermsdorf II Schulzendorfer Straße 53c, 13467 Berlin",
        "geometry_type": "Point",
        "address": "Landeseigener Friedhof Hermsdorf II Schulzendorfer Straße 53c, 13467 Berlin",
        "operator": "Bezirk",
        "access": "public",
        "fee": "no",
        "payment_method": null,
        "opening_hours": null,
        "wheelchair": "yes",
        "changing_table": "no",
        "toilet_type": "building",
        "gender_access": "unknown",
        "indoor": "yes",
        "covered": "unknown",
        "drinking_water": "unknown",
        "supervised": "unknown",
        "maintenance_status": "operational",
        "source": "berlin_open_data_wfs",
        "source_id": "6051",
        "source_url": "https://daten.berlin.de/datensaetze/offentliche-toiletten-wfs-ad2c0c24",
        "source_timestamp": "2025-07-17",
        "download_date": "2026-05-31",
        "license": "dl-de-zero-2.0",
        "last_verified": "2026-05-31",
        "berlin_feature_id": "toiletten.6051",
        "berlin_bezirk": "Reinickendorf",
        "berlin_vertrag": "Sonstige öffentliche Toiletten",
        "berlin_modelltyp": "Friedhof",
        "berlin_symbol": "WC",
        "berlin_nutzungsentgelt_raw": 0,
        "berlin_zahlungsart": null,
        "berlin_barrierefrei_raw": "ja",
        "berlin_barrierearm_raw": "ja",
        "berlin_wickeltisch_raw": "nein"
      }
    },
    {
      "type": "Feature",
      "geometry": {
        "type": "Point",
        "coordinates": [
          13.3607668,
          52.42923033
        ]
      },
      "properties": {
        "facility_id": "atm-toilet-367",
        "name": "Landhausgarten Fraenkel",
        "geometry_type": "Point",
        "address": "Landhausgarten Fraenkel",
        "operator": "Bezirk",
        "access": "public",
        "fee": "no",
        "payment_method": null,
        "opening_hours": "während der Öffnungszeiten der Gartenanlage (Mo-Do 7:30 -14 Uhr, Mai-September zusätzlich Fr-So 10-18 Uhr)",
        "wheelchair": "limited",
        "changing_table": "no",
        "toilet_type": "standalone",
        "gender_access": "unknown",
        "indoor": "unknown",
        "covered": "unknown",
        "drinking_water": "unknown",
        "supervised": "unknown",
        "maintenance_status": "operational",
        "source": "berlin_open_data_wfs",
        "source_id": "6052",
        "source_url": "https://daten.berlin.de/datensaetze/offentliche-toiletten-wfs-ad2c0c24",
        "source_timestamp": "2025-07-17",
        "download_date": "2026-05-31",
        "license": "dl-de-zero-2.0",
        "last_verified": "2026-05-31",
        "berlin_feature_id": "toiletten.6052",
        "berlin_bezirk": "Spandau",
        "berlin_vertrag": "Sonstige öffentliche Toiletten",
        "berlin_modelltyp": "Park oder autarke",
        "berlin_symbol": "WC",
        "berlin_nutzungsentgelt_raw": 0,
        "berlin_zahlungsart": null,
        "berlin_barrierefrei_raw": "nein",
        "berlin_barrierearm_raw": "ja",
        "berlin_wickeltisch_raw": "nein"
      }
    },
    {
      "type": "Feature",
      "geometry": {
        "type": "Point",
        "coordinates": [
          13.1547685,
          52.49708888
        ]
      },
      "properties": {
        "facility_id": "atm-toilet-368",
        "name": "Landschaftsfriedhof Gatow",
        "geometry_type": "Point",
        "address": "Landschaftsfriedhof Gatow",
        "operator": "Bezirk",
        "access": "public",
        "fee": "no",
        "payment_method": null,
        "opening_hours": "während der Öffnungszeiten des Friedhofs (Oktober-März 7.30-18.00 Uhr; April bis September 7.30-20.00 Uhr)",
        "wheelchair": "no",
        "changing_table": "no",
        "toilet_type": "building",
        "gender_access": "unknown",
        "indoor": "yes",
        "covered": "unknown",
        "drinking_water": "unknown",
        "supervised": "unknown",
        "maintenance_status": "operational",
        "source": "berlin_open_data_wfs",
        "source_id": "6053",
        "source_url": "https://daten.berlin.de/datensaetze/offentliche-toiletten-wfs-ad2c0c24",
        "source_timestamp": "2025-07-17",
        "download_date": "2026-05-31",
        "license": "dl-de-zero-2.0",
        "last_verified": "2026-05-31",
        "berlin_feature_id": "toiletten.6053",
        "berlin_bezirk": "Spandau",
        "berlin_vertrag": "Sonstige öffentliche Toiletten",
        "berlin_modelltyp": "Friedhof",
        "berlin_symbol": "WC",
        "berlin_nutzungsentgelt_raw": 0,
        "berlin_zahlungsart": null,
        "berlin_barrierefrei_raw": "nein",
        "berlin_barrierearm_raw": "nein",
        "berlin_wickeltisch_raw": "nein"
      }
    },
    {
      "type": "Feature",
      "geometry": {
        "type": "Point",
        "coordinates": [
          13.17453976,
          52.55919112
        ]
      },
      "properties": {
        "facility_id": "atm-toilet-369",
        "name": "Friedhof in den Kisseln",
        "geometry_type": "Point",
        "address": "Friedhof in den Kisseln",
        "operator": "Bezirk",
        "access": "public",
        "fee": "no",
        "payment_method": null,
        "opening_hours": "während der Öffnungszeiten des Friedhofs (Oktober-März 7.30-18.00 Uhr; April bis September 7.30-20.00 Uhr)",
        "wheelchair": "no",
        "changing_table": "no",
        "toilet_type": "building",
        "gender_access": "unknown",
        "indoor": "yes",
        "covered": "unknown",
        "drinking_water": "unknown",
        "supervised": "unknown",
        "maintenance_status": "operational",
        "source": "berlin_open_data_wfs",
        "source_id": "6054",
        "source_url": "https://daten.berlin.de/datensaetze/offentliche-toiletten-wfs-ad2c0c24",
        "source_timestamp": "2025-07-17",
        "download_date": "2026-05-31",
        "license": "dl-de-zero-2.0",
        "last_verified": "2026-05-31",
        "berlin_feature_id": "toiletten.6054",
        "berlin_bezirk": "Spandau",
        "berlin_vertrag": "Sonstige öffentliche Toiletten",
        "berlin_modelltyp": "Friedhof",
        "berlin_symbol": "WC",
        "berlin_nutzungsentgelt_raw": 0,
        "berlin_zahlungsart": null,
        "berlin_barrierefrei_raw": "nein",
        "berlin_barrierearm_raw": "nein",
        "berlin_wickeltisch_raw": "nein"
      }
    },
    {
      "type": "Feature",
      "geometry": {
        "type": "Point",
        "coordinates": [
          13.13270991,
          52.52527704
        ]
      },
      "properties": {
        "facility_id": "atm-toilet-370",
        "name": "Friedhof Staaken",
        "geometry_type": "Point",
        "address": "Friedhof Staaken",
        "operator": "Bezirk",
        "access": "public",
        "fee": "no",
        "payment_method": null,
        "opening_hours": "während der Öffnungszeiten des Friedhofs (Oktober-März 7.30-18.00 Uhr; April bis September 7.30-20.00 Uhr)",
        "wheelchair": "limited",
        "changing_table": "no",
        "toilet_type": "building",
        "gender_access": "unknown",
        "indoor": "yes",
        "covered": "unknown",
        "drinking_water": "unknown",
        "supervised": "unknown",
        "maintenance_status": "operational",
        "source": "berlin_open_data_wfs",
        "source_id": "6055",
        "source_url": "https://daten.berlin.de/datensaetze/offentliche-toiletten-wfs-ad2c0c24",
        "source_timestamp": "2025-07-17",
        "download_date": "2026-05-31",
        "license": "dl-de-zero-2.0",
        "last_verified": "2026-05-31",
        "berlin_feature_id": "toiletten.6055",
        "berlin_bezirk": "Spandau",
        "berlin_vertrag": "Sonstige öffentliche Toiletten",
        "berlin_modelltyp": "Friedhof",
        "berlin_symbol": "WC",
        "berlin_nutzungsentgelt_raw": 0,
        "berlin_zahlungsart": null,
        "berlin_barrierefrei_raw": "nein",
        "berlin_barrierearm_raw": "ja",
        "berlin_wickeltisch_raw": "nein"
      }
    },
    {
      "type": "Feature",
      "geometry": {
        "type": "Point",
        "coordinates": [
          13.197412,
          52.53468104
        ]
      },
      "properties": {
        "facility_id": "atm-toilet-371",
        "name": "Bahnhof Spandau",
        "geometry_type": "Point",
        "address": "Bahnhof Spandau",
        "operator": "rail & fresh",
        "access": "public",
        "fee": "yes",
        "payment_method": null,
        "opening_hours": "6-22 Uhr",
        "wheelchair": "yes",
        "changing_table": "no",
        "toilet_type": "building",
        "gender_access": "unknown",
        "indoor": "yes",
        "covered": "unknown",
        "drinking_water": "unknown",
        "supervised": "unknown",
        "maintenance_status": "operational",
        "source": "berlin_open_data_wfs",
        "source_id": "6056",
        "source_url": "https://daten.berlin.de/datensaetze/offentliche-toiletten-wfs-ad2c0c24",
        "source_timestamp": "2025-07-17",
        "download_date": "2026-05-31",
        "license": "dl-de-zero-2.0",
        "last_verified": "2026-05-31",
        "berlin_feature_id": "toiletten.6056",
        "berlin_bezirk": "Spandau",
        "berlin_vertrag": "Privat betriebene öffentliche Toiletten",
        "berlin_modelltyp": "WC im Gebäude",
        "berlin_symbol": "WC",
        "berlin_nutzungsentgelt_raw": 1,
        "berlin_zahlungsart": null,
        "berlin_barrierefrei_raw": "ja",
        "berlin_barrierearm_raw": "ja",
        "berlin_wickeltisch_raw": "nein"
      }
    },
    {
      "type": "Feature",
      "geometry": {
        "type": "Point",
        "coordinates": [
          13.163271,
          52.54594304
        ]
      },
      "properties": {
        "facility_id": "atm-toilet-372",
        "name": "Spektepark",
        "geometry_type": "Point",
        "address": "Spektepark",
        "operator": "Pächter",
        "access": "public",
        "fee": "no",
        "payment_method": null,
        "opening_hours": "während der Öffnungszeiten des Kiosks (April-Oktober)",
        "wheelchair": "limited",
        "changing_table": "no",
        "toilet_type": "building",
        "gender_access": "unknown",
        "indoor": "yes",
        "covered": "unknown",
        "drinking_water": "unknown",
        "supervised": "unknown",
        "maintenance_status": "operational",
        "source": "berlin_open_data_wfs",
        "source_id": "6057",
        "source_url": "https://daten.berlin.de/datensaetze/offentliche-toiletten-wfs-ad2c0c24",
        "source_timestamp": "2025-07-17",
        "download_date": "2026-05-31",
        "license": "dl-de-zero-2.0",
        "last_verified": "2026-05-31",
        "berlin_feature_id": "toiletten.6057",
        "berlin_bezirk": "Spandau",
        "berlin_vertrag": "Privat betriebene öffentliche Toiletten",
        "berlin_modelltyp": "WC im Gebäude",
        "berlin_symbol": "WC",
        "berlin_nutzungsentgelt_raw": 0,
        "berlin_zahlungsart": null,
        "berlin_barrierefrei_raw": "nein",
        "berlin_barrierearm_raw": "ja",
        "berlin_wickeltisch_raw": "nein"
      }
    },
    {
      "type": "Feature",
      "geometry": {
        "type": "Point",
        "coordinates": [
          13.14164789,
          52.41363297
        ]
      },
      "properties": {
        "facility_id": "atm-toilet-373",
        "name": "Friedhof Wannsee, Friedenstr. 8-10, 14109 Berlin",
        "geometry_type": "Point",
        "address": "Friedhof Wannsee, Friedenstr. 8-10, 14109 Berlin",
        "operator": "Bezirk",
        "access": "public",
        "fee": "no",
        "payment_method": null,
        "opening_hours": null,
        "wheelchair": "no",
        "changing_table": "no",
        "toilet_type": "building",
        "gender_access": "unknown",
        "indoor": "yes",
        "covered": "unknown",
        "drinking_water": "unknown",
        "supervised": "unknown",
        "maintenance_status": "operational",
        "source": "berlin_open_data_wfs",
        "source_id": "6058",
        "source_url": "https://daten.berlin.de/datensaetze/offentliche-toiletten-wfs-ad2c0c24",
        "source_timestamp": "2025-07-17",
        "download_date": "2026-05-31",
        "license": "dl-de-zero-2.0",
        "last_verified": "2026-05-31",
        "berlin_feature_id": "toiletten.6058",
        "berlin_bezirk": "Steglitz-Zehlendorf",
        "berlin_vertrag": "Sonstige öffentliche Toiletten",
        "berlin_modelltyp": "Friedhof",
        "berlin_symbol": "WC",
        "berlin_nutzungsentgelt_raw": 0,
        "berlin_zahlungsart": null,
        "berlin_barrierefrei_raw": "nein",
        "berlin_barrierearm_raw": "nein",
        "berlin_wickeltisch_raw": "nein"
      }
    },
    {
      "type": "Feature",
      "geometry": {
        "type": "Point",
        "coordinates": [
          13.28612418,
          52.45889734
        ]
      },
      "properties": {
        "facility_id": "atm-toilet-374",
        "name": "Königin-Luise-Str. 57 (Friedhof), 14195 Berlin",
        "geometry_type": "Point",
        "address": "Königin-Luise-Str. 57 (Friedhof), 14195 Berlin",
        "operator": "Bezirk",
        "access": "public",
        "fee": "no",
        "payment_method": null,
        "opening_hours": null,
        "wheelchair": "no",
        "changing_table": "no",
        "toilet_type": "building",
        "gender_access": "unknown",
        "indoor": "yes",
        "covered": "unknown",
        "drinking_water": "unknown",
        "supervised": "unknown",
        "maintenance_status": "operational",
        "source": "berlin_open_data_wfs",
        "source_id": "6059",
        "source_url": "https://daten.berlin.de/datensaetze/offentliche-toiletten-wfs-ad2c0c24",
        "source_timestamp": "2025-07-17",
        "download_date": "2026-05-31",
        "license": "dl-de-zero-2.0",
        "last_verified": "2026-05-31",
        "berlin_feature_id": "toiletten.6059",
        "berlin_bezirk": "Steglitz-Zehlendorf",
        "berlin_vertrag": "Sonstige öffentliche Toiletten",
        "berlin_modelltyp": "Friedhof",
        "berlin_symbol": "WC",
        "berlin_nutzungsentgelt_raw": 0,
        "berlin_zahlungsart": null,
        "berlin_barrierefrei_raw": "nein",
        "berlin_barrierearm_raw": "nein",
        "berlin_wickeltisch_raw": "nein"
      }
    },
    {
      "type": "Feature",
      "geometry": {
        "type": "Point",
        "coordinates": [
          13.29633709,
          52.42344255
        ]
      },
      "properties": {
        "facility_id": "atm-toilet-375",
        "name": "Thuner Platz 2-4 (Friedhof), 12205 Berlin",
        "geometry_type": "Point",
        "address": "Thuner Platz 2-4 (Friedhof), 12205 Berlin",
        "operator": "Bezirk",
        "access": "public",
        "fee": "unknown",
        "payment_method": null,
        "opening_hours": null,
        "wheelchair": "no",
        "changing_table": "no",
        "toilet_type": "building",
        "gender_access": "unknown",
        "indoor": "yes",
        "covered": "unknown",
        "drinking_water": "unknown",
        "supervised": "unknown",
        "maintenance_status": "operational",
        "source": "berlin_open_data_wfs",
        "source_id": "6060",
        "source_url": "https://daten.berlin.de/datensaetze/offentliche-toiletten-wfs-ad2c0c24",
        "source_timestamp": "2025-07-17",
        "download_date": "2026-05-31",
        "license": "dl-de-zero-2.0",
        "last_verified": "2026-05-31",
        "berlin_feature_id": "toiletten.6060",
        "berlin_bezirk": "Steglitz-Zehlendorf",
        "berlin_vertrag": "Sonstige öffentliche Toiletten",
        "berlin_modelltyp": "Friedhof",
        "berlin_symbol": "WC",
        "berlin_nutzungsentgelt_raw": null,
        "berlin_zahlungsart": null,
        "berlin_barrierefrei_raw": "nein",
        "berlin_barrierearm_raw": "nein",
        "berlin_wickeltisch_raw": "nein"
      }
    },
    {
      "type": "Feature",
      "geometry": {
        "type": "Point",
        "coordinates": [
          13.34214946,
          52.45862327
        ]
      },
      "properties": {
        "facility_id": "atm-toilet-376",
        "name": "Bergstr. 38 (Friedhof), 12169 Berlin",
        "geometry_type": "Point",
        "address": "Bergstr. 38 (Friedhof), 12169 Berlin",
        "operator": "Bezirk",
        "access": "public",
        "fee": "no",
        "payment_method": null,
        "opening_hours": null,
        "wheelchair": "no",
        "changing_table": "no",
        "toilet_type": "building",
        "gender_access": "unknown",
        "indoor": "yes",
        "covered": "unknown",
        "drinking_water": "unknown",
        "supervised": "unknown",
        "maintenance_status": "operational",
        "source": "berlin_open_data_wfs",
        "source_id": "6061",
        "source_url": "https://daten.berlin.de/datensaetze/offentliche-toiletten-wfs-ad2c0c24",
        "source_timestamp": "2025-07-17",
        "download_date": "2026-05-31",
        "license": "dl-de-zero-2.0",
        "last_verified": "2026-05-31",
        "berlin_feature_id": "toiletten.6061",
        "berlin_bezirk": "Steglitz-Zehlendorf",
        "berlin_vertrag": "Sonstige öffentliche Toiletten",
        "berlin_modelltyp": "Friedhof",
        "berlin_symbol": "WC",
        "berlin_nutzungsentgelt_raw": 0,
        "berlin_zahlungsart": null,
        "berlin_barrierefrei_raw": "nein",
        "berlin_barrierearm_raw": "nein",
        "berlin_wickeltisch_raw": "nein"
      }
    },
    {
      "type": "Feature",
      "geometry": {
        "type": "Point",
        "coordinates": [
          13.216294,
          52.42409504
        ]
      },
      "properties": {
        "facility_id": "atm-toilet-377",
        "name": "Wasgensteig 30 (Friedhof), 14129 Berlin",
        "geometry_type": "Point",
        "address": "Wasgensteig 30 (Friedhof), 14129 Berlin",
        "operator": "Bezirk",
        "access": "public",
        "fee": "no",
        "payment_method": null,
        "opening_hours": null,
        "wheelchair": "yes",
        "changing_table": "no",
        "toilet_type": "building",
        "gender_access": "unknown",
        "indoor": "yes",
        "covered": "unknown",
        "drinking_water": "unknown",
        "supervised": "unknown",
        "maintenance_status": "operational",
        "source": "berlin_open_data_wfs",
        "source_id": "6062",
        "source_url": "https://daten.berlin.de/datensaetze/offentliche-toiletten-wfs-ad2c0c24",
        "source_timestamp": "2025-07-17",
        "download_date": "2026-05-31",
        "license": "dl-de-zero-2.0",
        "last_verified": "2026-05-31",
        "berlin_feature_id": "toiletten.6062",
        "berlin_bezirk": "Steglitz-Zehlendorf",
        "berlin_vertrag": "Sonstige öffentliche Toiletten",
        "berlin_modelltyp": "Friedhof",
        "berlin_symbol": "WC",
        "berlin_nutzungsentgelt_raw": 0,
        "berlin_zahlungsart": null,
        "berlin_barrierefrei_raw": "ja",
        "berlin_barrierearm_raw": "ja",
        "berlin_wickeltisch_raw": "nein"
      }
    },
    {
      "type": "Feature",
      "geometry": {
        "type": "Point",
        "coordinates": [
          13.179808,
          52.42140704
        ]
      },
      "properties": {
        "facility_id": "atm-toilet-378",
        "name": "Bahnhof Wannsee",
        "geometry_type": "Point",
        "address": "Bahnhof Wannsee",
        "operator": "rail & fresh",
        "access": "public",
        "fee": "yes",
        "payment_method": null,
        "opening_hours": null,
        "wheelchair": "yes",
        "changing_table": "yes",
        "toilet_type": "building",
        "gender_access": "unknown",
        "indoor": "yes",
        "covered": "unknown",
        "drinking_water": "unknown",
        "supervised": "unknown",
        "maintenance_status": "operational",
        "source": "berlin_open_data_wfs",
        "source_id": "6064",
        "source_url": "https://daten.berlin.de/datensaetze/offentliche-toiletten-wfs-ad2c0c24",
        "source_timestamp": "2025-07-17",
        "download_date": "2026-05-31",
        "license": "dl-de-zero-2.0",
        "last_verified": "2026-05-31",
        "berlin_feature_id": "toiletten.6064",
        "berlin_bezirk": "Steglitz-Zehlendorf",
        "berlin_vertrag": "Privat betriebene öffentliche Toiletten",
        "berlin_modelltyp": "WC im Gebäude",
        "berlin_symbol": "WC",
        "berlin_nutzungsentgelt_raw": 1,
        "berlin_zahlungsart": null,
        "berlin_barrierefrei_raw": "ja",
        "berlin_barrierearm_raw": "ja",
        "berlin_wickeltisch_raw": "ja"
      }
    },
    {
      "type": "Feature",
      "geometry": {
        "type": "Point",
        "coordinates": [
          13.3351537,
          52.47597558
        ]
      },
      "properties": {
        "facility_id": "atm-toilet-379",
        "name": "Pächter der Gewerbeeinheit - (Perelsplatz 1, 12159 Berlin)",
        "geometry_type": "Point",
        "address": "Pächter der Gewerbeeinheit - (Perelsplatz 1, 12159 Berlin)",
        "operator": "Pächter",
        "access": "public",
        "fee": "unknown",
        "payment_method": null,
        "opening_hours": null,
        "wheelchair": "no",
        "changing_table": "no",
        "toilet_type": "building",
        "gender_access": "unknown",
        "indoor": "yes",
        "covered": "unknown",
        "drinking_water": "unknown",
        "supervised": "unknown",
        "maintenance_status": "operational",
        "source": "berlin_open_data_wfs",
        "source_id": "6065",
        "source_url": "https://daten.berlin.de/datensaetze/offentliche-toiletten-wfs-ad2c0c24",
        "source_timestamp": "2025-07-17",
        "download_date": "2026-05-31",
        "license": "dl-de-zero-2.0",
        "last_verified": "2026-05-31",
        "berlin_feature_id": "toiletten.6065",
        "berlin_bezirk": "Tempelhof-Schöneberg",
        "berlin_vertrag": "Privat betriebene öffentliche Toiletten",
        "berlin_modelltyp": "WC im Gebäude",
        "berlin_symbol": "WC",
        "berlin_nutzungsentgelt_raw": null,
        "berlin_zahlungsart": null,
        "berlin_barrierefrei_raw": "nein",
        "berlin_barrierearm_raw": "nein",
        "berlin_wickeltisch_raw": "nein"
      }
    },
    {
      "type": "Feature",
      "geometry": {
        "type": "Point",
        "coordinates": [
          13.3440247,
          52.48479893
        ]
      },
      "properties": {
        "facility_id": "atm-toilet-380",
        "name": "Rathaus Schöneberg, \nJohn-F.-Kennedy-Platz",
        "geometry_type": "Point",
        "address": "Rathaus Schöneberg, \nJohn-F.-Kennedy-Platz",
        "operator": "Bezirk",
        "access": "public",
        "fee": "no",
        "payment_method": null,
        "opening_hours": "Mo, Mi, Fr: 08:00-15:00; Di, Do: 10:00-18:00 (Öffnungszeiten des Bürgeramts)",
        "wheelchair": "yes",
        "changing_table": "no",
        "toilet_type": "unknown",
        "gender_access": "unknown",
        "indoor": "unknown",
        "covered": "unknown",
        "drinking_water": "unknown",
        "supervised": "unknown",
        "maintenance_status": "operational",
        "source": "berlin_open_data_wfs",
        "source_id": "6066",
        "source_url": "https://daten.berlin.de/datensaetze/offentliche-toiletten-wfs-ad2c0c24",
        "source_timestamp": "2025-07-17",
        "download_date": "2026-05-31",
        "license": "dl-de-zero-2.0",
        "last_verified": "2026-05-31",
        "berlin_feature_id": "toiletten.6066",
        "berlin_bezirk": "Tempelhof-Schöneberg",
        "berlin_vertrag": "Sonstige öffentliche Toiletten",
        "berlin_modelltyp": "öffentliches Gebäude",
        "berlin_symbol": "WC",
        "berlin_nutzungsentgelt_raw": 0,
        "berlin_zahlungsart": null,
        "berlin_barrierefrei_raw": "ja",
        "berlin_barrierearm_raw": "ja",
        "berlin_wickeltisch_raw": "nein"
      }
    },
    {
      "type": "Feature",
      "geometry": {
        "type": "Point",
        "coordinates": [
          13.37917091,
          52.44589178
        ]
      },
      "properties": {
        "facility_id": "atm-toilet-381",
        "name": "Gesundheitsamt Rathausstraße 27 / Kaiserstraße 12105 Berlin",
        "geometry_type": "Point",
        "address": "Gesundheitsamt Rathausstraße 27 / Kaiserstraße 12105 Berlin",
        "operator": "Bezirk",
        "access": "public",
        "fee": "no",
        "payment_method": null,
        "opening_hours": null,
        "wheelchair": "yes",
        "changing_table": "no",
        "toilet_type": "unknown",
        "gender_access": "unknown",
        "indoor": "unknown",
        "covered": "unknown",
        "drinking_water": "unknown",
        "supervised": "unknown",
        "maintenance_status": "operational",
        "source": "berlin_open_data_wfs",
        "source_id": "6068",
        "source_url": "https://daten.berlin.de/datensaetze/offentliche-toiletten-wfs-ad2c0c24",
        "source_timestamp": "2025-07-17",
        "download_date": "2026-05-31",
        "license": "dl-de-zero-2.0",
        "last_verified": "2026-05-31",
        "berlin_feature_id": "toiletten.6068",
        "berlin_bezirk": "Tempelhof-Schöneberg",
        "berlin_vertrag": "Sonstige öffentliche Toiletten",
        "berlin_modelltyp": "öffentliches Gebäude",
        "berlin_symbol": "WC",
        "berlin_nutzungsentgelt_raw": 0,
        "berlin_zahlungsart": null,
        "berlin_barrierefrei_raw": "ja",
        "berlin_barrierearm_raw": "ja",
        "berlin_wickeltisch_raw": "nein"
      }
    },
    {
      "type": "Feature",
      "geometry": {
        "type": "Point",
        "coordinates": [
          13.38306343,
          52.44932383
        ]
      },
      "properties": {
        "facility_id": "atm-toilet-382",
        "name": "Gebäude des Bezirks, Jugendamt, Strelitzstraße 15/17 / Machonstraße",
        "geometry_type": "Point",
        "address": "Gebäude des Bezirks, Jugendamt, Strelitzstraße 15/17 / Machonstraße",
        "operator": "Bezirk",
        "access": "public",
        "fee": "no",
        "payment_method": null,
        "opening_hours": null,
        "wheelchair": "yes",
        "changing_table": "no",
        "toilet_type": "unknown",
        "gender_access": "unknown",
        "indoor": "unknown",
        "covered": "unknown",
        "drinking_water": "unknown",
        "supervised": "unknown",
        "maintenance_status": "operational",
        "source": "berlin_open_data_wfs",
        "source_id": "6069",
        "source_url": "https://daten.berlin.de/datensaetze/offentliche-toiletten-wfs-ad2c0c24",
        "source_timestamp": "2025-07-17",
        "download_date": "2026-05-31",
        "license": "dl-de-zero-2.0",
        "last_verified": "2026-05-31",
        "berlin_feature_id": "toiletten.6069",
        "berlin_bezirk": "Tempelhof-Schöneberg",
        "berlin_vertrag": "Sonstige öffentliche Toiletten",
        "berlin_modelltyp": "öffentliches Gebäude",
        "berlin_symbol": "WC",
        "berlin_nutzungsentgelt_raw": 0,
        "berlin_zahlungsart": null,
        "berlin_barrierefrei_raw": "ja",
        "berlin_barrierearm_raw": "ja",
        "berlin_wickeltisch_raw": "nein"
      }
    },
    {
      "type": "Feature",
      "geometry": {
        "type": "Point",
        "coordinates": [
          13.38526099,
          52.4660015
        ]
      },
      "properties": {
        "facility_id": "atm-toilet-383",
        "name": "Alt-Tempelhof 21, 12103 Berlin",
        "geometry_type": "Point",
        "address": "Alt-Tempelhof 21, 12103 Berlin",
        "operator": "Pächter",
        "access": "public",
        "fee": "unknown",
        "payment_method": null,
        "opening_hours": null,
        "wheelchair": "no",
        "changing_table": "no",
        "toilet_type": "building",
        "gender_access": "unknown",
        "indoor": "yes",
        "covered": "unknown",
        "drinking_water": "unknown",
        "supervised": "unknown",
        "maintenance_status": "operational",
        "source": "berlin_open_data_wfs",
        "source_id": "6070",
        "source_url": "https://daten.berlin.de/datensaetze/offentliche-toiletten-wfs-ad2c0c24",
        "source_timestamp": "2025-07-17",
        "download_date": "2026-05-31",
        "license": "dl-de-zero-2.0",
        "last_verified": "2026-05-31",
        "berlin_feature_id": "toiletten.6070",
        "berlin_bezirk": "Tempelhof-Schöneberg",
        "berlin_vertrag": "Privat betriebene öffentliche Toiletten",
        "berlin_modelltyp": "WC im Gebäude",
        "berlin_symbol": "WC",
        "berlin_nutzungsentgelt_raw": null,
        "berlin_zahlungsart": null,
        "berlin_barrierefrei_raw": "nein",
        "berlin_barrierearm_raw": "nein",
        "berlin_wickeltisch_raw": "nein"
      }
    },
    {
      "type": "Feature",
      "geometry": {
        "type": "Point",
        "coordinates": [
          13.38600654,
          52.46244699
        ]
      },
      "properties": {
        "facility_id": "atm-toilet-384",
        "name": "Rathaus Tempelhof, Tempelhofer Damm 165",
        "geometry_type": "Point",
        "address": "Rathaus Tempelhof, Tempelhofer Damm 165",
        "operator": "Bezirk",
        "access": "public",
        "fee": "no",
        "payment_method": null,
        "opening_hours": "Mo, Mi, Fr: 08:00-15:00; Di, Do: 10:00-18:00 (Öffnungszeiten des Bürgeramts)",
        "wheelchair": "yes",
        "changing_table": "no",
        "toilet_type": "unknown",
        "gender_access": "unknown",
        "indoor": "unknown",
        "covered": "unknown",
        "drinking_water": "unknown",
        "supervised": "unknown",
        "maintenance_status": "operational",
        "source": "berlin_open_data_wfs",
        "source_id": "6071",
        "source_url": "https://daten.berlin.de/datensaetze/offentliche-toiletten-wfs-ad2c0c24",
        "source_timestamp": "2025-07-17",
        "download_date": "2026-05-31",
        "license": "dl-de-zero-2.0",
        "last_verified": "2026-05-31",
        "berlin_feature_id": "toiletten.6071",
        "berlin_bezirk": "Tempelhof-Schöneberg",
        "berlin_vertrag": "Sonstige öffentliche Toiletten",
        "berlin_modelltyp": "öffentliches Gebäude",
        "berlin_symbol": "WC",
        "berlin_nutzungsentgelt_raw": 0,
        "berlin_zahlungsart": null,
        "berlin_barrierefrei_raw": "ja",
        "berlin_barrierearm_raw": "ja",
        "berlin_wickeltisch_raw": "nein"
      }
    },
    {
      "type": "Feature",
      "geometry": {
        "type": "Point",
        "coordinates": [
          13.40555411,
          52.39433849
        ]
      },
      "properties": {
        "facility_id": "atm-toilet-385",
        "name": "Gemeinschaftshaus Lichtenrade Barnetstraße 11, 12305 Berlin",
        "geometry_type": "Point",
        "address": "Gemeinschaftshaus Lichtenrade Barnetstraße 11, 12305 Berlin",
        "operator": "Bezirk",
        "access": "public",
        "fee": "no",
        "payment_method": null,
        "opening_hours": null,
        "wheelchair": "yes",
        "changing_table": "no",
        "toilet_type": "unknown",
        "gender_access": "unknown",
        "indoor": "unknown",
        "covered": "unknown",
        "drinking_water": "unknown",
        "supervised": "unknown",
        "maintenance_status": "operational",
        "source": "berlin_open_data_wfs",
        "source_id": "6072",
        "source_url": "https://daten.berlin.de/datensaetze/offentliche-toiletten-wfs-ad2c0c24",
        "source_timestamp": "2025-07-17",
        "download_date": "2026-05-31",
        "license": "dl-de-zero-2.0",
        "last_verified": "2026-05-31",
        "berlin_feature_id": "toiletten.6072",
        "berlin_bezirk": "Tempelhof-Schöneberg",
        "berlin_vertrag": "Sonstige öffentliche Toiletten",
        "berlin_modelltyp": "öffentliches Gebäude",
        "berlin_symbol": "WC",
        "berlin_nutzungsentgelt_raw": 0,
        "berlin_zahlungsart": null,
        "berlin_barrierefrei_raw": "ja",
        "berlin_barrierearm_raw": "ja",
        "berlin_wickeltisch_raw": "nein"
      }
    },
    {
      "type": "Feature",
      "geometry": {
        "type": "Point",
        "coordinates": [
          13.41624417,
          52.47017302
        ]
      },
      "properties": {
        "facility_id": "atm-toilet-386",
        "name": "Tempelhofer Feld, Crashgate",
        "geometry_type": "Point",
        "address": "Tempelhofer Feld, Crashgate",
        "operator": "Grün Berlin GmbH",
        "access": "public",
        "fee": "no",
        "payment_method": null,
        "opening_hours": "Öffnungszeiten Tempelhofer Feld",
        "wheelchair": "limited",
        "changing_table": "yes",
        "toilet_type": "standalone",
        "gender_access": "unknown",
        "indoor": "unknown",
        "covered": "unknown",
        "drinking_water": "unknown",
        "supervised": "unknown",
        "maintenance_status": "operational",
        "source": "berlin_open_data_wfs",
        "source_id": "6073",
        "source_url": "https://daten.berlin.de/datensaetze/offentliche-toiletten-wfs-ad2c0c24",
        "source_timestamp": "2025-07-17",
        "download_date": "2026-05-31",
        "license": "dl-de-zero-2.0",
        "last_verified": "2026-05-31",
        "berlin_feature_id": "toiletten.6073",
        "berlin_bezirk": "Neukölln",
        "berlin_vertrag": "Sonstige öffentliche Toiletten",
        "berlin_modelltyp": "Park oder autarke",
        "berlin_symbol": "WC",
        "berlin_nutzungsentgelt_raw": 0,
        "berlin_zahlungsart": null,
        "berlin_barrierefrei_raw": "nein",
        "berlin_barrierearm_raw": "ja",
        "berlin_wickeltisch_raw": "ja"
      }
    },
    {
      "type": "Feature",
      "geometry": {
        "type": "Point",
        "coordinates": [
          13.41831812,
          52.47695749
        ]
      },
      "properties": {
        "facility_id": "atm-toilet-387",
        "name": "Tempelhofer Feld, Oderstr,",
        "geometry_type": "Point",
        "address": "Tempelhofer Feld, Oderstr,",
        "operator": "Grün Berlin GmbH",
        "access": "public",
        "fee": "no",
        "payment_method": null,
        "opening_hours": "Öffnungszeiten Tempelhofer Feld",
        "wheelchair": "yes",
        "changing_table": "yes",
        "toilet_type": "building",
        "gender_access": "unknown",
        "indoor": "yes",
        "covered": "unknown",
        "drinking_water": "unknown",
        "supervised": "unknown",
        "maintenance_status": "operational",
        "source": "berlin_open_data_wfs",
        "source_id": "6074",
        "source_url": "https://daten.berlin.de/datensaetze/offentliche-toiletten-wfs-ad2c0c24",
        "source_timestamp": "2025-07-17",
        "download_date": "2026-05-31",
        "license": "dl-de-zero-2.0",
        "last_verified": "2026-05-31",
        "berlin_feature_id": "toiletten.6074",
        "berlin_bezirk": "Neukölln",
        "berlin_vertrag": "Sonstige öffentliche Toiletten",
        "berlin_modelltyp": "WC im Gebäude",
        "berlin_symbol": "WC",
        "berlin_nutzungsentgelt_raw": 0,
        "berlin_zahlungsart": null,
        "berlin_barrierefrei_raw": "ja",
        "berlin_barrierearm_raw": "nein",
        "berlin_wickeltisch_raw": "ja"
      }
    },
    {
      "type": "Feature",
      "geometry": {
        "type": "Point",
        "coordinates": [
          13.366263,
          52.47551404
        ]
      },
      "properties": {
        "facility_id": "atm-toilet-388",
        "name": "Bahnhof Südkreuz (Ost)",
        "geometry_type": "Point",
        "address": "Bahnhof Südkreuz (Ost)",
        "operator": "rail & fresh",
        "access": "public",
        "fee": "yes",
        "payment_method": null,
        "opening_hours": null,
        "wheelchair": "yes",
        "changing_table": "no",
        "toilet_type": "building",
        "gender_access": "unknown",
        "indoor": "yes",
        "covered": "unknown",
        "drinking_water": "unknown",
        "supervised": "unknown",
        "maintenance_status": "operational",
        "source": "berlin_open_data_wfs",
        "source_id": "6075",
        "source_url": "https://daten.berlin.de/datensaetze/offentliche-toiletten-wfs-ad2c0c24",
        "source_timestamp": "2025-07-17",
        "download_date": "2026-05-31",
        "license": "dl-de-zero-2.0",
        "last_verified": "2026-05-31",
        "berlin_feature_id": "toiletten.6075",
        "berlin_bezirk": "Tempelhof-Schöneberg",
        "berlin_vertrag": "Privat betriebene öffentliche Toiletten",
        "berlin_modelltyp": "WC im Gebäude",
        "berlin_symbol": "WC",
        "berlin_nutzungsentgelt_raw": 1,
        "berlin_zahlungsart": null,
        "berlin_barrierefrei_raw": "ja",
        "berlin_barrierearm_raw": "ja",
        "berlin_wickeltisch_raw": "nein"
      }
    },
    {
      "type": "Feature",
      "geometry": {
        "type": "Point",
        "coordinates": [
          13.364418,
          52.47582804
        ]
      },
      "properties": {
        "facility_id": "atm-toilet-389",
        "name": "Bahnhof Südkreuz (West)",
        "geometry_type": "Point",
        "address": "Bahnhof Südkreuz (West)",
        "operator": "rail & fresh",
        "access": "public",
        "fee": "yes",
        "payment_method": null,
        "opening_hours": null,
        "wheelchair": "yes",
        "changing_table": "no",
        "toilet_type": "building",
        "gender_access": "unknown",
        "indoor": "yes",
        "covered": "unknown",
        "drinking_water": "unknown",
        "supervised": "unknown",
        "maintenance_status": "operational",
        "source": "berlin_open_data_wfs",
        "source_id": "6076",
        "source_url": "https://daten.berlin.de/datensaetze/offentliche-toiletten-wfs-ad2c0c24",
        "source_timestamp": "2025-07-17",
        "download_date": "2026-05-31",
        "license": "dl-de-zero-2.0",
        "last_verified": "2026-05-31",
        "berlin_feature_id": "toiletten.6076",
        "berlin_bezirk": "Tempelhof-Schöneberg",
        "berlin_vertrag": "Privat betriebene öffentliche Toiletten",
        "berlin_modelltyp": "WC im Gebäude",
        "berlin_symbol": "WC",
        "berlin_nutzungsentgelt_raw": 1,
        "berlin_zahlungsart": null,
        "berlin_barrierefrei_raw": "ja",
        "berlin_barrierearm_raw": "ja",
        "berlin_wickeltisch_raw": "nein"
      }
    },
    {
      "type": "Feature",
      "geometry": {
        "type": "Point",
        "coordinates": [
          13.341926,
          52.49854004
        ]
      },
      "properties": {
        "facility_id": "atm-toilet-390",
        "name": "Gebäude des Bezirks, Kinder- und Jugendpsychiatrischer Dienst, Welserstraße 23, 10777 Berlin",
        "geometry_type": "Point",
        "address": "Gebäude des Bezirks, Kinder- und Jugendpsychiatrischer Dienst, Welserstraße 23, 10777 Berlin",
        "operator": "Bezirk",
        "access": "public",
        "fee": "no",
        "payment_method": null,
        "opening_hours": null,
        "wheelchair": "yes",
        "changing_table": "no",
        "toilet_type": "unknown",
        "gender_access": "unknown",
        "indoor": "unknown",
        "covered": "unknown",
        "drinking_water": "unknown",
        "supervised": "unknown",
        "maintenance_status": "operational",
        "source": "berlin_open_data_wfs",
        "source_id": "6077",
        "source_url": "https://daten.berlin.de/datensaetze/offentliche-toiletten-wfs-ad2c0c24",
        "source_timestamp": "2025-07-17",
        "download_date": "2026-05-31",
        "license": "dl-de-zero-2.0",
        "last_verified": "2026-05-31",
        "berlin_feature_id": "toiletten.6077",
        "berlin_bezirk": "Tempelhof-Schöneberg",
        "berlin_vertrag": "Sonstige öffentliche Toiletten",
        "berlin_modelltyp": "öffentliches Gebäude",
        "berlin_symbol": "WC",
        "berlin_nutzungsentgelt_raw": 0,
        "berlin_zahlungsart": null,
        "berlin_barrierefrei_raw": "ja",
        "berlin_barrierearm_raw": "ja",
        "berlin_wickeltisch_raw": "nein"
      }
    },
    {
      "type": "Feature",
      "geometry": {
        "type": "Point",
        "coordinates": [
          13.406019,
          52.48103604
        ]
      },
      "properties": {
        "facility_id": "atm-toilet-391",
        "name": "Tempelhofer Feld, Columbiadamm, Geb.130",
        "geometry_type": "Point",
        "address": "Tempelhofer Feld, Columbiadamm, Geb.130",
        "operator": "Grün Berlin GmbH",
        "access": "public",
        "fee": "no",
        "payment_method": null,
        "opening_hours": "Öffnungszeiten Tempelhofer Feld",
        "wheelchair": "no",
        "changing_table": "no",
        "toilet_type": "building",
        "gender_access": "unknown",
        "indoor": "yes",
        "covered": "unknown",
        "drinking_water": "unknown",
        "supervised": "unknown",
        "maintenance_status": "operational",
        "source": "berlin_open_data_wfs",
        "source_id": "6078",
        "source_url": "https://daten.berlin.de/datensaetze/offentliche-toiletten-wfs-ad2c0c24",
        "source_timestamp": "2025-07-17",
        "download_date": "2026-05-31",
        "license": "dl-de-zero-2.0",
        "last_verified": "2026-05-31",
        "berlin_feature_id": "toiletten.6078",
        "berlin_bezirk": "Tempelhof-Schöneberg",
        "berlin_vertrag": "Sonstige öffentliche Toiletten",
        "berlin_modelltyp": "WC im Gebäude",
        "berlin_symbol": "WC",
        "berlin_nutzungsentgelt_raw": 0,
        "berlin_zahlungsart": null,
        "berlin_barrierefrei_raw": "nein",
        "berlin_barrierearm_raw": "nein",
        "berlin_wickeltisch_raw": "nein"
      }
    },
    {
      "type": "Feature",
      "geometry": {
        "type": "Point",
        "coordinates": [
          13.409296,
          52.47918304
        ]
      },
      "properties": {
        "facility_id": "atm-toilet-392",
        "name": "Tempelhofer Feld, Biergarten",
        "geometry_type": "Point",
        "address": "Tempelhofer Feld, Biergarten",
        "operator": "Grün Berlin GmbH",
        "access": "public",
        "fee": "no",
        "payment_method": null,
        "opening_hours": "Öffnungszeiten Tempelhofer Feld",
        "wheelchair": "yes",
        "changing_table": "yes",
        "toilet_type": "building",
        "gender_access": "unknown",
        "indoor": "yes",
        "covered": "unknown",
        "drinking_water": "unknown",
        "supervised": "unknown",
        "maintenance_status": "operational",
        "source": "berlin_open_data_wfs",
        "source_id": "6079",
        "source_url": "https://daten.berlin.de/datensaetze/offentliche-toiletten-wfs-ad2c0c24",
        "source_timestamp": "2025-07-17",
        "download_date": "2026-05-31",
        "license": "dl-de-zero-2.0",
        "last_verified": "2026-05-31",
        "berlin_feature_id": "toiletten.6079",
        "berlin_bezirk": "Neukölln",
        "berlin_vertrag": "Sonstige öffentliche Toiletten",
        "berlin_modelltyp": "WC im Gebäude",
        "berlin_symbol": "WC",
        "berlin_nutzungsentgelt_raw": 0,
        "berlin_zahlungsart": null,
        "berlin_barrierefrei_raw": "ja",
        "berlin_barrierearm_raw": "ja",
        "berlin_wickeltisch_raw": "ja"
      }
    },
    {
      "type": "Feature",
      "geometry": {
        "type": "Point",
        "coordinates": [
          13.385881,
          52.47155404
        ]
      },
      "properties": {
        "facility_id": "atm-toilet-393",
        "name": "Tempelhofer Feld, Tempelhofer Damm, Tor 9",
        "geometry_type": "Point",
        "address": "Tempelhofer Feld, Tempelhofer Damm, Tor 9",
        "operator": "Grün Berlin GmbH",
        "access": "public",
        "fee": "no",
        "payment_method": null,
        "opening_hours": "Öffnungszeiten Tempelhofer Feld",
        "wheelchair": "yes",
        "changing_table": "yes",
        "toilet_type": "building",
        "gender_access": "unknown",
        "indoor": "yes",
        "covered": "unknown",
        "drinking_water": "unknown",
        "supervised": "unknown",
        "maintenance_status": "operational",
        "source": "berlin_open_data_wfs",
        "source_id": "6080",
        "source_url": "https://daten.berlin.de/datensaetze/offentliche-toiletten-wfs-ad2c0c24",
        "source_timestamp": "2025-07-17",
        "download_date": "2026-05-31",
        "license": "dl-de-zero-2.0",
        "last_verified": "2026-05-31",
        "berlin_feature_id": "toiletten.6080",
        "berlin_bezirk": "Tempelhof-Schöneberg",
        "berlin_vertrag": "Sonstige öffentliche Toiletten",
        "berlin_modelltyp": "WC im Gebäude",
        "berlin_symbol": "WC",
        "berlin_nutzungsentgelt_raw": 0,
        "berlin_zahlungsart": null,
        "berlin_barrierefrei_raw": "ja",
        "berlin_barrierearm_raw": "ja",
        "berlin_wickeltisch_raw": "ja"
      }
    },
    {
      "type": "Feature",
      "geometry": {
        "type": "Point",
        "coordinates": [
          13.417064,
          52.47442904
        ]
      },
      "properties": {
        "facility_id": "atm-toilet-394",
        "name": "Tempelhofer Feld, Projektflächen Allmende",
        "geometry_type": "Point",
        "address": "Tempelhofer Feld, Projektflächen Allmende",
        "operator": "Grün Berlin GmbH",
        "access": "public",
        "fee": "no",
        "payment_method": null,
        "opening_hours": "Öffnungszeiten Tempelhofer Feld",
        "wheelchair": "yes",
        "changing_table": "yes",
        "toilet_type": "standalone",
        "gender_access": "unknown",
        "indoor": "unknown",
        "covered": "unknown",
        "drinking_water": "unknown",
        "supervised": "unknown",
        "maintenance_status": "operational",
        "source": "berlin_open_data_wfs",
        "source_id": "6081",
        "source_url": "https://daten.berlin.de/datensaetze/offentliche-toiletten-wfs-ad2c0c24",
        "source_timestamp": "2025-07-17",
        "download_date": "2026-05-31",
        "license": "dl-de-zero-2.0",
        "last_verified": "2026-05-31",
        "berlin_feature_id": "toiletten.6081",
        "berlin_bezirk": "Neukölln",
        "berlin_vertrag": "Sonstige öffentliche Toiletten",
        "berlin_modelltyp": "Park oder autarke",
        "berlin_symbol": "WC",
        "berlin_nutzungsentgelt_raw": 0,
        "berlin_zahlungsart": null,
        "berlin_barrierefrei_raw": "ja",
        "berlin_barrierearm_raw": "ja",
        "berlin_wickeltisch_raw": "ja"
      }
    },
    {
      "type": "Feature",
      "geometry": {
        "type": "Point",
        "coordinates": [
          13.48026935,
          52.48351131
        ]
      },
      "properties": {
        "facility_id": "atm-toilet-395",
        "name": "Rathaus Neue Krugallee 4,12435 Berlin",
        "geometry_type": "Point",
        "address": "Rathaus Neue Krugallee 4,12435 Berlin",
        "operator": "Bezirk",
        "access": "public",
        "fee": "no",
        "payment_method": null,
        "opening_hours": "6-20 Uhr",
        "wheelchair": "yes",
        "changing_table": "no",
        "toilet_type": "unknown",
        "gender_access": "unknown",
        "indoor": "unknown",
        "covered": "unknown",
        "drinking_water": "unknown",
        "supervised": "unknown",
        "maintenance_status": "operational",
        "source": "berlin_open_data_wfs",
        "source_id": "6082",
        "source_url": "https://daten.berlin.de/datensaetze/offentliche-toiletten-wfs-ad2c0c24",
        "source_timestamp": "2025-07-17",
        "download_date": "2026-05-31",
        "license": "dl-de-zero-2.0",
        "last_verified": "2026-05-31",
        "berlin_feature_id": "toiletten.6082",
        "berlin_bezirk": "Treptow-Köpenick",
        "berlin_vertrag": "Sonstige öffentliche Toiletten",
        "berlin_modelltyp": "öffentliches Gebäude",
        "berlin_symbol": "WC",
        "berlin_nutzungsentgelt_raw": 0,
        "berlin_zahlungsart": null,
        "berlin_barrierefrei_raw": "ja",
        "berlin_barrierearm_raw": "ja",
        "berlin_wickeltisch_raw": "nein"
      }
    },
    {
      "type": "Feature",
      "geometry": {
        "type": "Point",
        "coordinates": [
          13.49343,
          52.46053004
        ]
      },
      "properties": {
        "facility_id": "atm-toilet-396",
        "name": "Friedhof Baumschulenweg, Kiefholzstraße 221-228, 12437 Berlin",
        "geometry_type": "Point",
        "address": "Friedhof Baumschulenweg, Kiefholzstraße 221-228, 12437 Berlin",
        "operator": "Bezirk",
        "access": "public",
        "fee": "no",
        "payment_method": null,
        "opening_hours": "nur während Betriebsablauf 8- 14 Uhr",
        "wheelchair": "no",
        "changing_table": "no",
        "toilet_type": "building",
        "gender_access": "unknown",
        "indoor": "yes",
        "covered": "unknown",
        "drinking_water": "unknown",
        "supervised": "unknown",
        "maintenance_status": "operational",
        "source": "berlin_open_data_wfs",
        "source_id": "6083",
        "source_url": "https://daten.berlin.de/datensaetze/offentliche-toiletten-wfs-ad2c0c24",
        "source_timestamp": "2025-07-17",
        "download_date": "2026-05-31",
        "license": "dl-de-zero-2.0",
        "last_verified": "2026-05-31",
        "berlin_feature_id": "toiletten.6083",
        "berlin_bezirk": "Treptow-Köpenick",
        "berlin_vertrag": "Sonstige öffentliche Toiletten",
        "berlin_modelltyp": "Friedhof",
        "berlin_symbol": "WC",
        "berlin_nutzungsentgelt_raw": 0,
        "berlin_zahlungsart": null,
        "berlin_barrierefrei_raw": "nein",
        "berlin_barrierearm_raw": "nein",
        "berlin_wickeltisch_raw": "nein"
      }
    },
    {
      "type": "Feature",
      "geometry": {
        "type": "Point",
        "coordinates": [
          13.5285371,
          52.40319342
        ]
      },
      "properties": {
        "facility_id": "atm-toilet-397",
        "name": "Bürgerhaus Altglienicke Ortolfstr. 182-184, 12524 Berlin",
        "geometry_type": "Point",
        "address": "Bürgerhaus Altglienicke Ortolfstr. 182-184, 12524 Berlin",
        "operator": "Bezirk",
        "access": "public",
        "fee": "no",
        "payment_method": null,
        "opening_hours": null,
        "wheelchair": "yes",
        "changing_table": "no",
        "toilet_type": "unknown",
        "gender_access": "unknown",
        "indoor": "unknown",
        "covered": "unknown",
        "drinking_water": "unknown",
        "supervised": "unknown",
        "maintenance_status": "operational",
        "source": "berlin_open_data_wfs",
        "source_id": "6084",
        "source_url": "https://daten.berlin.de/datensaetze/offentliche-toiletten-wfs-ad2c0c24",
        "source_timestamp": "2025-07-17",
        "download_date": "2026-05-31",
        "license": "dl-de-zero-2.0",
        "last_verified": "2026-05-31",
        "berlin_feature_id": "toiletten.6084",
        "berlin_bezirk": "Treptow-Köpenick",
        "berlin_vertrag": "Sonstige öffentliche Toiletten",
        "berlin_modelltyp": "öffentliches Gebäude",
        "berlin_symbol": "WC",
        "berlin_nutzungsentgelt_raw": 0,
        "berlin_zahlungsart": null,
        "berlin_barrierefrei_raw": "ja",
        "berlin_barrierearm_raw": "ja",
        "berlin_wickeltisch_raw": "nein"
      }
    },
    {
      "type": "Feature",
      "geometry": {
        "type": "Point",
        "coordinates": [
          13.53482,
          52.46336004
        ]
      },
      "properties": {
        "facility_id": "atm-toilet-398",
        "name": "Friedhof Oberschöneweide, Verlängerte Rathenaustr. 131 a, 12459 Berlin",
        "geometry_type": "Point",
        "address": "Friedhof Oberschöneweide, Verlängerte Rathenaustr. 131 a, 12459 Berlin",
        "operator": "Bezirk",
        "access": "public",
        "fee": "no",
        "payment_method": null,
        "opening_hours": "nur während Betriebsablauf",
        "wheelchair": "no",
        "changing_table": "no",
        "toilet_type": "building",
        "gender_access": "unknown",
        "indoor": "yes",
        "covered": "unknown",
        "drinking_water": "unknown",
        "supervised": "unknown",
        "maintenance_status": "operational",
        "source": "berlin_open_data_wfs",
        "source_id": "6085",
        "source_url": "https://daten.berlin.de/datensaetze/offentliche-toiletten-wfs-ad2c0c24",
        "source_timestamp": "2025-07-17",
        "download_date": "2026-05-31",
        "license": "dl-de-zero-2.0",
        "last_verified": "2026-05-31",
        "berlin_feature_id": "toiletten.6085",
        "berlin_bezirk": "Treptow-Köpenick",
        "berlin_vertrag": "Sonstige öffentliche Toiletten",
        "berlin_modelltyp": "Friedhof",
        "berlin_symbol": "WC",
        "berlin_nutzungsentgelt_raw": 0,
        "berlin_zahlungsart": null,
        "berlin_barrierefrei_raw": "nein",
        "berlin_barrierearm_raw": "nein",
        "berlin_wickeltisch_raw": "nein"
      }
    },
    {
      "type": "Feature",
      "geometry": {
        "type": "Point",
        "coordinates": [
          13.54731,
          52.44318004
        ]
      },
      "properties": {
        "facility_id": "atm-toilet-399",
        "name": "Friedhof Adlershof, Friedlander Straße 156, 12489 Berlin",
        "geometry_type": "Point",
        "address": "Friedhof Adlershof, Friedlander Straße 156, 12489 Berlin",
        "operator": "Bezirk",
        "access": "public",
        "fee": "no",
        "payment_method": null,
        "opening_hours": "5-18 Uhr",
        "wheelchair": "no",
        "changing_table": "no",
        "toilet_type": "building",
        "gender_access": "unknown",
        "indoor": "yes",
        "covered": "unknown",
        "drinking_water": "unknown",
        "supervised": "unknown",
        "maintenance_status": "operational",
        "source": "berlin_open_data_wfs",
        "source_id": "6086",
        "source_url": "https://daten.berlin.de/datensaetze/offentliche-toiletten-wfs-ad2c0c24",
        "source_timestamp": "2025-07-17",
        "download_date": "2026-05-31",
        "license": "dl-de-zero-2.0",
        "last_verified": "2026-05-31",
        "berlin_feature_id": "toiletten.6086",
        "berlin_bezirk": "Treptow-Köpenick",
        "berlin_vertrag": "Sonstige öffentliche Toiletten",
        "berlin_modelltyp": "Friedhof",
        "berlin_symbol": "WC",
        "berlin_nutzungsentgelt_raw": 0,
        "berlin_zahlungsart": null,
        "berlin_barrierefrei_raw": "nein",
        "berlin_barrierearm_raw": "nein",
        "berlin_wickeltisch_raw": "nein"
      }
    },
    {
      "type": "Feature",
      "geometry": {
        "type": "Point",
        "coordinates": [
          13.54811147,
          52.43794762
        ]
      },
      "properties": {
        "facility_id": "atm-toilet-400",
        "name": "Toilette i. Marktimbiss Adlershof, Dörpfeldstr., 12849 Berlin",
        "geometry_type": "Point",
        "address": "Toilette i. Marktimbiss Adlershof, Dörpfeldstr., 12849 Berlin",
        "operator": "Pächter",
        "access": "public",
        "fee": "yes",
        "payment_method": null,
        "opening_hours": null,
        "wheelchair": "no",
        "changing_table": "no",
        "toilet_type": "building",
        "gender_access": "unknown",
        "indoor": "yes",
        "covered": "unknown",
        "drinking_water": "unknown",
        "supervised": "unknown",
        "maintenance_status": "operational",
        "source": "berlin_open_data_wfs",
        "source_id": "6087",
        "source_url": "https://daten.berlin.de/datensaetze/offentliche-toiletten-wfs-ad2c0c24",
        "source_timestamp": "2025-07-17",
        "download_date": "2026-05-31",
        "license": "dl-de-zero-2.0",
        "last_verified": "2026-05-31",
        "berlin_feature_id": "toiletten.6087",
        "berlin_bezirk": "Treptow-Köpenick",
        "berlin_vertrag": "Privat betriebene öffentliche Toiletten",
        "berlin_modelltyp": "WC im Gebäude",
        "berlin_symbol": "WC",
        "berlin_nutzungsentgelt_raw": 0.5,
        "berlin_zahlungsart": null,
        "berlin_barrierefrei_raw": "nein",
        "berlin_barrierearm_raw": "nein",
        "berlin_wickeltisch_raw": "nein"
      }
    },
    {
      "type": "Feature",
      "geometry": {
        "type": "Point",
        "coordinates": [
          13.59041,
          52.40732004
        ]
      },
      "properties": {
        "facility_id": "atm-toilet-401",
        "name": "Friedhof Grünau, Rabindranath-Tagore-Straße 18-20, 12527 Berlin",
        "geometry_type": "Point",
        "address": "Friedhof Grünau, Rabindranath-Tagore-Straße 18-20, 12527 Berlin",
        "operator": "Bezirk",
        "access": "public",
        "fee": "no",
        "payment_method": null,
        "opening_hours": "während Öffnungszeiten Friedhof",
        "wheelchair": "no",
        "changing_table": "no",
        "toilet_type": "building",
        "gender_access": "unknown",
        "indoor": "yes",
        "covered": "unknown",
        "drinking_water": "unknown",
        "supervised": "unknown",
        "maintenance_status": "operational",
        "source": "berlin_open_data_wfs",
        "source_id": "6091",
        "source_url": "https://daten.berlin.de/datensaetze/offentliche-toiletten-wfs-ad2c0c24",
        "source_timestamp": "2025-07-17",
        "download_date": "2026-05-31",
        "license": "dl-de-zero-2.0",
        "last_verified": "2026-05-31",
        "berlin_feature_id": "toiletten.6091",
        "berlin_bezirk": "Treptow-Köpenick",
        "berlin_vertrag": "Sonstige öffentliche Toiletten",
        "berlin_modelltyp": "Friedhof",
        "berlin_symbol": "WC",
        "berlin_nutzungsentgelt_raw": 0,
        "berlin_zahlungsart": null,
        "berlin_barrierefrei_raw": "nein",
        "berlin_barrierearm_raw": "nein",
        "berlin_wickeltisch_raw": "nein"
      }
    },
    {
      "type": "Feature",
      "geometry": {
        "type": "Point",
        "coordinates": [
          13.67507235,
          52.40662898
        ]
      },
      "properties": {
        "facility_id": "atm-toilet-402",
        "name": "Friedhof Müggelheim, Gosener Landstraße 1 / Im Jagen 127, 12559 Berlin",
        "geometry_type": "Point",
        "address": "Friedhof Müggelheim, Gosener Landstraße 1 / Im Jagen 127, 12559 Berlin",
        "operator": "Bezirk",
        "access": "public",
        "fee": "no",
        "payment_method": null,
        "opening_hours": "während der Öffnungszeiten des Friedhofs",
        "wheelchair": "no",
        "changing_table": "no",
        "toilet_type": "building",
        "gender_access": "unknown",
        "indoor": "yes",
        "covered": "unknown",
        "drinking_water": "unknown",
        "supervised": "unknown",
        "maintenance_status": "operational",
        "source": "berlin_open_data_wfs",
        "source_id": "6092",
        "source_url": "https://daten.berlin.de/datensaetze/offentliche-toiletten-wfs-ad2c0c24",
        "source_timestamp": "2025-07-17",
        "download_date": "2026-05-31",
        "license": "dl-de-zero-2.0",
        "last_verified": "2026-05-31",
        "berlin_feature_id": "toiletten.6092",
        "berlin_bezirk": "Treptow-Köpenick",
        "berlin_vertrag": "Sonstige öffentliche Toiletten",
        "berlin_modelltyp": "Friedhof",
        "berlin_symbol": "WC",
        "berlin_nutzungsentgelt_raw": 0,
        "berlin_zahlungsart": null,
        "berlin_barrierefrei_raw": "nein",
        "berlin_barrierearm_raw": "nein",
        "berlin_wickeltisch_raw": "nein"
      }
    },
    {
      "type": "Feature",
      "geometry": {
        "type": "Point",
        "coordinates": [
          13.69588,
          52.43754004
        ]
      },
      "properties": {
        "facility_id": "atm-toilet-403",
        "name": "Friedhof Rahnsdorf, Fürstenwalder Allee 93, 12589 Berlin",
        "geometry_type": "Point",
        "address": "Friedhof Rahnsdorf, Fürstenwalder Allee 93, 12589 Berlin",
        "operator": "Bezirk",
        "access": "public",
        "fee": "no",
        "payment_method": null,
        "opening_hours": "während der Öffnungszeiten des Friedhofs",
        "wheelchair": "no",
        "changing_table": "no",
        "toilet_type": "building",
        "gender_access": "unknown",
        "indoor": "yes",
        "covered": "unknown",
        "drinking_water": "unknown",
        "supervised": "unknown",
        "maintenance_status": "operational",
        "source": "berlin_open_data_wfs",
        "source_id": "6093",
        "source_url": "https://daten.berlin.de/datensaetze/offentliche-toiletten-wfs-ad2c0c24",
        "source_timestamp": "2025-07-17",
        "download_date": "2026-05-31",
        "license": "dl-de-zero-2.0",
        "last_verified": "2026-05-31",
        "berlin_feature_id": "toiletten.6093",
        "berlin_bezirk": "Treptow-Köpenick",
        "berlin_vertrag": "Sonstige öffentliche Toiletten",
        "berlin_modelltyp": "Friedhof",
        "berlin_symbol": "WC",
        "berlin_nutzungsentgelt_raw": 0,
        "berlin_zahlungsart": null,
        "berlin_barrierefrei_raw": "nein",
        "berlin_barrierearm_raw": "nein",
        "berlin_wickeltisch_raw": "nein"
      }
    },
    {
      "type": "Feature",
      "geometry": {
        "type": "Point",
        "coordinates": [
          13.418311,
          52.49898504
        ]
      },
      "properties": {
        "facility_id": "atm-toilet-404",
        "name": "Kottbusser Tor",
        "geometry_type": "Point",
        "address": "Kottbusser Tor",
        "operator": "Bezirk",
        "access": "public",
        "fee": "no",
        "payment_method": null,
        "opening_hours": "24h",
        "wheelchair": "no",
        "changing_table": "no",
        "toilet_type": "standalone",
        "gender_access": "unknown",
        "indoor": "unknown",
        "covered": "unknown",
        "drinking_water": "unknown",
        "supervised": "unknown",
        "maintenance_status": "operational",
        "source": "berlin_open_data_wfs",
        "source_id": "6094",
        "source_url": "https://daten.berlin.de/datensaetze/offentliche-toiletten-wfs-ad2c0c24",
        "source_timestamp": "2025-07-17",
        "download_date": "2026-05-31",
        "license": "dl-de-zero-2.0",
        "last_verified": "2026-05-31",
        "berlin_feature_id": "toiletten.6094",
        "berlin_bezirk": "Friedrichshain-Kreuzberg",
        "berlin_vertrag": "Sonstige öffentliche Toiletten",
        "berlin_modelltyp": "Park oder autarke",
        "berlin_symbol": "WC",
        "berlin_nutzungsentgelt_raw": 0,
        "berlin_zahlungsart": null,
        "berlin_barrierefrei_raw": "nein",
        "berlin_barrierearm_raw": "nein",
        "berlin_wickeltisch_raw": "nein"
      }
    },
    {
      "type": "Feature",
      "geometry": {
        "type": "Point",
        "coordinates": [
          13.212786,
          52.42286304
        ]
      },
      "properties": {
        "facility_id": "atm-toilet-405",
        "name": "Wasgensteig 30 (Kapelle Friedhof)",
        "geometry_type": "Point",
        "address": "Wasgensteig 30 (Kapelle Friedhof)",
        "operator": "Bezirk",
        "access": "public",
        "fee": "no",
        "payment_method": null,
        "opening_hours": null,
        "wheelchair": "no",
        "changing_table": "no",
        "toilet_type": "building",
        "gender_access": "unknown",
        "indoor": "yes",
        "covered": "unknown",
        "drinking_water": "unknown",
        "supervised": "unknown",
        "maintenance_status": "operational",
        "source": "berlin_open_data_wfs",
        "source_id": "6096",
        "source_url": "https://daten.berlin.de/datensaetze/offentliche-toiletten-wfs-ad2c0c24",
        "source_timestamp": "2025-07-17",
        "download_date": "2026-05-31",
        "license": "dl-de-zero-2.0",
        "last_verified": "2026-05-31",
        "berlin_feature_id": "toiletten.6096",
        "berlin_bezirk": "Steglitz-Zehlendorf",
        "berlin_vertrag": "Sonstige öffentliche Toiletten",
        "berlin_modelltyp": "Friedhof",
        "berlin_symbol": "WC",
        "berlin_nutzungsentgelt_raw": 0,
        "berlin_zahlungsart": null,
        "berlin_barrierefrei_raw": "nein",
        "berlin_barrierearm_raw": "nein",
        "berlin_wickeltisch_raw": "nein"
      }
    },
    {
      "type": "Feature",
      "geometry": {
        "type": "Point",
        "coordinates": [
          13.191113,
          52.43392704
        ]
      },
      "properties": {
        "facility_id": "atm-toilet-406",
        "name": "Kronprinzessinnenweg 120, Tank&Rast Raststätte Grunewald",
        "geometry_type": "Point",
        "address": "Kronprinzessinnenweg 120, Tank&Rast Raststätte Grunewald",
        "operator": "SANIFAIR",
        "access": "public",
        "fee": "yes",
        "payment_method": null,
        "opening_hours": "24h",
        "wheelchair": "no",
        "changing_table": "no",
        "toilet_type": "building",
        "gender_access": "unknown",
        "indoor": "yes",
        "covered": "unknown",
        "drinking_water": "unknown",
        "supervised": "unknown",
        "maintenance_status": "operational",
        "source": "berlin_open_data_wfs",
        "source_id": "6097",
        "source_url": "https://daten.berlin.de/datensaetze/offentliche-toiletten-wfs-ad2c0c24",
        "source_timestamp": "2025-07-17",
        "download_date": "2026-05-31",
        "license": "dl-de-zero-2.0",
        "last_verified": "2026-05-31",
        "berlin_feature_id": "toiletten.6097",
        "berlin_bezirk": "Steglitz-Zehlendorf",
        "berlin_vertrag": "Privat betriebene öffentliche Toiletten",
        "berlin_modelltyp": "WC im Gebäude",
        "berlin_symbol": "WC",
        "berlin_nutzungsentgelt_raw": 1,
        "berlin_zahlungsart": null,
        "berlin_barrierefrei_raw": "nein",
        "berlin_barrierearm_raw": "nein",
        "berlin_wickeltisch_raw": "nein"
      }
    },
    {
      "type": "Feature",
      "geometry": {
        "type": "Point",
        "coordinates": [
          13.51071357,
          52.45611007
        ]
      },
      "properties": {
        "facility_id": "atm-toilet-407",
        "name": "Bürgeramt Michael-Brückner-Straße 1a",
        "geometry_type": "Point",
        "address": "Bürgeramt Michael-Brückner-Straße 1a",
        "operator": "Bezirk",
        "access": "public",
        "fee": "no",
        "payment_method": null,
        "opening_hours": "Mo: 07:30-15:30\nDi: 10:00-18:00\nMi: 07:30-14:00\nDo: 10:00-18:00\nFr: 07:30-13:00",
        "wheelchair": "yes",
        "changing_table": "yes",
        "toilet_type": "unknown",
        "gender_access": "unknown",
        "indoor": "unknown",
        "covered": "unknown",
        "drinking_water": "unknown",
        "supervised": "unknown",
        "maintenance_status": "operational",
        "source": "berlin_open_data_wfs",
        "source_id": "6098",
        "source_url": "https://daten.berlin.de/datensaetze/offentliche-toiletten-wfs-ad2c0c24",
        "source_timestamp": "2025-07-17",
        "download_date": "2026-05-31",
        "license": "dl-de-zero-2.0",
        "last_verified": "2026-05-31",
        "berlin_feature_id": "toiletten.6098",
        "berlin_bezirk": "Treptow-Köpenick",
        "berlin_vertrag": "Sonstige öffentliche Toiletten",
        "berlin_modelltyp": "öffentliches Gebäude",
        "berlin_symbol": "WC",
        "berlin_nutzungsentgelt_raw": 0,
        "berlin_zahlungsart": null,
        "berlin_barrierefrei_raw": "ja",
        "berlin_barrierearm_raw": "ja",
        "berlin_wickeltisch_raw": "ja"
      }
    },
    {
      "type": "Feature",
      "geometry": {
        "type": "Point",
        "coordinates": [
          13.34353459,
          52.526019
        ]
      },
      "properties": {
        "facility_id": "atm-toilet-408",
        "name": "Wilhelms Burger, Kleiner Tiergarten",
        "geometry_type": "Point",
        "address": "Wilhelms Burger, Kleiner Tiergarten",
        "operator": "Pächter",
        "access": "public",
        "fee": "unknown",
        "payment_method": null,
        "opening_hours": "bei Öffnung des Restaurants",
        "wheelchair": "no",
        "changing_table": "no",
        "toilet_type": "building",
        "gender_access": "unknown",
        "indoor": "yes",
        "covered": "unknown",
        "drinking_water": "unknown",
        "supervised": "unknown",
        "maintenance_status": "operational",
        "source": "berlin_open_data_wfs",
        "source_id": "6099",
        "source_url": "https://daten.berlin.de/datensaetze/offentliche-toiletten-wfs-ad2c0c24",
        "source_timestamp": "2025-07-17",
        "download_date": "2026-05-31",
        "license": "dl-de-zero-2.0",
        "last_verified": "2026-05-31",
        "berlin_feature_id": "toiletten.6099",
        "berlin_bezirk": "Mitte",
        "berlin_vertrag": "Privat betriebene öffentliche Toiletten",
        "berlin_modelltyp": "WC im Gebäude",
        "berlin_symbol": "WC",
        "berlin_nutzungsentgelt_raw": null,
        "berlin_zahlungsart": null,
        "berlin_barrierefrei_raw": "nein",
        "berlin_barrierearm_raw": "nein",
        "berlin_wickeltisch_raw": "nein"
      }
    },
    {
      "type": "Feature",
      "geometry": {
        "type": "Point",
        "coordinates": [
          13.38785,
          52.47557004
        ]
      },
      "properties": {
        "facility_id": "atm-toilet-409",
        "name": "Tempelhofer Feld, Tempelhofer Damm, Laderampe",
        "geometry_type": "Point",
        "address": "Tempelhofer Feld, Tempelhofer Damm, Laderampe",
        "operator": "Grün Berlin GmbH",
        "access": "public",
        "fee": "no",
        "payment_method": null,
        "opening_hours": "Öffnungszeiten Tempelhofer Feld",
        "wheelchair": "yes",
        "changing_table": "yes",
        "toilet_type": "building",
        "gender_access": "unknown",
        "indoor": "yes",
        "covered": "unknown",
        "drinking_water": "unknown",
        "supervised": "unknown",
        "maintenance_status": "operational",
        "source": "berlin_open_data_wfs",
        "source_id": "6100",
        "source_url": "https://daten.berlin.de/datensaetze/offentliche-toiletten-wfs-ad2c0c24",
        "source_timestamp": "2025-07-17",
        "download_date": "2026-05-31",
        "license": "dl-de-zero-2.0",
        "last_verified": "2026-05-31",
        "berlin_feature_id": "toiletten.6100",
        "berlin_bezirk": "Tempelhof-Schöneberg",
        "berlin_vertrag": "Sonstige öffentliche Toiletten",
        "berlin_modelltyp": "WC im Gebäude",
        "berlin_symbol": "WC",
        "berlin_nutzungsentgelt_raw": 0,
        "berlin_zahlungsart": null,
        "berlin_barrierefrei_raw": "ja",
        "berlin_barrierearm_raw": "ja",
        "berlin_wickeltisch_raw": "ja"
      }
    },
    {
      "type": "Feature",
      "geometry": {
        "type": "Point",
        "coordinates": [
          13.41367,
          52.47897004
        ]
      },
      "properties": {
        "facility_id": "atm-toilet-410",
        "name": "Tempelhofer Feld, Friedhofsmauer",
        "geometry_type": "Point",
        "address": "Tempelhofer Feld, Friedhofsmauer",
        "operator": "Grün Berlin GmbH",
        "access": "public",
        "fee": "no",
        "payment_method": null,
        "opening_hours": "Öffnungszeiten Tempelhofer Feld",
        "wheelchair": "yes",
        "changing_table": "yes",
        "toilet_type": "building",
        "gender_access": "unknown",
        "indoor": "yes",
        "covered": "unknown",
        "drinking_water": "unknown",
        "supervised": "unknown",
        "maintenance_status": "operational",
        "source": "berlin_open_data_wfs",
        "source_id": "6101",
        "source_url": "https://daten.berlin.de/datensaetze/offentliche-toiletten-wfs-ad2c0c24",
        "source_timestamp": "2025-07-17",
        "download_date": "2026-05-31",
        "license": "dl-de-zero-2.0",
        "last_verified": "2026-05-31",
        "berlin_feature_id": "toiletten.6101",
        "berlin_bezirk": "Neukölln",
        "berlin_vertrag": "Sonstige öffentliche Toiletten",
        "berlin_modelltyp": "WC im Gebäude",
        "berlin_symbol": "WC",
        "berlin_nutzungsentgelt_raw": 0,
        "berlin_zahlungsart": null,
        "berlin_barrierefrei_raw": "ja",
        "berlin_barrierearm_raw": "ja",
        "berlin_wickeltisch_raw": "ja"
      }
    },
    {
      "type": "Feature",
      "geometry": {
        "type": "Point",
        "coordinates": [
          13.35794,
          52.45975004
        ]
      },
      "properties": {
        "facility_id": "atm-toilet-411",
        "name": "Natur Park Südgelände",
        "geometry_type": "Point",
        "address": "Natur Park Südgelände",
        "operator": "Grün Berlin GmbH",
        "access": "public",
        "fee": "yes",
        "payment_method": "Bargeld",
        "opening_hours": "Öffnungszeiten des Parks",
        "wheelchair": "limited",
        "changing_table": "yes",
        "toilet_type": "portable",
        "gender_access": "unknown",
        "indoor": "no",
        "covered": "unknown",
        "drinking_water": "unknown",
        "supervised": "unknown",
        "maintenance_status": "operational",
        "source": "berlin_open_data_wfs",
        "source_id": "6102",
        "source_url": "https://daten.berlin.de/datensaetze/offentliche-toiletten-wfs-ad2c0c24",
        "source_timestamp": "2025-07-17",
        "download_date": "2026-05-31",
        "license": "dl-de-zero-2.0",
        "last_verified": "2026-05-31",
        "berlin_feature_id": "toiletten.6102",
        "berlin_bezirk": "Tempelhof-Schöneberg",
        "berlin_vertrag": "Sonstige öffentliche Toiletten",
        "berlin_modelltyp": "Sanitärcontainer",
        "berlin_symbol": "WC",
        "berlin_nutzungsentgelt_raw": 1,
        "berlin_zahlungsart": "Bargeld",
        "berlin_barrierefrei_raw": "nein",
        "berlin_barrierearm_raw": "ja",
        "berlin_wickeltisch_raw": "ja"
      }
    },
    {
      "type": "Feature",
      "geometry": {
        "type": "Point",
        "coordinates": [
          13.493867,
          52.48483504
        ]
      },
      "properties": {
        "facility_id": "atm-toilet-412",
        "name": "Am Eierhäuschen",
        "geometry_type": "Point",
        "address": "Am Eierhäuschen",
        "operator": "Grün Berlin GmbH",
        "access": "public",
        "fee": "no",
        "payment_method": null,
        "opening_hours": "Öffnungszeiten Biergarten",
        "wheelchair": "no",
        "changing_table": "no",
        "toilet_type": "portable",
        "gender_access": "unknown",
        "indoor": "no",
        "covered": "unknown",
        "drinking_water": "unknown",
        "supervised": "unknown",
        "maintenance_status": "operational",
        "source": "berlin_open_data_wfs",
        "source_id": "6103",
        "source_url": "https://daten.berlin.de/datensaetze/offentliche-toiletten-wfs-ad2c0c24",
        "source_timestamp": "2025-07-17",
        "download_date": "2026-05-31",
        "license": "dl-de-zero-2.0",
        "last_verified": "2026-05-31",
        "berlin_feature_id": "toiletten.6103",
        "berlin_bezirk": "Treptow-Köpenick",
        "berlin_vertrag": "Sonstige öffentliche Toiletten",
        "berlin_modelltyp": "Sanitärcontainer",
        "berlin_symbol": "WC",
        "berlin_nutzungsentgelt_raw": 0,
        "berlin_zahlungsart": null,
        "berlin_barrierefrei_raw": "nein",
        "berlin_barrierearm_raw": "nein",
        "berlin_wickeltisch_raw": "nein"
      }
    },
    {
      "type": "Feature",
      "geometry": {
        "type": "Point",
        "coordinates": [
          13.5256682,
          52.50835871
        ]
      },
      "properties": {
        "facility_id": "atm-toilet-413",
        "name": "Bezirksamt Lichtenberg, Alt-Friedrichsfelde 60",
        "geometry_type": "Point",
        "address": "Bezirksamt Lichtenberg, Alt-Friedrichsfelde 60",
        "operator": "Bezirk",
        "access": "public",
        "fee": "no",
        "payment_method": null,
        "opening_hours": "Mo-Fr: 8-18 Uhr",
        "wheelchair": "yes",
        "changing_table": "no",
        "toilet_type": "unknown",
        "gender_access": "unknown",
        "indoor": "unknown",
        "covered": "unknown",
        "drinking_water": "unknown",
        "supervised": "unknown",
        "maintenance_status": "operational",
        "source": "berlin_open_data_wfs",
        "source_id": "6104",
        "source_url": "https://daten.berlin.de/datensaetze/offentliche-toiletten-wfs-ad2c0c24",
        "source_timestamp": "2025-07-17",
        "download_date": "2026-05-31",
        "license": "dl-de-zero-2.0",
        "last_verified": "2026-05-31",
        "berlin_feature_id": "toiletten.6104",
        "berlin_bezirk": "Lichtenberg",
        "berlin_vertrag": "Sonstige öffentliche Toiletten",
        "berlin_modelltyp": "Bürgeramt",
        "berlin_symbol": "WC",
        "berlin_nutzungsentgelt_raw": 0,
        "berlin_zahlungsart": null,
        "berlin_barrierefrei_raw": "ja",
        "berlin_barrierearm_raw": "nein",
        "berlin_wickeltisch_raw": "nein"
      }
    },
    {
      "type": "Feature",
      "geometry": {
        "type": "Point",
        "coordinates": [
          13.47978731,
          52.51593732
        ]
      },
      "properties": {
        "facility_id": "atm-toilet-414",
        "name": "Rathaus Lichtenberg",
        "geometry_type": "Point",
        "address": "Rathaus Lichtenberg",
        "operator": "Bezirk",
        "access": "public",
        "fee": "no",
        "payment_method": null,
        "opening_hours": "Mo-Fr 06:30-21:30 Uhr",
        "wheelchair": "yes",
        "changing_table": "no",
        "toilet_type": "unknown",
        "gender_access": "unknown",
        "indoor": "unknown",
        "covered": "unknown",
        "drinking_water": "unknown",
        "supervised": "unknown",
        "maintenance_status": "operational",
        "source": "berlin_open_data_wfs",
        "source_id": "6105",
        "source_url": "https://daten.berlin.de/datensaetze/offentliche-toiletten-wfs-ad2c0c24",
        "source_timestamp": "2025-07-17",
        "download_date": "2026-05-31",
        "license": "dl-de-zero-2.0",
        "last_verified": "2026-05-31",
        "berlin_feature_id": "toiletten.6105",
        "berlin_bezirk": "Lichtenberg",
        "berlin_vertrag": "Sonstige öffentliche Toiletten",
        "berlin_modelltyp": "Bürgeramt",
        "berlin_symbol": "WC",
        "berlin_nutzungsentgelt_raw": 0,
        "berlin_zahlungsart": null,
        "berlin_barrierefrei_raw": "ja",
        "berlin_barrierearm_raw": "nein",
        "berlin_wickeltisch_raw": "nein"
      }
    },
    {
      "type": "Feature",
      "geometry": {
        "type": "Point",
        "coordinates": [
          13.47055423,
          52.53061348
        ]
      },
      "properties": {
        "facility_id": "atm-toilet-415",
        "name": "Anton-Saefkow-Bibliothek",
        "geometry_type": "Point",
        "address": "Anton-Saefkow-Bibliothek",
        "operator": "Bezirk",
        "access": "public",
        "fee": "no",
        "payment_method": null,
        "opening_hours": "Mo-Di: 9-19 Uhr\nMi: 13-19 Uhr\nDo-Sa: 9-18 Uhe",
        "wheelchair": "yes",
        "changing_table": "no",
        "toilet_type": "building",
        "gender_access": "unknown",
        "indoor": "yes",
        "covered": "unknown",
        "drinking_water": "unknown",
        "supervised": "unknown",
        "maintenance_status": "operational",
        "source": "berlin_open_data_wfs",
        "source_id": "6106",
        "source_url": "https://daten.berlin.de/datensaetze/offentliche-toiletten-wfs-ad2c0c24",
        "source_timestamp": "2025-07-17",
        "download_date": "2026-05-31",
        "license": "dl-de-zero-2.0",
        "last_verified": "2026-05-31",
        "berlin_feature_id": "toiletten.6106",
        "berlin_bezirk": "Lichtenberg",
        "berlin_vertrag": "Sonstige öffentliche Toiletten",
        "berlin_modelltyp": "Bibliothek",
        "berlin_symbol": "WC",
        "berlin_nutzungsentgelt_raw": 0,
        "berlin_zahlungsart": null,
        "berlin_barrierefrei_raw": "ja",
        "berlin_barrierearm_raw": "nein",
        "berlin_wickeltisch_raw": "nein"
      }
    },
    {
      "type": "Feature",
      "geometry": {
        "type": "Point",
        "coordinates": [
          13.49987286,
          52.54512618
        ]
      },
      "properties": {
        "facility_id": "atm-toilet-416",
        "name": "Bezirksamt Lichtenberg, Große-Leege-Straße 103",
        "geometry_type": "Point",
        "address": "Bezirksamt Lichtenberg, Große-Leege-Straße 103",
        "operator": "Bezirk",
        "access": "public",
        "fee": "no",
        "payment_method": null,
        "opening_hours": "Mo-Fr: 8-18 Uhr",
        "wheelchair": "yes",
        "changing_table": "no",
        "toilet_type": "unknown",
        "gender_access": "unknown",
        "indoor": "unknown",
        "covered": "unknown",
        "drinking_water": "unknown",
        "supervised": "unknown",
        "maintenance_status": "operational",
        "source": "berlin_open_data_wfs",
        "source_id": "6107",
        "source_url": "https://daten.berlin.de/datensaetze/offentliche-toiletten-wfs-ad2c0c24",
        "source_timestamp": "2025-07-17",
        "download_date": "2026-05-31",
        "license": "dl-de-zero-2.0",
        "last_verified": "2026-05-31",
        "berlin_feature_id": "toiletten.6107",
        "berlin_bezirk": "Lichtenberg",
        "berlin_vertrag": "Sonstige öffentliche Toiletten",
        "berlin_modelltyp": "Bürgeramt",
        "berlin_symbol": "WC",
        "berlin_nutzungsentgelt_raw": 0,
        "berlin_zahlungsart": null,
        "berlin_barrierefrei_raw": "ja",
        "berlin_barrierearm_raw": "nein",
        "berlin_wickeltisch_raw": "nein"
      }
    },
    {
      "type": "Feature",
      "geometry": {
        "type": "Point",
        "coordinates": [
          13.4351741,
          52.48150057
        ]
      },
      "properties": {
        "facility_id": "atm-toilet-417",
        "name": "Rathaus Neukölln, Karl-Marx-Straße 83",
        "geometry_type": "Point",
        "address": "Rathaus Neukölln, Karl-Marx-Straße 83",
        "operator": "Bezirk",
        "access": "public",
        "fee": "no",
        "payment_method": null,
        "opening_hours": "6-20 Uhr",
        "wheelchair": "yes",
        "changing_table": "yes",
        "toilet_type": "unknown",
        "gender_access": "unknown",
        "indoor": "unknown",
        "covered": "unknown",
        "drinking_water": "unknown",
        "supervised": "unknown",
        "maintenance_status": "operational",
        "source": "berlin_open_data_wfs",
        "source_id": "6108",
        "source_url": "https://daten.berlin.de/datensaetze/offentliche-toiletten-wfs-ad2c0c24",
        "source_timestamp": "2025-07-17",
        "download_date": "2026-05-31",
        "license": "dl-de-zero-2.0",
        "last_verified": "2026-05-31",
        "berlin_feature_id": "toiletten.6108",
        "berlin_bezirk": "Neukölln",
        "berlin_vertrag": "Sonstige öffentliche Toiletten",
        "berlin_modelltyp": "öffentliches Gebäude",
        "berlin_symbol": "WC",
        "berlin_nutzungsentgelt_raw": 0,
        "berlin_zahlungsart": null,
        "berlin_barrierefrei_raw": "ja",
        "berlin_barrierearm_raw": "ja",
        "berlin_wickeltisch_raw": "ja"
      }
    },
    {
      "type": "Feature",
      "geometry": {
        "type": "Point",
        "coordinates": [
          13.42666207,
          52.4798782
        ]
      },
      "properties": {
        "facility_id": "atm-toilet-418",
        "name": "Volkshochschule Neukölln, Boddinstraße 34",
        "geometry_type": "Point",
        "address": "Volkshochschule Neukölln, Boddinstraße 34",
        "operator": "Bezirk",
        "access": "public",
        "fee": "no",
        "payment_method": null,
        "opening_hours": "6-20 Uhr",
        "wheelchair": "limited",
        "changing_table": "yes",
        "toilet_type": "unknown",
        "gender_access": "unknown",
        "indoor": "unknown",
        "covered": "unknown",
        "drinking_water": "unknown",
        "supervised": "unknown",
        "maintenance_status": "operational",
        "source": "berlin_open_data_wfs",
        "source_id": "6109",
        "source_url": "https://daten.berlin.de/datensaetze/offentliche-toiletten-wfs-ad2c0c24",
        "source_timestamp": "2025-07-17",
        "download_date": "2026-05-31",
        "license": "dl-de-zero-2.0",
        "last_verified": "2026-05-31",
        "berlin_feature_id": "toiletten.6109",
        "berlin_bezirk": "Neukölln",
        "berlin_vertrag": "Sonstige öffentliche Toiletten",
        "berlin_modelltyp": "öffentliches Gebäude",
        "berlin_symbol": "WC",
        "berlin_nutzungsentgelt_raw": 0,
        "berlin_zahlungsart": null,
        "berlin_barrierefrei_raw": "nein",
        "berlin_barrierearm_raw": "ja",
        "berlin_wickeltisch_raw": "ja"
      }
    },
    {
      "type": "Feature",
      "geometry": {
        "type": "Point",
        "coordinates": [
          13.32424614,
          52.58902824
        ]
      },
      "properties": {
        "facility_id": "atm-toilet-419",
        "name": "Rathaus Reinickendorf, Erdgeschoss, Eichborndamm 215, 13437 Berlin",
        "geometry_type": "Point",
        "address": "Rathaus Reinickendorf, Erdgeschoss, Eichborndamm 215, 13437 Berlin",
        "operator": "Bezirk",
        "access": "public",
        "fee": "no",
        "payment_method": null,
        "opening_hours": "Mo-Fr: 8-18 Uhr",
        "wheelchair": "limited",
        "changing_table": "no",
        "toilet_type": "building",
        "gender_access": "unknown",
        "indoor": "yes",
        "covered": "unknown",
        "drinking_water": "unknown",
        "supervised": "unknown",
        "maintenance_status": "operational",
        "source": "berlin_open_data_wfs",
        "source_id": "6110",
        "source_url": "https://daten.berlin.de/datensaetze/offentliche-toiletten-wfs-ad2c0c24",
        "source_timestamp": "2025-07-17",
        "download_date": "2026-05-31",
        "license": "dl-de-zero-2.0",
        "last_verified": "2026-05-31",
        "berlin_feature_id": "toiletten.6110",
        "berlin_bezirk": "Reinickendorf",
        "berlin_vertrag": "Sonstige öffentliche Toiletten",
        "berlin_modelltyp": "WC im Gebäude",
        "berlin_symbol": "WC",
        "berlin_nutzungsentgelt_raw": 0,
        "berlin_zahlungsart": null,
        "berlin_barrierefrei_raw": "nein",
        "berlin_barrierearm_raw": "ja",
        "berlin_wickeltisch_raw": "nein"
      }
    },
    {
      "type": "Feature",
      "geometry": {
        "type": "Point",
        "coordinates": [
          13.48087209,
          52.50302699
        ]
      },
      "properties": {
        "facility_id": "atm-toilet-420",
        "name": "Museum Lichtenberg, Türrschmidtstraße 24",
        "geometry_type": "Point",
        "address": "Museum Lichtenberg, Türrschmidtstraße 24",
        "operator": "Bezirk",
        "access": "public",
        "fee": "no",
        "payment_method": null,
        "opening_hours": "Di-So: 11-18 Uhr",
        "wheelchair": "no",
        "changing_table": "no",
        "toilet_type": "unknown",
        "gender_access": "unknown",
        "indoor": "unknown",
        "covered": "unknown",
        "drinking_water": "unknown",
        "supervised": "unknown",
        "maintenance_status": "operational",
        "source": "berlin_open_data_wfs",
        "source_id": "6111",
        "source_url": "https://daten.berlin.de/datensaetze/offentliche-toiletten-wfs-ad2c0c24",
        "source_timestamp": "2025-07-17",
        "download_date": "2026-05-31",
        "license": "dl-de-zero-2.0",
        "last_verified": "2026-05-31",
        "berlin_feature_id": "toiletten.6111",
        "berlin_bezirk": "Lichtenberg",
        "berlin_vertrag": "Sonstige öffentliche Toiletten",
        "berlin_modelltyp": "Museum",
        "berlin_symbol": "WC",
        "berlin_nutzungsentgelt_raw": 0,
        "berlin_zahlungsart": null,
        "berlin_barrierefrei_raw": "nein",
        "berlin_barrierearm_raw": "nein",
        "berlin_wickeltisch_raw": "nein"
      }
    },
    {
      "type": "Feature",
      "geometry": {
        "type": "Point",
        "coordinates": [
          13.57820026,
          52.44094949
        ]
      },
      "properties": {
        "facility_id": "atm-toilet-421",
        "name": "Dienstgebäude Luisenstraße 16",
        "geometry_type": "Point",
        "address": "Dienstgebäude Luisenstraße 16",
        "operator": "Bezirk",
        "access": "public",
        "fee": "no",
        "payment_method": null,
        "opening_hours": "Mo-Do 6-18 Uhr, Fr-7-15 Uhr",
        "wheelchair": "no",
        "changing_table": "yes",
        "toilet_type": "unknown",
        "gender_access": "unknown",
        "indoor": "unknown",
        "covered": "unknown",
        "drinking_water": "unknown",
        "supervised": "unknown",
        "maintenance_status": "operational",
        "source": "berlin_open_data_wfs",
        "source_id": "6112",
        "source_url": "https://daten.berlin.de/datensaetze/offentliche-toiletten-wfs-ad2c0c24",
        "source_timestamp": "2025-07-17",
        "download_date": "2026-05-31",
        "license": "dl-de-zero-2.0",
        "last_verified": "2026-05-31",
        "berlin_feature_id": "toiletten.6112",
        "berlin_bezirk": "Treptow-Köpenick",
        "berlin_vertrag": "Sonstige öffentliche Toiletten",
        "berlin_modelltyp": "öffentliches Gebäude",
        "berlin_symbol": "WC",
        "berlin_nutzungsentgelt_raw": 0,
        "berlin_zahlungsart": null,
        "berlin_barrierefrei_raw": "nein",
        "berlin_barrierearm_raw": "nein",
        "berlin_wickeltisch_raw": "ja"
      }
    },
    {
      "type": "Feature",
      "geometry": {
        "type": "Point",
        "coordinates": [
          13.5789838,
          52.44410142
        ]
      },
      "properties": {
        "facility_id": "atm-toilet-422",
        "name": "Dienstgebäude Amtsstraße 1",
        "geometry_type": "Point",
        "address": "Dienstgebäude Amtsstraße 1",
        "operator": "Bezirk",
        "access": "public",
        "fee": "no",
        "payment_method": null,
        "opening_hours": "Mo-Do 6-16 Uhr, Fr-7-15 Uhr",
        "wheelchair": "no",
        "changing_table": "no",
        "toilet_type": "unknown",
        "gender_access": "unknown",
        "indoor": "unknown",
        "covered": "unknown",
        "drinking_water": "unknown",
        "supervised": "unknown",
        "maintenance_status": "operational",
        "source": "berlin_open_data_wfs",
        "source_id": "6113",
        "source_url": "https://daten.berlin.de/datensaetze/offentliche-toiletten-wfs-ad2c0c24",
        "source_timestamp": "2025-07-17",
        "download_date": "2026-05-31",
        "license": "dl-de-zero-2.0",
        "last_verified": "2026-05-31",
        "berlin_feature_id": "toiletten.6113",
        "berlin_bezirk": "Treptow-Köpenick",
        "berlin_vertrag": "Sonstige öffentliche Toiletten",
        "berlin_modelltyp": "öffentliches Gebäude",
        "berlin_symbol": "WC",
        "berlin_nutzungsentgelt_raw": 0,
        "berlin_zahlungsart": null,
        "berlin_barrierefrei_raw": "nein",
        "berlin_barrierearm_raw": "nein",
        "berlin_wickeltisch_raw": "nein"
      }
    },
    {
      "type": "Feature",
      "geometry": {
        "type": "Point",
        "coordinates": [
          13.38126945,
          52.51660923
        ]
      },
      "properties": {
        "facility_id": "atm-toilet-423",
        "name": "S+U Brandenburger Tor | Unter den Linden 56",
        "geometry_type": "Point",
        "address": "S+U Brandenburger Tor | Unter den Linden 56",
        "operator": "Wall GmbH",
        "access": "public",
        "fee": "yes",
        "payment_method": null,
        "opening_hours": "24h",
        "wheelchair": "no",
        "changing_table": "no",
        "toilet_type": "unknown",
        "gender_access": "unknown",
        "indoor": "unknown",
        "covered": "unknown",
        "drinking_water": "unknown",
        "supervised": "unknown",
        "maintenance_status": "operational",
        "source": "berlin_open_data_wfs",
        "source_id": "6178",
        "source_url": "https://daten.berlin.de/datensaetze/offentliche-toiletten-wfs-ad2c0c24",
        "source_timestamp": "2025-07-17",
        "download_date": "2026-05-31",
        "license": "dl-de-zero-2.0",
        "last_verified": "2026-05-31",
        "berlin_feature_id": "toiletten.6178",
        "berlin_bezirk": "Mitte",
        "berlin_vertrag": "Sonstige öffentliche Toiletten",
        "berlin_modelltyp": "automatisches WC",
        "berlin_symbol": "WC",
        "berlin_nutzungsentgelt_raw": 0.5,
        "berlin_zahlungsart": null,
        "berlin_barrierefrei_raw": "nein",
        "berlin_barrierearm_raw": "nein",
        "berlin_wickeltisch_raw": "nein"
      }
    },
    {
      "type": "Feature",
      "geometry": {
        "type": "Point",
        "coordinates": [
          13.278231,
          52.50188304
        ]
      },
      "properties": {
        "facility_id": "atm-toilet-424",
        "name": "Messedamm, Avus Raststätte",
        "geometry_type": "Point",
        "address": "Messedamm, Avus Raststätte",
        "operator": "Wall GmbH",
        "access": "public",
        "fee": "yes",
        "payment_method": null,
        "opening_hours": "24h",
        "wheelchair": "no",
        "changing_table": "no",
        "toilet_type": "building",
        "gender_access": "unknown",
        "indoor": "yes",
        "covered": "unknown",
        "drinking_water": "unknown",
        "supervised": "unknown",
        "maintenance_status": "operational",
        "source": "berlin_open_data_wfs",
        "source_id": "6210",
        "source_url": "https://daten.berlin.de/datensaetze/offentliche-toiletten-wfs-ad2c0c24",
        "source_timestamp": "2025-07-17",
        "download_date": "2026-05-31",
        "license": "dl-de-zero-2.0",
        "last_verified": "2026-05-31",
        "berlin_feature_id": "toiletten.6210",
        "berlin_bezirk": "Charlottenburg-Wilmersdorf",
        "berlin_vertrag": "Privat betriebene öffentliche Toiletten",
        "berlin_modelltyp": "WC im Gebäude",
        "berlin_symbol": "WC",
        "berlin_nutzungsentgelt_raw": 1,
        "berlin_zahlungsart": null,
        "berlin_barrierefrei_raw": "nein",
        "berlin_barrierearm_raw": "nein",
        "berlin_wickeltisch_raw": "nein"
      }
    },
    {
      "type": "Feature",
      "geometry": {
        "type": "Point",
        "coordinates": [
          13.422913,
          52.51726804
        ]
      },
      "properties": {
        "facility_id": "atm-toilet-425",
        "name": "Singer Straße (Plansche)",
        "geometry_type": "Point",
        "address": "Singer Straße (Plansche)",
        "operator": "Bezirk",
        "access": "public",
        "fee": "no",
        "payment_method": null,
        "opening_hours": "24h",
        "wheelchair": "yes",
        "changing_table": "yes",
        "toilet_type": "standalone",
        "gender_access": "unknown",
        "indoor": "no",
        "covered": "unknown",
        "drinking_water": "unknown",
        "supervised": "unknown",
        "maintenance_status": "operational",
        "source": "berlin_open_data_wfs",
        "source_id": "6217",
        "source_url": "https://daten.berlin.de/datensaetze/offentliche-toiletten-wfs-ad2c0c24",
        "source_timestamp": "2025-07-17",
        "download_date": "2026-05-31",
        "license": "dl-de-zero-2.0",
        "last_verified": "2026-05-31",
        "berlin_feature_id": "toiletten.6217",
        "berlin_bezirk": "Mitte",
        "berlin_vertrag": "Sonstige öffentliche Toiletten",
        "berlin_modelltyp": "EcoToilette Autark+Modular",
        "berlin_symbol": "WC",
        "berlin_nutzungsentgelt_raw": 0,
        "berlin_zahlungsart": null,
        "berlin_barrierefrei_raw": "ja",
        "berlin_barrierearm_raw": "ja",
        "berlin_wickeltisch_raw": "ja"
      }
    },
    {
      "type": "Feature",
      "geometry": {
        "type": "Point",
        "coordinates": [
          13.427038,
          52.52078304
        ]
      },
      "properties": {
        "facility_id": "atm-toilet-426",
        "name": "Weydemeyerstraße (Palnsche)",
        "geometry_type": "Point",
        "address": "Weydemeyerstraße (Palnsche)",
        "operator": "Bezirk",
        "access": "public",
        "fee": "no",
        "payment_method": null,
        "opening_hours": "24h",
        "wheelchair": "yes",
        "changing_table": "yes",
        "toilet_type": "standalone",
        "gender_access": "unknown",
        "indoor": "no",
        "covered": "unknown",
        "drinking_water": "unknown",
        "supervised": "unknown",
        "maintenance_status": "operational",
        "source": "berlin_open_data_wfs",
        "source_id": "6218",
        "source_url": "https://daten.berlin.de/datensaetze/offentliche-toiletten-wfs-ad2c0c24",
        "source_timestamp": "2025-07-17",
        "download_date": "2026-05-31",
        "license": "dl-de-zero-2.0",
        "last_verified": "2026-05-31",
        "berlin_feature_id": "toiletten.6218",
        "berlin_bezirk": "Mitte",
        "berlin_vertrag": "Sonstige öffentliche Toiletten",
        "berlin_modelltyp": "EcoToilette Autark+Modular",
        "berlin_symbol": "WC",
        "berlin_nutzungsentgelt_raw": 0,
        "berlin_zahlungsart": null,
        "berlin_barrierefrei_raw": "ja",
        "berlin_barrierearm_raw": "ja",
        "berlin_wickeltisch_raw": "ja"
      }
    },
    {
      "type": "Feature",
      "geometry": {
        "type": "Point",
        "coordinates": [
          13.30876,
          52.51704004
        ]
      },
      "properties": {
        "facility_id": "atm-toilet-427",
        "name": "Heinrich-Schulz-Bibliothek, Otto-Suhr-Allee 98",
        "geometry_type": "Point",
        "address": "Heinrich-Schulz-Bibliothek, Otto-Suhr-Allee 98",
        "operator": "Bezirk",
        "access": "public",
        "fee": "no",
        "payment_method": null,
        "opening_hours": null,
        "wheelchair": "yes",
        "changing_table": "no",
        "toilet_type": "building",
        "gender_access": "unknown",
        "indoor": "yes",
        "covered": "unknown",
        "drinking_water": "unknown",
        "supervised": "unknown",
        "maintenance_status": "operational",
        "source": "berlin_open_data_wfs",
        "source_id": "6303",
        "source_url": "https://daten.berlin.de/datensaetze/offentliche-toiletten-wfs-ad2c0c24",
        "source_timestamp": "2025-07-17",
        "download_date": "2026-05-31",
        "license": "dl-de-zero-2.0",
        "last_verified": "2026-05-31",
        "berlin_feature_id": "toiletten.6303",
        "berlin_bezirk": "Charlottenburg-Wilmersdorf",
        "berlin_vertrag": "Sonstige öffentliche Toiletten",
        "berlin_modelltyp": "Bibliothek",
        "berlin_symbol": "WC",
        "berlin_nutzungsentgelt_raw": 0,
        "berlin_zahlungsart": null,
        "berlin_barrierefrei_raw": "ja",
        "berlin_barrierearm_raw": "nein",
        "berlin_wickeltisch_raw": "nein"
      }
    },
    {
      "type": "Feature",
      "geometry": {
        "type": "Point",
        "coordinates": [
          13.39244569,
          52.49653335
        ]
      },
      "properties": {
        "facility_id": "atm-toilet-428",
        "name": "ZLB / Amerika Gedenkbibliothek, Blücherplatz 1",
        "geometry_type": "Point",
        "address": "ZLB / Amerika Gedenkbibliothek, Blücherplatz 1",
        "operator": "Bezirk",
        "access": "public",
        "fee": "no",
        "payment_method": null,
        "opening_hours": "Mo-Fr: 10-21 Uhr\nSa: 10-19 Uhr\nSo: 11-17 Uhr",
        "wheelchair": "yes",
        "changing_table": "no",
        "toilet_type": "building",
        "gender_access": "unknown",
        "indoor": "yes",
        "covered": "unknown",
        "drinking_water": "unknown",
        "supervised": "unknown",
        "maintenance_status": "operational",
        "source": "berlin_open_data_wfs",
        "source_id": "6309",
        "source_url": "https://daten.berlin.de/datensaetze/offentliche-toiletten-wfs-ad2c0c24",
        "source_timestamp": "2025-07-17",
        "download_date": "2026-05-31",
        "license": "dl-de-zero-2.0",
        "last_verified": "2026-05-31",
        "berlin_feature_id": "toiletten.6309",
        "berlin_bezirk": "Friedrichshain-Kreuzberg",
        "berlin_vertrag": "Sonstige öffentliche Toiletten",
        "berlin_modelltyp": "Bibliothek",
        "berlin_symbol": "WC",
        "berlin_nutzungsentgelt_raw": 0,
        "berlin_zahlungsart": null,
        "berlin_barrierefrei_raw": "ja",
        "berlin_barrierearm_raw": "ja",
        "berlin_wickeltisch_raw": "nein"
      }
    },
    {
      "type": "Feature",
      "geometry": {
        "type": "Point",
        "coordinates": [
          13.4571624,
          52.51458397
        ]
      },
      "properties": {
        "facility_id": "atm-toilet-429",
        "name": "Bezirkszentralbibliothek Pablo Neruda, Frankfurter Allee 14a",
        "geometry_type": "Point",
        "address": "Bezirkszentralbibliothek Pablo Neruda, Frankfurter Allee 14a",
        "operator": "Bezirk",
        "access": "public",
        "fee": "no",
        "payment_method": null,
        "opening_hours": "Mo-Sa: 10-19 Uhr",
        "wheelchair": "yes",
        "changing_table": "no",
        "toilet_type": "building",
        "gender_access": "unknown",
        "indoor": "yes",
        "covered": "unknown",
        "drinking_water": "unknown",
        "supervised": "unknown",
        "maintenance_status": "operational",
        "source": "berlin_open_data_wfs",
        "source_id": "6310",
        "source_url": "https://daten.berlin.de/datensaetze/offentliche-toiletten-wfs-ad2c0c24",
        "source_timestamp": "2025-07-17",
        "download_date": "2026-05-31",
        "license": "dl-de-zero-2.0",
        "last_verified": "2026-05-31",
        "berlin_feature_id": "toiletten.6310",
        "berlin_bezirk": "Friedrichshain-Kreuzberg",
        "berlin_vertrag": "Sonstige öffentliche Toiletten",
        "berlin_modelltyp": "Bibliothek",
        "berlin_symbol": "WC",
        "berlin_nutzungsentgelt_raw": 0,
        "berlin_zahlungsart": null,
        "berlin_barrierefrei_raw": "ja",
        "berlin_barrierearm_raw": "nein",
        "berlin_wickeltisch_raw": "nein"
      }
    },
    {
      "type": "Feature",
      "geometry": {
        "type": "Point",
        "coordinates": [
          13.39328135,
          52.49674218
        ]
      },
      "properties": {
        "facility_id": "atm-toilet-430",
        "name": "Kinder- und Jugendbibliothek, Blücherplatz 1",
        "geometry_type": "Point",
        "address": "Kinder- und Jugendbibliothek, Blücherplatz 1",
        "operator": "Bezirk",
        "access": "public",
        "fee": "no",
        "payment_method": null,
        "opening_hours": "Mo-Fr: 13-19 Uhr,\nSa: 10-19 Uhr\nSo: 11-17 Uhr",
        "wheelchair": "yes",
        "changing_table": "no",
        "toilet_type": "building",
        "gender_access": "unknown",
        "indoor": "yes",
        "covered": "unknown",
        "drinking_water": "unknown",
        "supervised": "unknown",
        "maintenance_status": "operational",
        "source": "berlin_open_data_wfs",
        "source_id": "6311",
        "source_url": "https://daten.berlin.de/datensaetze/offentliche-toiletten-wfs-ad2c0c24",
        "source_timestamp": "2025-07-17",
        "download_date": "2026-05-31",
        "license": "dl-de-zero-2.0",
        "last_verified": "2026-05-31",
        "berlin_feature_id": "toiletten.6311",
        "berlin_bezirk": "Friedrichshain-Kreuzberg",
        "berlin_vertrag": "Sonstige öffentliche Toiletten",
        "berlin_modelltyp": "Bibliothek",
        "berlin_symbol": "WC",
        "berlin_nutzungsentgelt_raw": 0,
        "berlin_zahlungsart": null,
        "berlin_barrierefrei_raw": "ja",
        "berlin_barrierearm_raw": "nein",
        "berlin_wickeltisch_raw": "nein"
      }
    },
    {
      "type": "Feature",
      "geometry": {
        "type": "Point",
        "coordinates": [
          13.41862669,
          52.49997088
        ]
      },
      "properties": {
        "facility_id": "atm-toilet-431",
        "name": "Wilhelm-Liebknecht-/Namik-Kemal-Bibliothek, Adalbertstraße 2",
        "geometry_type": "Point",
        "address": "Wilhelm-Liebknecht-/Namik-Kemal-Bibliothek, Adalbertstraße 2",
        "operator": "Bezirk",
        "access": "public",
        "fee": "no",
        "payment_method": null,
        "opening_hours": "Mo-Sa: 10-19 Uhr",
        "wheelchair": "yes",
        "changing_table": "no",
        "toilet_type": "building",
        "gender_access": "unknown",
        "indoor": "yes",
        "covered": "unknown",
        "drinking_water": "unknown",
        "supervised": "unknown",
        "maintenance_status": "operational",
        "source": "berlin_open_data_wfs",
        "source_id": "6312",
        "source_url": "https://daten.berlin.de/datensaetze/offentliche-toiletten-wfs-ad2c0c24",
        "source_timestamp": "2025-07-17",
        "download_date": "2026-05-31",
        "license": "dl-de-zero-2.0",
        "last_verified": "2026-05-31",
        "berlin_feature_id": "toiletten.6312",
        "berlin_bezirk": "Friedrichshain-Kreuzberg",
        "berlin_vertrag": "Sonstige öffentliche Toiletten",
        "berlin_modelltyp": "Bibliothek",
        "berlin_symbol": "WC",
        "berlin_nutzungsentgelt_raw": 0,
        "berlin_zahlungsart": null,
        "berlin_barrierefrei_raw": "ja",
        "berlin_barrierearm_raw": "nein",
        "berlin_wickeltisch_raw": "nein"
      }
    },
    {
      "type": "Feature",
      "geometry": {
        "type": "Point",
        "coordinates": [
          13.38499167,
          52.4937003
        ]
      },
      "properties": {
        "facility_id": "atm-toilet-432",
        "name": "Bürgeramt 1, Yorckstraße 4-11",
        "geometry_type": "Point",
        "address": "Bürgeramt 1, Yorckstraße 4-11",
        "operator": "Bezirk",
        "access": "public",
        "fee": "no",
        "payment_method": null,
        "opening_hours": "Mo, Di: 08-12 Uhr, 13-18 Uhr \nMi: 8-14 Uhr \nDo: 8-15 Uhr \nFr: 8-13 Uhr\nSa: 9-13 Uhr",
        "wheelchair": "no",
        "changing_table": "no",
        "toilet_type": "unknown",
        "gender_access": "unknown",
        "indoor": "unknown",
        "covered": "unknown",
        "drinking_water": "unknown",
        "supervised": "unknown",
        "maintenance_status": "operational",
        "source": "berlin_open_data_wfs",
        "source_id": "6313",
        "source_url": "https://daten.berlin.de/datensaetze/offentliche-toiletten-wfs-ad2c0c24",
        "source_timestamp": "2025-07-17",
        "download_date": "2026-05-31",
        "license": "dl-de-zero-2.0",
        "last_verified": "2026-05-31",
        "berlin_feature_id": "toiletten.6313",
        "berlin_bezirk": "Friedrichshain-Kreuzberg",
        "berlin_vertrag": "Sonstige öffentliche Toiletten",
        "berlin_modelltyp": "Bürgeramt",
        "berlin_symbol": "WC",
        "berlin_nutzungsentgelt_raw": 0,
        "berlin_zahlungsart": null,
        "berlin_barrierefrei_raw": "nein",
        "berlin_barrierearm_raw": "nein",
        "berlin_wickeltisch_raw": "nein"
      }
    },
    {
      "type": "Feature",
      "geometry": {
        "type": "Point",
        "coordinates": [
          13.46202218,
          52.51527137
        ]
      },
      "properties": {
        "facility_id": "atm-toilet-433",
        "name": "Bürgeramt 3, Frankfurter Allee 35/37",
        "geometry_type": "Point",
        "address": "Bürgeramt 3, Frankfurter Allee 35/37",
        "operator": "Bezirk",
        "access": "public",
        "fee": "no",
        "payment_method": null,
        "opening_hours": "Mo, Di: 08-12 Uhr, 13-18 Uhr \nMi: 8-14 Uhr \nDo: 8-15 Uhr \nFr: 8-13 Uhr\nSa: 9-13 Uhr",
        "wheelchair": "no",
        "changing_table": "no",
        "toilet_type": "unknown",
        "gender_access": "unknown",
        "indoor": "unknown",
        "covered": "unknown",
        "drinking_water": "unknown",
        "supervised": "unknown",
        "maintenance_status": "operational",
        "source": "berlin_open_data_wfs",
        "source_id": "6315",
        "source_url": "https://daten.berlin.de/datensaetze/offentliche-toiletten-wfs-ad2c0c24",
        "source_timestamp": "2025-07-17",
        "download_date": "2026-05-31",
        "license": "dl-de-zero-2.0",
        "last_verified": "2026-05-31",
        "berlin_feature_id": "toiletten.6315",
        "berlin_bezirk": "Friedrichshain-Kreuzberg",
        "berlin_vertrag": "Sonstige öffentliche Toiletten",
        "berlin_modelltyp": "Bürgeramt",
        "berlin_symbol": "WC",
        "berlin_nutzungsentgelt_raw": 0,
        "berlin_zahlungsart": null,
        "berlin_barrierefrei_raw": "nein",
        "berlin_barrierearm_raw": "nein",
        "berlin_wickeltisch_raw": "nein"
      }
    },
    {
      "type": "Feature",
      "geometry": {
        "type": "Point",
        "coordinates": [
          13.5067798,
          52.56501289
        ]
      },
      "properties": {
        "facility_id": "atm-toilet-434",
        "name": "Anna-Seghers-Bibliothek, Prerower Platz 2",
        "geometry_type": "Point",
        "address": "Anna-Seghers-Bibliothek, Prerower Platz 2",
        "operator": "Bezirk",
        "access": "public",
        "fee": "no",
        "payment_method": null,
        "opening_hours": "Mo, Di: 9-19 Uhr\nMi: 13-19 Uhr\nDo-Fr: 9-18 Uhr\nSa: 9-13 Uhr",
        "wheelchair": "yes",
        "changing_table": "no",
        "toilet_type": "building",
        "gender_access": "unknown",
        "indoor": "yes",
        "covered": "unknown",
        "drinking_water": "unknown",
        "supervised": "unknown",
        "maintenance_status": "operational",
        "source": "berlin_open_data_wfs",
        "source_id": "6316",
        "source_url": "https://daten.berlin.de/datensaetze/offentliche-toiletten-wfs-ad2c0c24",
        "source_timestamp": "2025-07-17",
        "download_date": "2026-05-31",
        "license": "dl-de-zero-2.0",
        "last_verified": "2026-05-31",
        "berlin_feature_id": "toiletten.6316",
        "berlin_bezirk": "Lichtenberg",
        "berlin_vertrag": "Sonstige öffentliche Toiletten",
        "berlin_modelltyp": "Bibliothek",
        "berlin_symbol": "WC",
        "berlin_nutzungsentgelt_raw": 0,
        "berlin_zahlungsart": null,
        "berlin_barrierefrei_raw": "ja",
        "berlin_barrierearm_raw": "ja",
        "berlin_wickeltisch_raw": "nein"
      }
    },
    {
      "type": "Feature",
      "geometry": {
        "type": "Point",
        "coordinates": [
          13.52144205,
          52.4980037
        ]
      },
      "properties": {
        "facility_id": "atm-toilet-435",
        "name": "Bodo-Uhse-Bibliothek, Erich-Kurz-Straße 9",
        "geometry_type": "Point",
        "address": "Bodo-Uhse-Bibliothek, Erich-Kurz-Straße 9",
        "operator": "Bezirk",
        "access": "public",
        "fee": "no",
        "payment_method": null,
        "opening_hours": "Mo-Di: 9-19 Uhr\nMi: 13-19 Uhr\nDo-Fr: 9-18 Uhr\nSa: 9-13 Uhr",
        "wheelchair": "yes",
        "changing_table": "no",
        "toilet_type": "building",
        "gender_access": "unknown",
        "indoor": "yes",
        "covered": "unknown",
        "drinking_water": "unknown",
        "supervised": "unknown",
        "maintenance_status": "operational",
        "source": "berlin_open_data_wfs",
        "source_id": "6317",
        "source_url": "https://daten.berlin.de/datensaetze/offentliche-toiletten-wfs-ad2c0c24",
        "source_timestamp": "2025-07-17",
        "download_date": "2026-05-31",
        "license": "dl-de-zero-2.0",
        "last_verified": "2026-05-31",
        "berlin_feature_id": "toiletten.6317",
        "berlin_bezirk": "Lichtenberg",
        "berlin_vertrag": "Sonstige öffentliche Toiletten",
        "berlin_modelltyp": "Bibliothek",
        "berlin_symbol": "WC",
        "berlin_nutzungsentgelt_raw": 0,
        "berlin_zahlungsart": null,
        "berlin_barrierefrei_raw": "ja",
        "berlin_barrierearm_raw": "ja",
        "berlin_wickeltisch_raw": "nein"
      }
    },
    {
      "type": "Feature",
      "geometry": {
        "type": "Point",
        "coordinates": [
          13.48268603,
          52.51358392
        ]
      },
      "properties": {
        "facility_id": "atm-toilet-436",
        "name": "Egon-Erwin-Kisch-Bibliothek, Frankfurter Allee 149",
        "geometry_type": "Point",
        "address": "Egon-Erwin-Kisch-Bibliothek, Frankfurter Allee 149",
        "operator": "Bezirk",
        "access": "public",
        "fee": "no",
        "payment_method": null,
        "opening_hours": "Mo-Di: 9-19 Uhr\nMi: 13-19 Uhr\nDo-Fr: 9-18 Uhr\nSa: 9-13 Uhr",
        "wheelchair": "yes",
        "changing_table": "no",
        "toilet_type": "building",
        "gender_access": "unknown",
        "indoor": "yes",
        "covered": "unknown",
        "drinking_water": "unknown",
        "supervised": "unknown",
        "maintenance_status": "operational",
        "source": "berlin_open_data_wfs",
        "source_id": "6318",
        "source_url": "https://daten.berlin.de/datensaetze/offentliche-toiletten-wfs-ad2c0c24",
        "source_timestamp": "2025-07-17",
        "download_date": "2026-05-31",
        "license": "dl-de-zero-2.0",
        "last_verified": "2026-05-31",
        "berlin_feature_id": "toiletten.6318",
        "berlin_bezirk": "Lichtenberg",
        "berlin_vertrag": "Sonstige öffentliche Toiletten",
        "berlin_modelltyp": "Bibliothek",
        "berlin_symbol": "WC",
        "berlin_nutzungsentgelt_raw": 0,
        "berlin_zahlungsart": null,
        "berlin_barrierefrei_raw": "ja",
        "berlin_barrierearm_raw": "ja",
        "berlin_wickeltisch_raw": "nein"
      }
    },
    {
      "type": "Feature",
      "geometry": {
        "type": "Point",
        "coordinates": [
          13.55657339,
          52.54747368
        ]
      },
      "properties": {
        "facility_id": "atm-toilet-437",
        "name": "Bezirkszentralbibliothek Mark Twain, Marzahner Promenade 54",
        "geometry_type": "Point",
        "address": "Bezirkszentralbibliothek Mark Twain, Marzahner Promenade 54",
        "operator": "Bezirk",
        "access": "public",
        "fee": "no",
        "payment_method": null,
        "opening_hours": "Mo-Di, Do-Fr: 10-19:30 Uhr\nMi: 14-19:30 Uhr\nSa: 10-14 Uhr",
        "wheelchair": "yes",
        "changing_table": "no",
        "toilet_type": "building",
        "gender_access": "unknown",
        "indoor": "yes",
        "covered": "unknown",
        "drinking_water": "unknown",
        "supervised": "unknown",
        "maintenance_status": "operational",
        "source": "berlin_open_data_wfs",
        "source_id": "6323",
        "source_url": "https://daten.berlin.de/datensaetze/offentliche-toiletten-wfs-ad2c0c24",
        "source_timestamp": "2025-07-17",
        "download_date": "2026-05-31",
        "license": "dl-de-zero-2.0",
        "last_verified": "2026-05-31",
        "berlin_feature_id": "toiletten.6323",
        "berlin_bezirk": "Marzahn-Hellersdorf",
        "berlin_vertrag": "Sonstige öffentliche Toiletten",
        "berlin_modelltyp": "Bibliothek",
        "berlin_symbol": "WC",
        "berlin_nutzungsentgelt_raw": 0,
        "berlin_zahlungsart": null,
        "berlin_barrierefrei_raw": "ja",
        "berlin_barrierearm_raw": "ja",
        "berlin_wickeltisch_raw": "nein"
      }
    },
    {
      "type": "Feature",
      "geometry": {
        "type": "Point",
        "coordinates": [
          13.40426332,
          52.51549269
        ]
      },
      "properties": {
        "facility_id": "atm-toilet-438",
        "name": "Berliner Stadtbibliothek, Breite Straße 30-36",
        "geometry_type": "Point",
        "address": "Berliner Stadtbibliothek, Breite Straße 30-36",
        "operator": "Bezirk",
        "access": "public",
        "fee": "no",
        "payment_method": null,
        "opening_hours": "Mo-Fr 10-21 Uhr\nSa 10-19 Uhr",
        "wheelchair": "yes",
        "changing_table": "no",
        "toilet_type": "building",
        "gender_access": "unknown",
        "indoor": "yes",
        "covered": "unknown",
        "drinking_water": "unknown",
        "supervised": "unknown",
        "maintenance_status": "operational",
        "source": "berlin_open_data_wfs",
        "source_id": "6330",
        "source_url": "https://daten.berlin.de/datensaetze/offentliche-toiletten-wfs-ad2c0c24",
        "source_timestamp": "2025-07-17",
        "download_date": "2026-05-31",
        "license": "dl-de-zero-2.0",
        "last_verified": "2026-05-31",
        "berlin_feature_id": "toiletten.6330",
        "berlin_bezirk": "Mitte",
        "berlin_vertrag": "Sonstige öffentliche Toiletten",
        "berlin_modelltyp": "Bibliothek",
        "berlin_symbol": "WC",
        "berlin_nutzungsentgelt_raw": 0,
        "berlin_zahlungsart": null,
        "berlin_barrierefrei_raw": "ja",
        "berlin_barrierearm_raw": "ja",
        "berlin_wickeltisch_raw": "nein"
      }
    },
    {
      "type": "Feature",
      "geometry": {
        "type": "Point",
        "coordinates": [
          13.40065161,
          52.5317406
        ]
      },
      "properties": {
        "facility_id": "atm-toilet-439",
        "name": "Bezirkszentralbibliothek Philipp Schaeffer, Brunnenstraße 181",
        "geometry_type": "Point",
        "address": "Bezirkszentralbibliothek Philipp Schaeffer, Brunnenstraße 181",
        "operator": "Bezirk",
        "access": "public",
        "fee": "no",
        "payment_method": null,
        "opening_hours": "Mo-Fr: 10-19:30 Uhr\nSa: 10-14 Uhr",
        "wheelchair": "yes",
        "changing_table": "no",
        "toilet_type": "building",
        "gender_access": "unknown",
        "indoor": "yes",
        "covered": "unknown",
        "drinking_water": "unknown",
        "supervised": "unknown",
        "maintenance_status": "operational",
        "source": "berlin_open_data_wfs",
        "source_id": "6331",
        "source_url": "https://daten.berlin.de/datensaetze/offentliche-toiletten-wfs-ad2c0c24",
        "source_timestamp": "2025-07-17",
        "download_date": "2026-05-31",
        "license": "dl-de-zero-2.0",
        "last_verified": "2026-05-31",
        "berlin_feature_id": "toiletten.6331",
        "berlin_bezirk": "Mitte",
        "berlin_vertrag": "Sonstige öffentliche Toiletten",
        "berlin_modelltyp": "Bibliothek",
        "berlin_symbol": "WC",
        "berlin_nutzungsentgelt_raw": 0,
        "berlin_zahlungsart": null,
        "berlin_barrierefrei_raw": "ja",
        "berlin_barrierearm_raw": "ja",
        "berlin_wickeltisch_raw": "nein"
      }
    },
    {
      "type": "Feature",
      "geometry": {
        "type": "Point",
        "coordinates": [
          13.38044344,
          52.55375697
        ]
      },
      "properties": {
        "facility_id": "atm-toilet-440",
        "name": "Bibliothek am Luisenbad, Badstraße 39",
        "geometry_type": "Point",
        "address": "Bibliothek am Luisenbad, Badstraße 39",
        "operator": "Bezirk",
        "access": "public",
        "fee": "no",
        "payment_method": null,
        "opening_hours": "Mo-Fr: 10-19:30 Uhr\nSa: 10-14 Uhr",
        "wheelchair": "yes",
        "changing_table": "no",
        "toilet_type": "building",
        "gender_access": "unknown",
        "indoor": "yes",
        "covered": "unknown",
        "drinking_water": "unknown",
        "supervised": "unknown",
        "maintenance_status": "operational",
        "source": "berlin_open_data_wfs",
        "source_id": "6332",
        "source_url": "https://daten.berlin.de/datensaetze/offentliche-toiletten-wfs-ad2c0c24",
        "source_timestamp": "2025-07-17",
        "download_date": "2026-05-31",
        "license": "dl-de-zero-2.0",
        "last_verified": "2026-05-31",
        "berlin_feature_id": "toiletten.6332",
        "berlin_bezirk": "Mitte",
        "berlin_vertrag": "Sonstige öffentliche Toiletten",
        "berlin_modelltyp": "Bibliothek",
        "berlin_symbol": "WC",
        "berlin_nutzungsentgelt_raw": 0,
        "berlin_zahlungsart": null,
        "berlin_barrierefrei_raw": "ja",
        "berlin_barrierearm_raw": "ja",
        "berlin_wickeltisch_raw": "nein"
      }
    },
    {
      "type": "Feature",
      "geometry": {
        "type": "Point",
        "coordinates": [
          13.35790534,
          52.54665722
        ]
      },
      "properties": {
        "facility_id": "atm-toilet-441",
        "name": "Schiller-Bibliothek, Müllerstraße 149",
        "geometry_type": "Point",
        "address": "Schiller-Bibliothek, Müllerstraße 149",
        "operator": "Bezirk",
        "access": "public",
        "fee": "no",
        "payment_method": null,
        "opening_hours": "Mo-Fr: 10-19:30 Uhr\nSa: 10-14 Uhr\nSo: 12-18 Uhr",
        "wheelchair": "yes",
        "changing_table": "no",
        "toilet_type": "building",
        "gender_access": "unknown",
        "indoor": "yes",
        "covered": "unknown",
        "drinking_water": "unknown",
        "supervised": "unknown",
        "maintenance_status": "operational",
        "source": "berlin_open_data_wfs",
        "source_id": "6334",
        "source_url": "https://daten.berlin.de/datensaetze/offentliche-toiletten-wfs-ad2c0c24",
        "source_timestamp": "2025-07-17",
        "download_date": "2026-05-31",
        "license": "dl-de-zero-2.0",
        "last_verified": "2026-05-31",
        "berlin_feature_id": "toiletten.6334",
        "berlin_bezirk": "Mitte",
        "berlin_vertrag": "Sonstige öffentliche Toiletten",
        "berlin_modelltyp": "Bibliothek",
        "berlin_symbol": "WC",
        "berlin_nutzungsentgelt_raw": 0,
        "berlin_zahlungsart": null,
        "berlin_barrierefrei_raw": "ja",
        "berlin_barrierearm_raw": "ja",
        "berlin_wickeltisch_raw": "nein"
      }
    },
    {
      "type": "Feature",
      "geometry": {
        "type": "Point",
        "coordinates": [
          13.42032757,
          52.53313601
        ]
      },
      "properties": {
        "facility_id": "atm-toilet-442",
        "name": "Bibliothek am Wasserturm, Prenzlauer Allee 227/228",
        "geometry_type": "Point",
        "address": "Bibliothek am Wasserturm, Prenzlauer Allee 227/228",
        "operator": "Bezirk",
        "access": "public",
        "fee": "no",
        "payment_method": null,
        "opening_hours": "Mo-Sa: 8-22 Uhr",
        "wheelchair": "yes",
        "changing_table": "no",
        "toilet_type": "building",
        "gender_access": "unknown",
        "indoor": "yes",
        "covered": "unknown",
        "drinking_water": "unknown",
        "supervised": "unknown",
        "maintenance_status": "operational",
        "source": "berlin_open_data_wfs",
        "source_id": "6347",
        "source_url": "https://daten.berlin.de/datensaetze/offentliche-toiletten-wfs-ad2c0c24",
        "source_timestamp": "2025-07-17",
        "download_date": "2026-05-31",
        "license": "dl-de-zero-2.0",
        "last_verified": "2026-05-31",
        "berlin_feature_id": "toiletten.6347",
        "berlin_bezirk": "Pankow",
        "berlin_vertrag": "Sonstige öffentliche Toiletten",
        "berlin_modelltyp": "Bibliothek",
        "berlin_symbol": "WC",
        "berlin_nutzungsentgelt_raw": 0,
        "berlin_zahlungsart": null,
        "berlin_barrierefrei_raw": "ja",
        "berlin_barrierearm_raw": "ja",
        "berlin_wickeltisch_raw": "nein"
      }
    },
    {
      "type": "Feature",
      "geometry": {
        "type": "Point",
        "coordinates": [
          13.44299322,
          52.54211011
        ]
      },
      "properties": {
        "facility_id": "atm-toilet-443",
        "name": "Heinrich-Böll-Bibliothek, Greifswalder Str. 87",
        "geometry_type": "Point",
        "address": "Heinrich-Böll-Bibliothek, Greifswalder Str. 87",
        "operator": "Bezirk",
        "access": "public",
        "fee": "no",
        "payment_method": null,
        "opening_hours": "Mo-Di: 9-19 Uhr\nMi: 13-19 Uhr\nDo-Fr: 9-19 Uhr\nSa-So: 10-19 Uhr",
        "wheelchair": "yes",
        "changing_table": "no",
        "toilet_type": "building",
        "gender_access": "unknown",
        "indoor": "yes",
        "covered": "unknown",
        "drinking_water": "unknown",
        "supervised": "unknown",
        "maintenance_status": "operational",
        "source": "berlin_open_data_wfs",
        "source_id": "6350",
        "source_url": "https://daten.berlin.de/datensaetze/offentliche-toiletten-wfs-ad2c0c24",
        "source_timestamp": "2025-07-17",
        "download_date": "2026-05-31",
        "license": "dl-de-zero-2.0",
        "last_verified": "2026-05-31",
        "berlin_feature_id": "toiletten.6350",
        "berlin_bezirk": "Pankow",
        "berlin_vertrag": "Sonstige öffentliche Toiletten",
        "berlin_modelltyp": "Bibliothek",
        "berlin_symbol": "WC",
        "berlin_nutzungsentgelt_raw": 0,
        "berlin_zahlungsart": null,
        "berlin_barrierefrei_raw": "ja",
        "berlin_barrierearm_raw": "ja",
        "berlin_wickeltisch_raw": "nein"
      }
    },
    {
      "type": "Feature",
      "geometry": {
        "type": "Point",
        "coordinates": [
          13.41298889,
          52.56869305
        ]
      },
      "properties": {
        "facility_id": "atm-toilet-444",
        "name": "Janusz-Korczak-Bibliothek, Berliner Straße 120/121",
        "geometry_type": "Point",
        "address": "Janusz-Korczak-Bibliothek, Berliner Straße 120/121",
        "operator": "Bezirk",
        "access": "public",
        "fee": "no",
        "payment_method": null,
        "opening_hours": "Mo-Di, Do-Fr: 9-19 Uhr\nMi: 13-19 Uhr\nSa-So: 10-19 Uhr",
        "wheelchair": "yes",
        "changing_table": "no",
        "toilet_type": "building",
        "gender_access": "unknown",
        "indoor": "yes",
        "covered": "unknown",
        "drinking_water": "unknown",
        "supervised": "unknown",
        "maintenance_status": "operational",
        "source": "berlin_open_data_wfs",
        "source_id": "6351",
        "source_url": "https://daten.berlin.de/datensaetze/offentliche-toiletten-wfs-ad2c0c24",
        "source_timestamp": "2025-07-17",
        "download_date": "2026-05-31",
        "license": "dl-de-zero-2.0",
        "last_verified": "2026-05-31",
        "berlin_feature_id": "toiletten.6351",
        "berlin_bezirk": "Pankow",
        "berlin_vertrag": "Sonstige öffentliche Toiletten",
        "berlin_modelltyp": "Bibliothek",
        "berlin_symbol": "WC",
        "berlin_nutzungsentgelt_raw": 0,
        "berlin_zahlungsart": null,
        "berlin_barrierefrei_raw": "ja",
        "berlin_barrierearm_raw": "ja",
        "berlin_wickeltisch_raw": "nein"
      }
    },
    {
      "type": "Feature",
      "geometry": {
        "type": "Point",
        "coordinates": [
          13.45422608,
          52.54779697
        ]
      },
      "properties": {
        "facility_id": "atm-toilet-445",
        "name": "Wolfdietrich-Schnurre-Bibliothek, Bizetstraße 41",
        "geometry_type": "Point",
        "address": "Wolfdietrich-Schnurre-Bibliothek, Bizetstraße 41",
        "operator": "Bezirk",
        "access": "public",
        "fee": "no",
        "payment_method": null,
        "opening_hours": "Mo-Di, Do-Fr: 10-19 Uhr\nMi: 13-19 Uhr",
        "wheelchair": "yes",
        "changing_table": "no",
        "toilet_type": "building",
        "gender_access": "unknown",
        "indoor": "yes",
        "covered": "unknown",
        "drinking_water": "unknown",
        "supervised": "unknown",
        "maintenance_status": "operational",
        "source": "berlin_open_data_wfs",
        "source_id": "6352",
        "source_url": "https://daten.berlin.de/datensaetze/offentliche-toiletten-wfs-ad2c0c24",
        "source_timestamp": "2025-07-17",
        "download_date": "2026-05-31",
        "license": "dl-de-zero-2.0",
        "last_verified": "2026-05-31",
        "berlin_feature_id": "toiletten.6352",
        "berlin_bezirk": "Pankow",
        "berlin_vertrag": "Sonstige öffentliche Toiletten",
        "berlin_modelltyp": "Bibliothek",
        "berlin_symbol": "WC",
        "berlin_nutzungsentgelt_raw": 0,
        "berlin_zahlungsart": null,
        "berlin_barrierefrei_raw": "ja",
        "berlin_barrierearm_raw": "ja",
        "berlin_wickeltisch_raw": "nein"
      }
    },
    {
      "type": "Feature",
      "geometry": {
        "type": "Point",
        "coordinates": [
          13.28120284,
          52.59201571
        ]
      },
      "properties": {
        "facility_id": "atm-toilet-446",
        "name": "Humboldt-Bibliothek, Karolinenstraße 19",
        "geometry_type": "Point",
        "address": "Humboldt-Bibliothek, Karolinenstraße 19",
        "operator": "Bezirk",
        "access": "public",
        "fee": "no",
        "payment_method": null,
        "opening_hours": "Mo-Fr: 11-19 Uhr\nSa: 11-16 Uhr",
        "wheelchair": "yes",
        "changing_table": "no",
        "toilet_type": "building",
        "gender_access": "unknown",
        "indoor": "yes",
        "covered": "unknown",
        "drinking_water": "unknown",
        "supervised": "unknown",
        "maintenance_status": "operational",
        "source": "berlin_open_data_wfs",
        "source_id": "6355",
        "source_url": "https://daten.berlin.de/datensaetze/offentliche-toiletten-wfs-ad2c0c24",
        "source_timestamp": "2025-07-17",
        "download_date": "2026-05-31",
        "license": "dl-de-zero-2.0",
        "last_verified": "2026-05-31",
        "berlin_feature_id": "toiletten.6355",
        "berlin_bezirk": "Reinickendorf",
        "berlin_vertrag": "Sonstige öffentliche Toiletten",
        "berlin_modelltyp": "Bibliothek",
        "berlin_symbol": "WC",
        "berlin_nutzungsentgelt_raw": 0,
        "berlin_zahlungsart": null,
        "berlin_barrierefrei_raw": "ja",
        "berlin_barrierearm_raw": "ja",
        "berlin_wickeltisch_raw": "nein"
      }
    },
    {
      "type": "Feature",
      "geometry": {
        "type": "Point",
        "coordinates": [
          13.20228749,
          52.5362934
        ]
      },
      "properties": {
        "facility_id": "atm-toilet-447",
        "name": "Hauptbibliothek Spandau, Carl-Schurz-Straße13",
        "geometry_type": "Point",
        "address": "Hauptbibliothek Spandau, Carl-Schurz-Straße13",
        "operator": "Bezirk",
        "access": "public",
        "fee": "no",
        "payment_method": null,
        "opening_hours": "Mo-Fr: 10-19 Uhr\nSa,So: 10-18 Uhr",
        "wheelchair": "yes",
        "changing_table": "no",
        "toilet_type": "building",
        "gender_access": "unknown",
        "indoor": "yes",
        "covered": "unknown",
        "drinking_water": "unknown",
        "supervised": "unknown",
        "maintenance_status": "operational",
        "source": "berlin_open_data_wfs",
        "source_id": "6361",
        "source_url": "https://daten.berlin.de/datensaetze/offentliche-toiletten-wfs-ad2c0c24",
        "source_timestamp": "2025-07-17",
        "download_date": "2026-05-31",
        "license": "dl-de-zero-2.0",
        "last_verified": "2026-05-31",
        "berlin_feature_id": "toiletten.6361",
        "berlin_bezirk": "Spandau",
        "berlin_vertrag": "Sonstige öffentliche Toiletten",
        "berlin_modelltyp": "Bibliothek",
        "berlin_symbol": "WC",
        "berlin_nutzungsentgelt_raw": 0,
        "berlin_zahlungsart": null,
        "berlin_barrierefrei_raw": "ja",
        "berlin_barrierearm_raw": "ja",
        "berlin_wickeltisch_raw": "nein"
      }
    },
    {
      "type": "Feature",
      "geometry": {
        "type": "Point",
        "coordinates": [
          13.3210543,
          52.4573647
        ]
      },
      "properties": {
        "facility_id": "atm-toilet-448",
        "name": "Ingeborg-Drewitz-Bibliothek, Grunewaldstr. 3",
        "geometry_type": "Point",
        "address": "Ingeborg-Drewitz-Bibliothek, Grunewaldstr. 3",
        "operator": "Bezirk",
        "access": "public",
        "fee": "no",
        "payment_method": null,
        "opening_hours": "Mo-Fr: 11-19 Uhr\nSa: 11-16 Uhr",
        "wheelchair": "yes",
        "changing_table": "no",
        "toilet_type": "building",
        "gender_access": "unknown",
        "indoor": "yes",
        "covered": "unknown",
        "drinking_water": "unknown",
        "supervised": "unknown",
        "maintenance_status": "operational",
        "source": "berlin_open_data_wfs",
        "source_id": "6367",
        "source_url": "https://daten.berlin.de/datensaetze/offentliche-toiletten-wfs-ad2c0c24",
        "source_timestamp": "2025-07-17",
        "download_date": "2026-05-31",
        "license": "dl-de-zero-2.0",
        "last_verified": "2026-05-31",
        "berlin_feature_id": "toiletten.6367",
        "berlin_bezirk": "Steglitz-Zehlendorf",
        "berlin_vertrag": "Sonstige öffentliche Toiletten",
        "berlin_modelltyp": "Bibliothek",
        "berlin_symbol": "WC",
        "berlin_nutzungsentgelt_raw": 0,
        "berlin_zahlungsart": null,
        "berlin_barrierefrei_raw": "ja",
        "berlin_barrierearm_raw": "ja",
        "berlin_wickeltisch_raw": "nein"
      }
    },
    {
      "type": "Feature",
      "geometry": {
        "type": "Point",
        "coordinates": [
          13.38875224,
          52.46370243
        ]
      },
      "properties": {
        "facility_id": "atm-toilet-449",
        "name": "Bezirkszentralbibliothek Tempelhof-Schöneberg, Eva-Maria-Buch-Haus, Götzstraße 8-12",
        "geometry_type": "Point",
        "address": "Bezirkszentralbibliothek Tempelhof-Schöneberg, Eva-Maria-Buch-Haus, Götzstraße 8-12",
        "operator": "Bezirk",
        "access": "public",
        "fee": "no",
        "payment_method": null,
        "opening_hours": "Mo-Sa: 10-19 Uhr",
        "wheelchair": "yes",
        "changing_table": "no",
        "toilet_type": "building",
        "gender_access": "unknown",
        "indoor": "yes",
        "covered": "unknown",
        "drinking_water": "unknown",
        "supervised": "unknown",
        "maintenance_status": "operational",
        "source": "berlin_open_data_wfs",
        "source_id": "6371",
        "source_url": "https://daten.berlin.de/datensaetze/offentliche-toiletten-wfs-ad2c0c24",
        "source_timestamp": "2025-07-17",
        "download_date": "2026-05-31",
        "license": "dl-de-zero-2.0",
        "last_verified": "2026-05-31",
        "berlin_feature_id": "toiletten.6371",
        "berlin_bezirk": "Tempelhof-Schöneberg",
        "berlin_vertrag": "Sonstige öffentliche Toiletten",
        "berlin_modelltyp": "Bibliothek",
        "berlin_symbol": "WC",
        "berlin_nutzungsentgelt_raw": 0,
        "berlin_zahlungsart": null,
        "berlin_barrierefrei_raw": "ja",
        "berlin_barrierearm_raw": "ja",
        "berlin_wickeltisch_raw": "nein"
      }
    },
    {
      "type": "Feature",
      "geometry": {
        "type": "Point",
        "coordinates": [
          13.3520462,
          52.48430438
        ]
      },
      "properties": {
        "facility_id": "atm-toilet-450",
        "name": "Theodor-Heuss-Bibliothek, Hauptstraße 40",
        "geometry_type": "Point",
        "address": "Theodor-Heuss-Bibliothek, Hauptstraße 40",
        "operator": "Bezirk",
        "access": "public",
        "fee": "no",
        "payment_method": null,
        "opening_hours": "Mo-Sa: 10-19 Uhr",
        "wheelchair": "yes",
        "changing_table": "no",
        "toilet_type": "building",
        "gender_access": "unknown",
        "indoor": "yes",
        "covered": "unknown",
        "drinking_water": "unknown",
        "supervised": "unknown",
        "maintenance_status": "operational",
        "source": "berlin_open_data_wfs",
        "source_id": "6372",
        "source_url": "https://daten.berlin.de/datensaetze/offentliche-toiletten-wfs-ad2c0c24",
        "source_timestamp": "2025-07-17",
        "download_date": "2026-05-31",
        "license": "dl-de-zero-2.0",
        "last_verified": "2026-05-31",
        "berlin_feature_id": "toiletten.6372",
        "berlin_bezirk": "Tempelhof-Schöneberg",
        "berlin_vertrag": "Sonstige öffentliche Toiletten",
        "berlin_modelltyp": "Bibliothek",
        "berlin_symbol": "WC",
        "berlin_nutzungsentgelt_raw": 0,
        "berlin_zahlungsart": null,
        "berlin_barrierefrei_raw": "ja",
        "berlin_barrierearm_raw": "ja",
        "berlin_wickeltisch_raw": "nein"
      }
    },
    {
      "type": "Feature",
      "geometry": {
        "type": "Point",
        "coordinates": [
          13.57968764,
          52.44610406
        ]
      },
      "properties": {
        "facility_id": "atm-toilet-451",
        "name": "Mittelpunktbibliothek Köpenkick Alter Markt",
        "geometry_type": "Point",
        "address": "Mittelpunktbibliothek Köpenkick Alter Markt",
        "operator": "Bezirk",
        "access": "public",
        "fee": "no",
        "payment_method": null,
        "opening_hours": "Mo-Di: 10-19 Uhr\nMi: 13-19 Uhr\nDo-Fr: 10-19 Uhr\nSa: 10-14 Uh",
        "wheelchair": "yes",
        "changing_table": "no",
        "toilet_type": "building",
        "gender_access": "unknown",
        "indoor": "yes",
        "covered": "unknown",
        "drinking_water": "unknown",
        "supervised": "unknown",
        "maintenance_status": "operational",
        "source": "berlin_open_data_wfs",
        "source_id": "6377",
        "source_url": "https://daten.berlin.de/datensaetze/offentliche-toiletten-wfs-ad2c0c24",
        "source_timestamp": "2025-07-17",
        "download_date": "2026-05-31",
        "license": "dl-de-zero-2.0",
        "last_verified": "2026-05-31",
        "berlin_feature_id": "toiletten.6377",
        "berlin_bezirk": "Treptow-Köpenick",
        "berlin_vertrag": "Sonstige öffentliche Toiletten",
        "berlin_modelltyp": "Bibliothek",
        "berlin_symbol": "WC",
        "berlin_nutzungsentgelt_raw": 0,
        "berlin_zahlungsart": null,
        "berlin_barrierefrei_raw": "ja",
        "berlin_barrierearm_raw": "ja",
        "berlin_wickeltisch_raw": "nein"
      }
    },
    {
      "type": "Feature",
      "geometry": {
        "type": "Point",
        "coordinates": [
          13.27935,
          52.50782004
        ]
      },
      "properties": {
        "facility_id": "atm-toilet-452",
        "name": "Zentraler Omnibusbahnhof",
        "geometry_type": "Point",
        "address": "Zentraler Omnibusbahnhof",
        "operator": "Sanifair",
        "access": "public",
        "fee": "yes",
        "payment_method": "Bar/Karte",
        "opening_hours": "24h",
        "wheelchair": "no",
        "changing_table": "yes",
        "toilet_type": "building",
        "gender_access": "unknown",
        "indoor": "yes",
        "covered": "unknown",
        "drinking_water": "unknown",
        "supervised": "unknown",
        "maintenance_status": "operational",
        "source": "berlin_open_data_wfs",
        "source_id": "6420",
        "source_url": "https://daten.berlin.de/datensaetze/offentliche-toiletten-wfs-ad2c0c24",
        "source_timestamp": "2025-07-17",
        "download_date": "2026-05-31",
        "license": "dl-de-zero-2.0",
        "last_verified": "2026-05-31",
        "berlin_feature_id": "toiletten.6420",
        "berlin_bezirk": "Charlottenburg-Wilmersdorf",
        "berlin_vertrag": "Sonstige öffentliche Toiletten",
        "berlin_modelltyp": "WC im Gebäude",
        "berlin_symbol": "WC",
        "berlin_nutzungsentgelt_raw": 1,
        "berlin_zahlungsart": "Bar/Karte",
        "berlin_barrierefrei_raw": "nein",
        "berlin_barrierearm_raw": "nein",
        "berlin_wickeltisch_raw": "ja"
      }
    },
    {
      "type": "Feature",
      "geometry": {
        "type": "Point",
        "coordinates": [
          13.198055,
          52.47862204
        ]
      },
      "properties": {
        "facility_id": "atm-toilet-453",
        "name": "Havelchaussee | Grunewaldturm",
        "geometry_type": "Point",
        "address": "Havelchaussee | Grunewaldturm",
        "operator": "Berliner Forsten",
        "access": "public",
        "fee": "no",
        "payment_method": null,
        "opening_hours": null,
        "wheelchair": "limited",
        "changing_table": "no",
        "toilet_type": "unknown",
        "gender_access": "unknown",
        "indoor": "unknown",
        "covered": "unknown",
        "drinking_water": "unknown",
        "supervised": "unknown",
        "maintenance_status": "operational",
        "source": "berlin_open_data_wfs",
        "source_id": "6767",
        "source_url": "https://daten.berlin.de/datensaetze/offentliche-toiletten-wfs-ad2c0c24",
        "source_timestamp": "2025-07-17",
        "download_date": "2026-05-31",
        "license": "dl-de-zero-2.0",
        "last_verified": "2026-05-31",
        "berlin_feature_id": "toiletten.6767",
        "berlin_bezirk": "Charlottenburg-Wilmersdorf",
        "berlin_vertrag": "Sonstige öffentliche Toiletten",
        "berlin_modelltyp": "Eco-Toilette",
        "berlin_symbol": "WC",
        "berlin_nutzungsentgelt_raw": 0,
        "berlin_zahlungsart": null,
        "berlin_barrierefrei_raw": "nein",
        "berlin_barrierearm_raw": "ja",
        "berlin_wickeltisch_raw": "nein"
      }
    },
    {
      "type": "Feature",
      "geometry": {
        "type": "Point",
        "coordinates": [
          13.210308,
          52.47674004
        ]
      },
      "properties": {
        "facility_id": "atm-toilet-454",
        "name": "Forst Grunewald",
        "geometry_type": "Point",
        "address": "Forst Grunewald",
        "operator": "Berliner Forsten",
        "access": "public",
        "fee": "no",
        "payment_method": null,
        "opening_hours": null,
        "wheelchair": "no",
        "changing_table": "no",
        "toilet_type": "unknown",
        "gender_access": "unknown",
        "indoor": "unknown",
        "covered": "unknown",
        "drinking_water": "unknown",
        "supervised": "unknown",
        "maintenance_status": "operational",
        "source": "berlin_open_data_wfs",
        "source_id": "6768",
        "source_url": "https://daten.berlin.de/datensaetze/offentliche-toiletten-wfs-ad2c0c24",
        "source_timestamp": "2025-07-17",
        "download_date": "2026-05-31",
        "license": "dl-de-zero-2.0",
        "last_verified": "2026-05-31",
        "berlin_feature_id": "toiletten.6768",
        "berlin_bezirk": "Charlottenburg-Wilmersdorf",
        "berlin_vertrag": "Sonstige öffentliche Toiletten",
        "berlin_modelltyp": "Eco-Toilette",
        "berlin_symbol": "WC",
        "berlin_nutzungsentgelt_raw": 0,
        "berlin_zahlungsart": null,
        "berlin_barrierefrei_raw": "nein",
        "berlin_barrierearm_raw": "nein",
        "berlin_wickeltisch_raw": "nein"
      }
    },
    {
      "type": "Feature",
      "geometry": {
        "type": "Point",
        "coordinates": [
          13.330799,
          52.48299004
        ]
      },
      "properties": {
        "facility_id": "atm-toilet-455",
        "name": "Volkspark Wilmersdorf",
        "geometry_type": "Point",
        "address": "Volkspark Wilmersdorf",
        "operator": "EcoToiletten GmbH",
        "access": "public",
        "fee": "no",
        "payment_method": null,
        "opening_hours": "24h",
        "wheelchair": "limited",
        "changing_table": "no",
        "toilet_type": "standalone",
        "gender_access": "unknown",
        "indoor": "unknown",
        "covered": "unknown",
        "drinking_water": "unknown",
        "supervised": "unknown",
        "maintenance_status": "operational",
        "source": "berlin_open_data_wfs",
        "source_id": "7001",
        "source_url": "https://daten.berlin.de/datensaetze/offentliche-toiletten-wfs-ad2c0c24",
        "source_timestamp": "2025-07-17",
        "download_date": "2026-05-31",
        "license": "dl-de-zero-2.0",
        "last_verified": "2026-05-31",
        "berlin_feature_id": "toiletten.7001",
        "berlin_bezirk": "Charlottenburg-Wilmersdorf",
        "berlin_vertrag": "Pilotprojekt Parktoilettenvertrag",
        "berlin_modelltyp": "Finizio Libre",
        "berlin_symbol": "WC",
        "berlin_nutzungsentgelt_raw": 0,
        "berlin_zahlungsart": null,
        "berlin_barrierefrei_raw": "nein",
        "berlin_barrierearm_raw": "ja",
        "berlin_wickeltisch_raw": "nein"
      }
    },
    {
      "type": "Feature",
      "geometry": {
        "type": "Point",
        "coordinates": [
          13.5416342,
          52.48777322
        ]
      },
      "properties": {
        "facility_id": "atm-toilet-456",
        "name": "Spielplatz Regener Straße, Karlshorst",
        "geometry_type": "Point",
        "address": "Spielplatz Regener Straße, Karlshorst",
        "operator": "EcoToiletten GmbH",
        "access": "public",
        "fee": "no",
        "payment_method": null,
        "opening_hours": "24h",
        "wheelchair": "yes",
        "changing_table": "yes",
        "toilet_type": "standalone",
        "gender_access": "unknown",
        "indoor": "no",
        "covered": "unknown",
        "drinking_water": "unknown",
        "supervised": "unknown",
        "maintenance_status": "operational",
        "source": "berlin_open_data_wfs",
        "source_id": "7002",
        "source_url": "https://daten.berlin.de/datensaetze/offentliche-toiletten-wfs-ad2c0c24",
        "source_timestamp": "2025-07-17",
        "download_date": "2026-05-31",
        "license": "dl-de-zero-2.0",
        "last_verified": "2026-05-31",
        "berlin_feature_id": "toiletten.7002",
        "berlin_bezirk": "Lichtenberg",
        "berlin_vertrag": "Pilotprojekt Parktoilettenvertrag",
        "berlin_modelltyp": "EcoToilette Autark+Modular",
        "berlin_symbol": "WC",
        "berlin_nutzungsentgelt_raw": 0,
        "berlin_zahlungsart": null,
        "berlin_barrierefrei_raw": "ja",
        "berlin_barrierearm_raw": "ja",
        "berlin_wickeltisch_raw": "ja"
      }
    },
    {
      "type": "Feature",
      "geometry": {
        "type": "Point",
        "coordinates": [
          13.472638,
          52.49729204
        ]
      },
      "properties": {
        "facility_id": "atm-toilet-457",
        "name": "Alt-Stralau, Engelwiese",
        "geometry_type": "Point",
        "address": "Alt-Stralau, Engelwiese",
        "operator": "EcoToiletten GmbH",
        "access": "public",
        "fee": "no",
        "payment_method": null,
        "opening_hours": "24h",
        "wheelchair": "limited",
        "changing_table": "no",
        "toilet_type": "standalone",
        "gender_access": "unknown",
        "indoor": "unknown",
        "covered": "unknown",
        "drinking_water": "unknown",
        "supervised": "unknown",
        "maintenance_status": "operational",
        "source": "berlin_open_data_wfs",
        "source_id": "7003",
        "source_url": "https://daten.berlin.de/datensaetze/offentliche-toiletten-wfs-ad2c0c24",
        "source_timestamp": "2025-07-17",
        "download_date": "2026-05-31",
        "license": "dl-de-zero-2.0",
        "last_verified": "2026-05-31",
        "berlin_feature_id": "toiletten.7003",
        "berlin_bezirk": "Friedrichshain-Kreuzberg",
        "berlin_vertrag": "Pilotprojekt Parktoilettenvertrag",
        "berlin_modelltyp": "Finizio Libre",
        "berlin_symbol": "WC",
        "berlin_nutzungsentgelt_raw": 0,
        "berlin_zahlungsart": null,
        "berlin_barrierefrei_raw": "nein",
        "berlin_barrierearm_raw": "ja",
        "berlin_wickeltisch_raw": "nein"
      }
    },
    {
      "type": "Feature",
      "geometry": {
        "type": "Point",
        "coordinates": [
          13.445576,
          52.50985004
        ]
      },
      "properties": {
        "facility_id": "atm-toilet-458",
        "name": "Helsingforser Straße",
        "geometry_type": "Point",
        "address": "Helsingforser Straße",
        "operator": "EcoToiletten GmbH",
        "access": "public",
        "fee": "no",
        "payment_method": null,
        "opening_hours": "24h",
        "wheelchair": "limited",
        "changing_table": "yes",
        "toilet_type": "standalone",
        "gender_access": "unknown",
        "indoor": "no",
        "covered": "unknown",
        "drinking_water": "unknown",
        "supervised": "unknown",
        "maintenance_status": "operational",
        "source": "berlin_open_data_wfs",
        "source_id": "7004",
        "source_url": "https://daten.berlin.de/datensaetze/offentliche-toiletten-wfs-ad2c0c24",
        "source_timestamp": "2025-07-17",
        "download_date": "2026-05-31",
        "license": "dl-de-zero-2.0",
        "last_verified": "2026-05-31",
        "berlin_feature_id": "toiletten.7004",
        "berlin_bezirk": "Friedrichshain-Kreuzberg",
        "berlin_vertrag": "Pilotprojekt Parktoilettenvertrag",
        "berlin_modelltyp": "EcoToilette Autark+Modular",
        "berlin_symbol": "WC",
        "berlin_nutzungsentgelt_raw": 0,
        "berlin_zahlungsart": null,
        "berlin_barrierefrei_raw": "nein",
        "berlin_barrierearm_raw": "ja",
        "berlin_wickeltisch_raw": "ja"
      }
    },
    {
      "type": "Feature",
      "geometry": {
        "type": "Point",
        "coordinates": [
          13.507798,
          52.52151804
        ]
      },
      "properties": {
        "facility_id": "atm-toilet-459",
        "name": "Landschaftspark Herzberge",
        "geometry_type": "Point",
        "address": "Landschaftspark Herzberge",
        "operator": "EcoToiletten GmbH",
        "access": "public",
        "fee": "no",
        "payment_method": null,
        "opening_hours": "24h",
        "wheelchair": "limited",
        "changing_table": "no",
        "toilet_type": "standalone",
        "gender_access": "unknown",
        "indoor": "unknown",
        "covered": "unknown",
        "drinking_water": "unknown",
        "supervised": "unknown",
        "maintenance_status": "operational",
        "source": "berlin_open_data_wfs",
        "source_id": "7005",
        "source_url": "https://daten.berlin.de/datensaetze/offentliche-toiletten-wfs-ad2c0c24",
        "source_timestamp": "2025-07-17",
        "download_date": "2026-05-31",
        "license": "dl-de-zero-2.0",
        "last_verified": "2026-05-31",
        "berlin_feature_id": "toiletten.7005",
        "berlin_bezirk": "Lichtenberg",
        "berlin_vertrag": "Pilotprojekt Parktoilettenvertrag",
        "berlin_modelltyp": "Finizio Libre",
        "berlin_symbol": "WC",
        "berlin_nutzungsentgelt_raw": 0,
        "berlin_zahlungsart": null,
        "berlin_barrierefrei_raw": "nein",
        "berlin_barrierearm_raw": "ja",
        "berlin_wickeltisch_raw": "nein"
      }
    },
    {
      "type": "Feature",
      "geometry": {
        "type": "Point",
        "coordinates": [
          13.474968,
          52.52965104
        ]
      },
      "properties": {
        "facility_id": "atm-toilet-460",
        "name": "Fennpfuhlpark",
        "geometry_type": "Point",
        "address": "Fennpfuhlpark",
        "operator": "EcoToiletten GmbH",
        "access": "public",
        "fee": "no",
        "payment_method": null,
        "opening_hours": "24h",
        "wheelchair": "limited",
        "changing_table": "yes",
        "toilet_type": "standalone",
        "gender_access": "unknown",
        "indoor": "no",
        "covered": "unknown",
        "drinking_water": "unknown",
        "supervised": "unknown",
        "maintenance_status": "operational",
        "source": "berlin_open_data_wfs",
        "source_id": "7006",
        "source_url": "https://daten.berlin.de/datensaetze/offentliche-toiletten-wfs-ad2c0c24",
        "source_timestamp": "2025-07-17",
        "download_date": "2026-05-31",
        "license": "dl-de-zero-2.0",
        "last_verified": "2026-05-31",
        "berlin_feature_id": "toiletten.7006",
        "berlin_bezirk": "Lichtenberg",
        "berlin_vertrag": "Pilotprojekt Parktoilettenvertrag",
        "berlin_modelltyp": "EcoToilette Autark+Modular",
        "berlin_symbol": "WC",
        "berlin_nutzungsentgelt_raw": 0,
        "berlin_zahlungsart": null,
        "berlin_barrierefrei_raw": "nein",
        "berlin_barrierearm_raw": "ja",
        "berlin_wickeltisch_raw": "ja"
      }
    },
    {
      "type": "Feature",
      "geometry": {
        "type": "Point",
        "coordinates": [
          13.543306,
          52.54249104
        ]
      },
      "properties": {
        "facility_id": "atm-toilet-461",
        "name": "Eastgate",
        "geometry_type": "Point",
        "address": "Eastgate",
        "operator": "EcoToiletten GmbH",
        "access": "public",
        "fee": "no",
        "payment_method": null,
        "opening_hours": "24h",
        "wheelchair": "yes",
        "changing_table": "no",
        "toilet_type": "standalone",
        "gender_access": "unknown",
        "indoor": "unknown",
        "covered": "unknown",
        "drinking_water": "unknown",
        "supervised": "unknown",
        "maintenance_status": "operational",
        "source": "berlin_open_data_wfs",
        "source_id": "7007",
        "source_url": "https://daten.berlin.de/datensaetze/offentliche-toiletten-wfs-ad2c0c24",
        "source_timestamp": "2025-07-17",
        "download_date": "2026-05-31",
        "license": "dl-de-zero-2.0",
        "last_verified": "2026-05-31",
        "berlin_feature_id": "toiletten.7007",
        "berlin_bezirk": "Marzahn-Hellersdorf",
        "berlin_vertrag": "Pilotprojekt Parktoilettenvertrag",
        "berlin_modelltyp": "Finizio Libre",
        "berlin_symbol": "WC",
        "berlin_nutzungsentgelt_raw": 0,
        "berlin_zahlungsart": null,
        "berlin_barrierefrei_raw": "ja",
        "berlin_barrierearm_raw": "ja",
        "berlin_wickeltisch_raw": "nein"
      }
    },
    {
      "type": "Feature",
      "geometry": {
        "type": "Point",
        "coordinates": [
          13.548667,
          52.55004104
        ]
      },
      "properties": {
        "facility_id": "atm-toilet-462",
        "name": "S- Bahnhof Raoul-Wallenberg-Straße",
        "geometry_type": "Point",
        "address": "S- Bahnhof Raoul-Wallenberg-Straße",
        "operator": "EcoToiletten GmbH",
        "access": "public",
        "fee": "no",
        "payment_method": null,
        "opening_hours": "24h",
        "wheelchair": "yes",
        "changing_table": "yes",
        "toilet_type": "standalone",
        "gender_access": "unknown",
        "indoor": "no",
        "covered": "unknown",
        "drinking_water": "unknown",
        "supervised": "unknown",
        "maintenance_status": "operational",
        "source": "berlin_open_data_wfs",
        "source_id": "7008",
        "source_url": "https://daten.berlin.de/datensaetze/offentliche-toiletten-wfs-ad2c0c24",
        "source_timestamp": "2025-07-17",
        "download_date": "2026-05-31",
        "license": "dl-de-zero-2.0",
        "last_verified": "2026-05-31",
        "berlin_feature_id": "toiletten.7008",
        "berlin_bezirk": "Marzahn-Hellersdorf",
        "berlin_vertrag": "Pilotprojekt Parktoilettenvertrag",
        "berlin_modelltyp": "EcoToilette Autark+Modular",
        "berlin_symbol": "WC",
        "berlin_nutzungsentgelt_raw": 0,
        "berlin_zahlungsart": null,
        "berlin_barrierefrei_raw": "ja",
        "berlin_barrierearm_raw": "ja",
        "berlin_wickeltisch_raw": "ja"
      }
    },
    {
      "type": "Feature",
      "geometry": {
        "type": "Point",
        "coordinates": [
          13.39725,
          52.52220304
        ]
      },
      "properties": {
        "facility_id": "atm-toilet-463",
        "name": "Monbijoupark",
        "geometry_type": "Point",
        "address": "Monbijoupark",
        "operator": "EcoToiletten GmbH",
        "access": "public",
        "fee": "no",
        "payment_method": null,
        "opening_hours": "24h",
        "wheelchair": "limited",
        "changing_table": "no",
        "toilet_type": "standalone",
        "gender_access": "unknown",
        "indoor": "unknown",
        "covered": "unknown",
        "drinking_water": "unknown",
        "supervised": "unknown",
        "maintenance_status": "operational",
        "source": "berlin_open_data_wfs",
        "source_id": "7009",
        "source_url": "https://daten.berlin.de/datensaetze/offentliche-toiletten-wfs-ad2c0c24",
        "source_timestamp": "2025-07-17",
        "download_date": "2026-05-31",
        "license": "dl-de-zero-2.0",
        "last_verified": "2026-05-31",
        "berlin_feature_id": "toiletten.7009",
        "berlin_bezirk": "Mitte",
        "berlin_vertrag": "Pilotprojekt Parktoilettenvertrag",
        "berlin_modelltyp": "Finizio Libre",
        "berlin_symbol": "WC",
        "berlin_nutzungsentgelt_raw": 0,
        "berlin_zahlungsart": null,
        "berlin_barrierefrei_raw": "nein",
        "berlin_barrierearm_raw": "ja",
        "berlin_wickeltisch_raw": "nein"
      }
    },
    {
      "type": "Feature",
      "geometry": {
        "type": "Point",
        "coordinates": [
          13.376543,
          52.53001004
        ]
      },
      "properties": {
        "facility_id": "atm-toilet-464",
        "name": "Invalidenpark",
        "geometry_type": "Point",
        "address": "Invalidenpark",
        "operator": "EcoToiletten GmbH",
        "access": "public",
        "fee": "no",
        "payment_method": null,
        "opening_hours": "24h",
        "wheelchair": "limited",
        "changing_table": "yes",
        "toilet_type": "standalone",
        "gender_access": "unknown",
        "indoor": "no",
        "covered": "unknown",
        "drinking_water": "unknown",
        "supervised": "unknown",
        "maintenance_status": "operational",
        "source": "berlin_open_data_wfs",
        "source_id": "7010",
        "source_url": "https://daten.berlin.de/datensaetze/offentliche-toiletten-wfs-ad2c0c24",
        "source_timestamp": "2025-07-17",
        "download_date": "2026-05-31",
        "license": "dl-de-zero-2.0",
        "last_verified": "2026-05-31",
        "berlin_feature_id": "toiletten.7010",
        "berlin_bezirk": "Mitte",
        "berlin_vertrag": "Pilotprojekt Parktoilettenvertrag",
        "berlin_modelltyp": "EcoToilette Autark+Modular",
        "berlin_symbol": "WC",
        "berlin_nutzungsentgelt_raw": 0,
        "berlin_zahlungsart": null,
        "berlin_barrierefrei_raw": "nein",
        "berlin_barrierearm_raw": "ja",
        "berlin_wickeltisch_raw": "ja"
      }
    },
    {
      "type": "Feature",
      "geometry": {
        "type": "Point",
        "coordinates": [
          13.445962,
          52.48374704
        ]
      },
      "properties": {
        "facility_id": "atm-toilet-465",
        "name": "Wildenbruchplatz",
        "geometry_type": "Point",
        "address": "Wildenbruchplatz",
        "operator": "EcoToiletten GmbH",
        "access": "public",
        "fee": "no",
        "payment_method": null,
        "opening_hours": "24h",
        "wheelchair": "limited",
        "changing_table": "no",
        "toilet_type": "standalone",
        "gender_access": "unknown",
        "indoor": "unknown",
        "covered": "unknown",
        "drinking_water": "unknown",
        "supervised": "unknown",
        "maintenance_status": "operational",
        "source": "berlin_open_data_wfs",
        "source_id": "7011",
        "source_url": "https://daten.berlin.de/datensaetze/offentliche-toiletten-wfs-ad2c0c24",
        "source_timestamp": "2025-07-17",
        "download_date": "2026-05-31",
        "license": "dl-de-zero-2.0",
        "last_verified": "2026-05-31",
        "berlin_feature_id": "toiletten.7011",
        "berlin_bezirk": "Neukölln",
        "berlin_vertrag": "Pilotprojekt Parktoilettenvertrag",
        "berlin_modelltyp": "Finizio Libre",
        "berlin_symbol": "WC",
        "berlin_nutzungsentgelt_raw": 0,
        "berlin_zahlungsart": null,
        "berlin_barrierefrei_raw": "nein",
        "berlin_barrierearm_raw": "ja",
        "berlin_wickeltisch_raw": "nein"
      }
    },
    {
      "type": "Feature",
      "geometry": {
        "type": "Point",
        "coordinates": [
          13.436761,
          52.47563404
        ]
      },
      "properties": {
        "facility_id": "atm-toilet-466",
        "name": "Lessinghöhe",
        "geometry_type": "Point",
        "address": "Lessinghöhe",
        "operator": "EcoToiletten GmbH",
        "access": "public",
        "fee": "no",
        "payment_method": null,
        "opening_hours": "24h",
        "wheelchair": "limited",
        "changing_table": "yes",
        "toilet_type": "standalone",
        "gender_access": "unknown",
        "indoor": "no",
        "covered": "unknown",
        "drinking_water": "unknown",
        "supervised": "unknown",
        "maintenance_status": "operational",
        "source": "berlin_open_data_wfs",
        "source_id": "7012",
        "source_url": "https://daten.berlin.de/datensaetze/offentliche-toiletten-wfs-ad2c0c24",
        "source_timestamp": "2025-07-17",
        "download_date": "2026-05-31",
        "license": "dl-de-zero-2.0",
        "last_verified": "2026-05-31",
        "berlin_feature_id": "toiletten.7012",
        "berlin_bezirk": "Neukölln",
        "berlin_vertrag": "Pilotprojekt Parktoilettenvertrag",
        "berlin_modelltyp": "EcoToilette Autark+Modular",
        "berlin_symbol": "WC",
        "berlin_nutzungsentgelt_raw": 0,
        "berlin_zahlungsart": null,
        "berlin_barrierefrei_raw": "nein",
        "berlin_barrierearm_raw": "ja",
        "berlin_wickeltisch_raw": "ja"
      }
    },
    {
      "type": "Feature",
      "geometry": {
        "type": "Point",
        "coordinates": [
          13.46119,
          52.55354904
        ]
      },
      "properties": {
        "facility_id": "atm-toilet-467",
        "name": "Park am Weißen See",
        "geometry_type": "Point",
        "address": "Park am Weißen See",
        "operator": "EcoToiletten GmbH",
        "access": "public",
        "fee": "no",
        "payment_method": null,
        "opening_hours": "24h",
        "wheelchair": "limited",
        "changing_table": "yes",
        "toilet_type": "standalone",
        "gender_access": "unknown",
        "indoor": "no",
        "covered": "unknown",
        "drinking_water": "unknown",
        "supervised": "unknown",
        "maintenance_status": "operational",
        "source": "berlin_open_data_wfs",
        "source_id": "7013",
        "source_url": "https://daten.berlin.de/datensaetze/offentliche-toiletten-wfs-ad2c0c24",
        "source_timestamp": "2025-07-17",
        "download_date": "2026-05-31",
        "license": "dl-de-zero-2.0",
        "last_verified": "2026-05-31",
        "berlin_feature_id": "toiletten.7013",
        "berlin_bezirk": "Pankow",
        "berlin_vertrag": "Pilotprojekt Parktoilettenvertrag",
        "berlin_modelltyp": "EcoToilette Autark+Modular",
        "berlin_symbol": "WC",
        "berlin_nutzungsentgelt_raw": 0,
        "berlin_zahlungsart": null,
        "berlin_barrierefrei_raw": "nein",
        "berlin_barrierearm_raw": "ja",
        "berlin_wickeltisch_raw": "ja"
      }
    },
    {
      "type": "Feature",
      "geometry": {
        "type": "Point",
        "coordinates": [
          13.458589,
          52.52971704
        ]
      },
      "properties": {
        "facility_id": "atm-toilet-468",
        "name": "Schneeglöckchenstraße",
        "geometry_type": "Point",
        "address": "Schneeglöckchenstraße",
        "operator": "EcoToiletten GmbH",
        "access": "public",
        "fee": "no",
        "payment_method": null,
        "opening_hours": "24h",
        "wheelchair": "limited",
        "changing_table": "no",
        "toilet_type": "standalone",
        "gender_access": "unknown",
        "indoor": "unknown",
        "covered": "unknown",
        "drinking_water": "unknown",
        "supervised": "unknown",
        "maintenance_status": "operational",
        "source": "berlin_open_data_wfs",
        "source_id": "7014",
        "source_url": "https://daten.berlin.de/datensaetze/offentliche-toiletten-wfs-ad2c0c24",
        "source_timestamp": "2025-07-17",
        "download_date": "2026-05-31",
        "license": "dl-de-zero-2.0",
        "last_verified": "2026-05-31",
        "berlin_feature_id": "toiletten.7014",
        "berlin_bezirk": "Pankow",
        "berlin_vertrag": "Pilotprojekt Parktoilettenvertrag",
        "berlin_modelltyp": "Finizio Libre",
        "berlin_symbol": "WC",
        "berlin_nutzungsentgelt_raw": 0,
        "berlin_zahlungsart": null,
        "berlin_barrierefrei_raw": "nein",
        "berlin_barrierearm_raw": "ja",
        "berlin_wickeltisch_raw": "nein"
      }
    },
    {
      "type": "Feature",
      "geometry": {
        "type": "Point",
        "coordinates": [
          13.347995,
          52.60111004
        ]
      },
      "properties": {
        "facility_id": "atm-toilet-469",
        "name": "Seggeluchbecken",
        "geometry_type": "Point",
        "address": "Seggeluchbecken",
        "operator": "EcoToiletten GmbH",
        "access": "public",
        "fee": "no",
        "payment_method": null,
        "opening_hours": "24h",
        "wheelchair": "limited",
        "changing_table": "yes",
        "toilet_type": "standalone",
        "gender_access": "unknown",
        "indoor": "no",
        "covered": "unknown",
        "drinking_water": "unknown",
        "supervised": "unknown",
        "maintenance_status": "operational",
        "source": "berlin_open_data_wfs",
        "source_id": "7015",
        "source_url": "https://daten.berlin.de/datensaetze/offentliche-toiletten-wfs-ad2c0c24",
        "source_timestamp": "2025-07-17",
        "download_date": "2026-05-31",
        "license": "dl-de-zero-2.0",
        "last_verified": "2026-05-31",
        "berlin_feature_id": "toiletten.7015",
        "berlin_bezirk": "Reinickendorf",
        "berlin_vertrag": "Pilotprojekt Parktoilettenvertrag",
        "berlin_modelltyp": "EcoToilette Autark+Modular",
        "berlin_symbol": "WC",
        "berlin_nutzungsentgelt_raw": 0,
        "berlin_zahlungsart": null,
        "berlin_barrierefrei_raw": "nein",
        "berlin_barrierearm_raw": "ja",
        "berlin_wickeltisch_raw": "ja"
      }
    },
    {
      "type": "Feature",
      "geometry": {
        "type": "Point",
        "coordinates": [
          13.365114,
          52.57332404
        ]
      },
      "properties": {
        "facility_id": "atm-toilet-470",
        "name": "Breitkopfbecken",
        "geometry_type": "Point",
        "address": "Breitkopfbecken",
        "operator": "EcoToiletten GmbH",
        "access": "public",
        "fee": "no",
        "payment_method": null,
        "opening_hours": "24h",
        "wheelchair": "limited",
        "changing_table": "no",
        "toilet_type": "standalone",
        "gender_access": "unknown",
        "indoor": "unknown",
        "covered": "unknown",
        "drinking_water": "unknown",
        "supervised": "unknown",
        "maintenance_status": "operational",
        "source": "berlin_open_data_wfs",
        "source_id": "7016",
        "source_url": "https://daten.berlin.de/datensaetze/offentliche-toiletten-wfs-ad2c0c24",
        "source_timestamp": "2025-07-17",
        "download_date": "2026-05-31",
        "license": "dl-de-zero-2.0",
        "last_verified": "2026-05-31",
        "berlin_feature_id": "toiletten.7016",
        "berlin_bezirk": "Reinickendorf",
        "berlin_vertrag": "Pilotprojekt Parktoilettenvertrag",
        "berlin_modelltyp": "Finizio Libre",
        "berlin_symbol": "WC",
        "berlin_nutzungsentgelt_raw": 0,
        "berlin_zahlungsart": null,
        "berlin_barrierefrei_raw": "nein",
        "berlin_barrierearm_raw": "ja",
        "berlin_wickeltisch_raw": "nein"
      }
    },
    {
      "type": "Feature",
      "geometry": {
        "type": "Point",
        "coordinates": [
          13.190714,
          52.51698804
        ]
      },
      "properties": {
        "facility_id": "atm-toilet-471",
        "name": "Südpark (Spielplatz an der Brücke)",
        "geometry_type": "Point",
        "address": "Südpark (Spielplatz an der Brücke)",
        "operator": "EcoToiletten GmbH",
        "access": "public",
        "fee": "no",
        "payment_method": null,
        "opening_hours": "24h",
        "wheelchair": "limited",
        "changing_table": "no",
        "toilet_type": "standalone",
        "gender_access": "unknown",
        "indoor": "unknown",
        "covered": "unknown",
        "drinking_water": "unknown",
        "supervised": "unknown",
        "maintenance_status": "operational",
        "source": "berlin_open_data_wfs",
        "source_id": "7017",
        "source_url": "https://daten.berlin.de/datensaetze/offentliche-toiletten-wfs-ad2c0c24",
        "source_timestamp": "2025-07-17",
        "download_date": "2026-05-31",
        "license": "dl-de-zero-2.0",
        "last_verified": "2026-05-31",
        "berlin_feature_id": "toiletten.7017",
        "berlin_bezirk": "Spandau",
        "berlin_vertrag": "Pilotprojekt Parktoilettenvertrag",
        "berlin_modelltyp": "Finizio Libre",
        "berlin_symbol": "WC",
        "berlin_nutzungsentgelt_raw": 0,
        "berlin_zahlungsart": null,
        "berlin_barrierefrei_raw": "nein",
        "berlin_barrierearm_raw": "ja",
        "berlin_wickeltisch_raw": "nein"
      }
    },
    {
      "type": "Feature",
      "geometry": {
        "type": "Point",
        "coordinates": [
          13.198796,
          52.53741004
        ]
      },
      "properties": {
        "facility_id": "atm-toilet-472",
        "name": "Münsinger Park",
        "geometry_type": "Point",
        "address": "Münsinger Park",
        "operator": "EcoToiletten GmbH",
        "access": "public",
        "fee": "no",
        "payment_method": null,
        "opening_hours": "24h",
        "wheelchair": "limited",
        "changing_table": "yes",
        "toilet_type": "standalone",
        "gender_access": "unknown",
        "indoor": "no",
        "covered": "unknown",
        "drinking_water": "unknown",
        "supervised": "unknown",
        "maintenance_status": "operational",
        "source": "berlin_open_data_wfs",
        "source_id": "7018",
        "source_url": "https://daten.berlin.de/datensaetze/offentliche-toiletten-wfs-ad2c0c24",
        "source_timestamp": "2025-07-17",
        "download_date": "2026-05-31",
        "license": "dl-de-zero-2.0",
        "last_verified": "2026-05-31",
        "berlin_feature_id": "toiletten.7018",
        "berlin_bezirk": "Spandau",
        "berlin_vertrag": "Pilotprojekt Parktoilettenvertrag",
        "berlin_modelltyp": "EcoToilette Autark+Modular",
        "berlin_symbol": "WC",
        "berlin_nutzungsentgelt_raw": 0,
        "berlin_zahlungsart": null,
        "berlin_barrierefrei_raw": "nein",
        "berlin_barrierearm_raw": "ja",
        "berlin_wickeltisch_raw": "ja"
      }
    },
    {
      "type": "Feature",
      "geometry": {
        "type": "Point",
        "coordinates": [
          13.331362,
          52.44876204
        ]
      },
      "properties": {
        "facility_id": "atm-toilet-473",
        "name": "Goebenstraße in der Nähe des Piratenspielplatzes im Stadtpark Steglitz",
        "geometry_type": "Point",
        "address": "Goebenstraße in der Nähe des Piratenspielplatzes im Stadtpark Steglitz",
        "operator": "EcoToiletten GmbH",
        "access": "public",
        "fee": "no",
        "payment_method": null,
        "opening_hours": "24h",
        "wheelchair": "limited",
        "changing_table": "no",
        "toilet_type": "standalone",
        "gender_access": "unknown",
        "indoor": "unknown",
        "covered": "unknown",
        "drinking_water": "unknown",
        "supervised": "unknown",
        "maintenance_status": "operational",
        "source": "berlin_open_data_wfs",
        "source_id": "7019",
        "source_url": "https://daten.berlin.de/datensaetze/offentliche-toiletten-wfs-ad2c0c24",
        "source_timestamp": "2025-07-17",
        "download_date": "2026-05-31",
        "license": "dl-de-zero-2.0",
        "last_verified": "2026-05-31",
        "berlin_feature_id": "toiletten.7019",
        "berlin_bezirk": "Steglitz-Zehlendorf",
        "berlin_vertrag": "Pilotprojekt Parktoilettenvertrag",
        "berlin_modelltyp": "Finizio Libre",
        "berlin_symbol": "WC",
        "berlin_nutzungsentgelt_raw": 0,
        "berlin_zahlungsart": null,
        "berlin_barrierefrei_raw": "nein",
        "berlin_barrierearm_raw": "ja",
        "berlin_wickeltisch_raw": "nein"
      }
    },
    {
      "type": "Feature",
      "geometry": {
        "type": "Point",
        "coordinates": [
          13.338505,
          52.46049104
        ]
      },
      "properties": {
        "facility_id": "atm-toilet-474",
        "name": "Spielplatz am Lauenburger Platz",
        "geometry_type": "Point",
        "address": "Spielplatz am Lauenburger Platz",
        "operator": "EcoToiletten GmbH",
        "access": "public",
        "fee": "no",
        "payment_method": null,
        "opening_hours": "24h",
        "wheelchair": "limited",
        "changing_table": "yes",
        "toilet_type": "standalone",
        "gender_access": "unknown",
        "indoor": "no",
        "covered": "unknown",
        "drinking_water": "unknown",
        "supervised": "unknown",
        "maintenance_status": "operational",
        "source": "berlin_open_data_wfs",
        "source_id": "7020",
        "source_url": "https://daten.berlin.de/datensaetze/offentliche-toiletten-wfs-ad2c0c24",
        "source_timestamp": "2025-07-17",
        "download_date": "2026-05-31",
        "license": "dl-de-zero-2.0",
        "last_verified": "2026-05-31",
        "berlin_feature_id": "toiletten.7020",
        "berlin_bezirk": "Steglitz-Zehlendorf",
        "berlin_vertrag": "Pilotprojekt Parktoilettenvertrag",
        "berlin_modelltyp": "EcoToilette Autark+Modular",
        "berlin_symbol": "WC",
        "berlin_nutzungsentgelt_raw": 0,
        "berlin_zahlungsart": null,
        "berlin_barrierefrei_raw": "nein",
        "berlin_barrierearm_raw": "ja",
        "berlin_wickeltisch_raw": "ja"
      }
    },
    {
      "type": "Feature",
      "geometry": {
        "type": "Point",
        "coordinates": [
          13.35824,
          52.48042904
        ]
      },
      "properties": {
        "facility_id": "atm-toilet-475",
        "name": "Cheruskerpark",
        "geometry_type": "Point",
        "address": "Cheruskerpark",
        "operator": "EcoToiletten GmbH",
        "access": "public",
        "fee": "no",
        "payment_method": null,
        "opening_hours": "24h",
        "wheelchair": "limited",
        "changing_table": "no",
        "toilet_type": "standalone",
        "gender_access": "unknown",
        "indoor": "unknown",
        "covered": "unknown",
        "drinking_water": "unknown",
        "supervised": "unknown",
        "maintenance_status": "operational",
        "source": "berlin_open_data_wfs",
        "source_id": "7021",
        "source_url": "https://daten.berlin.de/datensaetze/offentliche-toiletten-wfs-ad2c0c24",
        "source_timestamp": "2025-07-17",
        "download_date": "2026-05-31",
        "license": "dl-de-zero-2.0",
        "last_verified": "2026-05-31",
        "berlin_feature_id": "toiletten.7021",
        "berlin_bezirk": "Tempelhof-Schöneberg",
        "berlin_vertrag": "Pilotprojekt Parktoilettenvertrag",
        "berlin_modelltyp": "Finizio Libre",
        "berlin_symbol": "WC",
        "berlin_nutzungsentgelt_raw": 0,
        "berlin_zahlungsart": null,
        "berlin_barrierefrei_raw": "nein",
        "berlin_barrierearm_raw": "ja",
        "berlin_wickeltisch_raw": "nein"
      }
    },
    {
      "type": "Feature",
      "geometry": {
        "type": "Point",
        "coordinates": [
          13.348177,
          52.48527604
        ]
      },
      "properties": {
        "facility_id": "atm-toilet-476",
        "name": "Heinrich-Lassen-Park",
        "geometry_type": "Point",
        "address": "Heinrich-Lassen-Park",
        "operator": "EcoToiletten GmbH",
        "access": "public",
        "fee": "no",
        "payment_method": null,
        "opening_hours": "24h",
        "wheelchair": "limited",
        "changing_table": "yes",
        "toilet_type": "standalone",
        "gender_access": "unknown",
        "indoor": "no",
        "covered": "unknown",
        "drinking_water": "unknown",
        "supervised": "unknown",
        "maintenance_status": "operational",
        "source": "berlin_open_data_wfs",
        "source_id": "7022",
        "source_url": "https://daten.berlin.de/datensaetze/offentliche-toiletten-wfs-ad2c0c24",
        "source_timestamp": "2025-07-17",
        "download_date": "2026-05-31",
        "license": "dl-de-zero-2.0",
        "last_verified": "2026-05-31",
        "berlin_feature_id": "toiletten.7022",
        "berlin_bezirk": "Tempelhof-Schöneberg",
        "berlin_vertrag": "Pilotprojekt Parktoilettenvertrag",
        "berlin_modelltyp": "EcoToilette Autark+Modular",
        "berlin_symbol": "WC",
        "berlin_nutzungsentgelt_raw": 0,
        "berlin_zahlungsart": null,
        "berlin_barrierefrei_raw": "nein",
        "berlin_barrierearm_raw": "ja",
        "berlin_wickeltisch_raw": "ja"
      }
    },
    {
      "type": "Feature",
      "geometry": {
        "type": "Point",
        "coordinates": [
          13.549879,
          52.46792404
        ]
      },
      "properties": {
        "facility_id": "atm-toilet-477",
        "name": "Eingangsbereich Wuhlheide am S-Bahnhof Wuhlheide",
        "geometry_type": "Point",
        "address": "Eingangsbereich Wuhlheide am S-Bahnhof Wuhlheide",
        "operator": "EcoToiletten GmbH",
        "access": "public",
        "fee": "no",
        "payment_method": null,
        "opening_hours": "24h",
        "wheelchair": "limited",
        "changing_table": "no",
        "toilet_type": "standalone",
        "gender_access": "unknown",
        "indoor": "unknown",
        "covered": "unknown",
        "drinking_water": "unknown",
        "supervised": "unknown",
        "maintenance_status": "operational",
        "source": "berlin_open_data_wfs",
        "source_id": "7023",
        "source_url": "https://daten.berlin.de/datensaetze/offentliche-toiletten-wfs-ad2c0c24",
        "source_timestamp": "2025-07-17",
        "download_date": "2026-05-31",
        "license": "dl-de-zero-2.0",
        "last_verified": "2026-05-31",
        "berlin_feature_id": "toiletten.7023",
        "berlin_bezirk": "Treptow-Köpenick",
        "berlin_vertrag": "Pilotprojekt Parktoilettenvertrag",
        "berlin_modelltyp": "Finizio Libre",
        "berlin_symbol": "WC",
        "berlin_nutzungsentgelt_raw": 0,
        "berlin_zahlungsart": null,
        "berlin_barrierefrei_raw": "nein",
        "berlin_barrierearm_raw": "ja",
        "berlin_wickeltisch_raw": "nein"
      }
    },
    {
      "type": "Feature",
      "geometry": {
        "type": "Point",
        "coordinates": [
          13.526288,
          52.46973204
        ]
      },
      "properties": {
        "facility_id": "atm-toilet-478",
        "name": "Eingangsbereich Wuhlheide an der Treskowallee",
        "geometry_type": "Point",
        "address": "Eingangsbereich Wuhlheide an der Treskowallee",
        "operator": "EcoToiletten GmbH",
        "access": "public",
        "fee": "no",
        "payment_method": null,
        "opening_hours": "24h",
        "wheelchair": "limited",
        "changing_table": "yes",
        "toilet_type": "standalone",
        "gender_access": "unknown",
        "indoor": "no",
        "covered": "unknown",
        "drinking_water": "unknown",
        "supervised": "unknown",
        "maintenance_status": "operational",
        "source": "berlin_open_data_wfs",
        "source_id": "7024",
        "source_url": "https://daten.berlin.de/datensaetze/offentliche-toiletten-wfs-ad2c0c24",
        "source_timestamp": "2025-07-17",
        "download_date": "2026-05-31",
        "license": "dl-de-zero-2.0",
        "last_verified": "2026-05-31",
        "berlin_feature_id": "toiletten.7024",
        "berlin_bezirk": "Treptow-Köpenick",
        "berlin_vertrag": "Pilotprojekt Parktoilettenvertrag",
        "berlin_modelltyp": "EcoToilette Autark+Modular",
        "berlin_symbol": "WC",
        "berlin_nutzungsentgelt_raw": 0,
        "berlin_zahlungsart": null,
        "berlin_barrierefrei_raw": "nein",
        "berlin_barrierearm_raw": "ja",
        "berlin_wickeltisch_raw": "ja"
      }
    },
    {
      "type": "Feature",
      "geometry": {
        "type": "Point",
        "coordinates": [
          13.33672222,
          52.51261115
        ]
      },
      "properties": {
        "facility_id": "atm-toilet-479",
        "name": "Tiergarten-Unterschleuse (ex. Tiergarten Schleuse)",
        "geometry_type": "Point",
        "address": "Tiergarten-Unterschleuse (ex. Tiergarten Schleuse)",
        "operator": "Wall GmbH",
        "access": "public",
        "fee": "no",
        "payment_method": null,
        "opening_hours": "Sommer (Mai bis August) von 07.30 Uhr bis 21.00 Uhr",
        "wheelchair": "no",
        "changing_table": "no",
        "toilet_type": "portable",
        "gender_access": "unknown",
        "indoor": "no",
        "covered": "unknown",
        "drinking_water": "unknown",
        "supervised": "unknown",
        "maintenance_status": "operational",
        "source": "berlin_open_data_wfs",
        "source_id": "7025",
        "source_url": "https://daten.berlin.de/datensaetze/offentliche-toiletten-wfs-ad2c0c24",
        "source_timestamp": "2025-07-17",
        "download_date": "2026-05-31",
        "license": "dl-de-zero-2.0",
        "last_verified": "2026-05-31",
        "berlin_feature_id": "toiletten.7025",
        "berlin_bezirk": "Mitte",
        "berlin_vertrag": "Sonstige öffentliche Toiletten",
        "berlin_modelltyp": "Sanitärcontainer",
        "berlin_symbol": "WC",
        "berlin_nutzungsentgelt_raw": 0,
        "berlin_zahlungsart": null,
        "berlin_barrierefrei_raw": "nein",
        "berlin_barrierearm_raw": "nein",
        "berlin_wickeltisch_raw": "nein"
      }
    },
    {
      "type": "Feature",
      "geometry": {
        "type": "Point",
        "coordinates": [
          13.25655556,
          52.56813893
        ]
      },
      "properties": {
        "facility_id": "atm-toilet-480",
        "name": "Reiswerder (Saatwinkler Damm) DLRG",
        "geometry_type": "Point",
        "address": "Reiswerder (Saatwinkler Damm) DLRG",
        "operator": "Wall GmbH",
        "access": "public",
        "fee": "no",
        "payment_method": null,
        "opening_hours": "Winter (November bis Februar) von 08.00 Uhr bis 18.00 Uhr",
        "wheelchair": "no",
        "changing_table": "no",
        "toilet_type": "portable",
        "gender_access": "unknown",
        "indoor": "no",
        "covered": "unknown",
        "drinking_water": "unknown",
        "supervised": "unknown",
        "maintenance_status": "operational",
        "source": "berlin_open_data_wfs",
        "source_id": "7026",
        "source_url": "https://daten.berlin.de/datensaetze/offentliche-toiletten-wfs-ad2c0c24",
        "source_timestamp": "2025-07-17",
        "download_date": "2026-05-31",
        "license": "dl-de-zero-2.0",
        "last_verified": "2026-05-31",
        "berlin_feature_id": "toiletten.7026",
        "berlin_bezirk": "Reinickendorf",
        "berlin_vertrag": "Sonstige öffentliche Toiletten",
        "berlin_modelltyp": "Sanitärcontainer",
        "berlin_symbol": "WC",
        "berlin_nutzungsentgelt_raw": 0,
        "berlin_zahlungsart": null,
        "berlin_barrierefrei_raw": "nein",
        "berlin_barrierearm_raw": "nein",
        "berlin_wickeltisch_raw": "nein"
      }
    },
    {
      "type": "Feature",
      "geometry": {
        "type": "Point",
        "coordinates": [
          13.18988889,
          52.45458337
        ]
      },
      "properties": {
        "facility_id": "atm-toilet-481",
        "name": "Große Steinlake (Parkplatz Havelchaussee)",
        "geometry_type": "Point",
        "address": "Große Steinlake (Parkplatz Havelchaussee)",
        "operator": "Wall GmbH",
        "access": "public",
        "fee": "no",
        "payment_method": null,
        "opening_hours": "24h",
        "wheelchair": "no",
        "changing_table": "no",
        "toilet_type": "portable",
        "gender_access": "unknown",
        "indoor": "no",
        "covered": "unknown",
        "drinking_water": "unknown",
        "supervised": "unknown",
        "maintenance_status": "operational",
        "source": "berlin_open_data_wfs",
        "source_id": "7027",
        "source_url": "https://daten.berlin.de/datensaetze/offentliche-toiletten-wfs-ad2c0c24",
        "source_timestamp": "2025-07-17",
        "download_date": "2026-05-31",
        "license": "dl-de-zero-2.0",
        "last_verified": "2026-05-31",
        "berlin_feature_id": "toiletten.7027",
        "berlin_bezirk": "Steglitz-Zehlendorf",
        "berlin_vertrag": "Sonstige öffentliche Toiletten",
        "berlin_modelltyp": "Sanitärcontainer",
        "berlin_symbol": "WC",
        "berlin_nutzungsentgelt_raw": 0,
        "berlin_zahlungsart": null,
        "berlin_barrierefrei_raw": "nein",
        "berlin_barrierearm_raw": "nein",
        "berlin_wickeltisch_raw": "nein"
      }
    },
    {
      "type": "Feature",
      "geometry": {
        "type": "Point",
        "coordinates": [
          13.26611111,
          52.47180559
        ]
      },
      "properties": {
        "facility_id": "atm-toilet-482",
        "name": "Grunewaldsee Bullenwinkel SC 03 (Grunewaldsee-Ostufer)",
        "geometry_type": "Point",
        "address": "Grunewaldsee Bullenwinkel SC 03 (Grunewaldsee-Ostufer)",
        "operator": "Wall GmbH",
        "access": "public",
        "fee": "no",
        "payment_method": null,
        "opening_hours": "24h",
        "wheelchair": "no",
        "changing_table": "no",
        "toilet_type": "portable",
        "gender_access": "unknown",
        "indoor": "no",
        "covered": "unknown",
        "drinking_water": "unknown",
        "supervised": "unknown",
        "maintenance_status": "operational",
        "source": "berlin_open_data_wfs",
        "source_id": "7028",
        "source_url": "https://daten.berlin.de/datensaetze/offentliche-toiletten-wfs-ad2c0c24",
        "source_timestamp": "2025-07-17",
        "download_date": "2026-05-31",
        "license": "dl-de-zero-2.0",
        "last_verified": "2026-05-31",
        "berlin_feature_id": "toiletten.7028",
        "berlin_bezirk": "Charlottenburg-Wilmersdorf",
        "berlin_vertrag": "Sonstige öffentliche Toiletten",
        "berlin_modelltyp": "Sanitärcontainer",
        "berlin_symbol": "WC",
        "berlin_nutzungsentgelt_raw": 0,
        "berlin_zahlungsart": null,
        "berlin_barrierefrei_raw": "nein",
        "berlin_barrierearm_raw": "nein",
        "berlin_wickeltisch_raw": "nein"
      }
    },
    {
      "type": "Feature",
      "geometry": {
        "type": "Point",
        "coordinates": [
          13.28333333,
          52.49561115
        ]
      },
      "properties": {
        "facility_id": "atm-toilet-483",
        "name": "Halenseestraße am Friedenthalpark (Badewiese)",
        "geometry_type": "Point",
        "address": "Halenseestraße am Friedenthalpark (Badewiese)",
        "operator": "Wall GmbH",
        "access": "public",
        "fee": "no",
        "payment_method": null,
        "opening_hours": "24h (April-Oktober)",
        "wheelchair": "no",
        "changing_table": "no",
        "toilet_type": "portable",
        "gender_access": "unknown",
        "indoor": "no",
        "covered": "unknown",
        "drinking_water": "unknown",
        "supervised": "unknown",
        "maintenance_status": "operational",
        "source": "berlin_open_data_wfs",
        "source_id": "7029",
        "source_url": "https://daten.berlin.de/datensaetze/offentliche-toiletten-wfs-ad2c0c24",
        "source_timestamp": "2025-07-17",
        "download_date": "2026-05-31",
        "license": "dl-de-zero-2.0",
        "last_verified": "2026-05-31",
        "berlin_feature_id": "toiletten.7029",
        "berlin_bezirk": "Charlottenburg-Wilmersdorf",
        "berlin_vertrag": "Sonstige öffentliche Toiletten",
        "berlin_modelltyp": "Sanitärcontainer",
        "berlin_symbol": "WC",
        "berlin_nutzungsentgelt_raw": 0,
        "berlin_zahlungsart": null,
        "berlin_barrierefrei_raw": "nein",
        "berlin_barrierearm_raw": "nein",
        "berlin_wickeltisch_raw": "nein"
      }
    },
    {
      "type": "Feature",
      "geometry": {
        "type": "Point",
        "coordinates": [
          13.22763889,
          52.50650004
        ]
      },
      "properties": {
        "facility_id": "atm-toilet-484",
        "name": "Heerstraße am Scholzplatz",
        "geometry_type": "Point",
        "address": "Heerstraße am Scholzplatz",
        "operator": "Wall GmbH",
        "access": "public",
        "fee": "no",
        "payment_method": null,
        "opening_hours": "24h",
        "wheelchair": "no",
        "changing_table": "no",
        "toilet_type": "portable",
        "gender_access": "unknown",
        "indoor": "no",
        "covered": "unknown",
        "drinking_water": "unknown",
        "supervised": "unknown",
        "maintenance_status": "operational",
        "source": "berlin_open_data_wfs",
        "source_id": "7030",
        "source_url": "https://daten.berlin.de/datensaetze/offentliche-toiletten-wfs-ad2c0c24",
        "source_timestamp": "2025-07-17",
        "download_date": "2026-05-31",
        "license": "dl-de-zero-2.0",
        "last_verified": "2026-05-31",
        "berlin_feature_id": "toiletten.7030",
        "berlin_bezirk": "Charlottenburg-Wilmersdorf",
        "berlin_vertrag": "Sonstige öffentliche Toiletten",
        "berlin_modelltyp": "Sanitärcontainer",
        "berlin_symbol": "WC",
        "berlin_nutzungsentgelt_raw": 0,
        "berlin_zahlungsart": null,
        "berlin_barrierefrei_raw": "nein",
        "berlin_barrierearm_raw": "nein",
        "berlin_wickeltisch_raw": "nein"
      }
    },
    {
      "type": "Feature",
      "geometry": {
        "type": "Point",
        "coordinates": [
          13.23469444,
          52.48952781
        ]
      },
      "properties": {
        "facility_id": "atm-toilet-485",
        "name": "Schildhornweg vor Neuer Schildhornweg | Teufelssee",
        "geometry_type": "Point",
        "address": "Schildhornweg vor Neuer Schildhornweg | Teufelssee",
        "operator": "Wall GmbH",
        "access": "public",
        "fee": "no",
        "payment_method": null,
        "opening_hours": "24h (April-Oktober)",
        "wheelchair": "no",
        "changing_table": "no",
        "toilet_type": "portable",
        "gender_access": "unknown",
        "indoor": "no",
        "covered": "unknown",
        "drinking_water": "unknown",
        "supervised": "unknown",
        "maintenance_status": "operational",
        "source": "berlin_open_data_wfs",
        "source_id": "7031",
        "source_url": "https://daten.berlin.de/datensaetze/offentliche-toiletten-wfs-ad2c0c24",
        "source_timestamp": "2025-07-17",
        "download_date": "2026-05-31",
        "license": "dl-de-zero-2.0",
        "last_verified": "2026-05-31",
        "berlin_feature_id": "toiletten.7031",
        "berlin_bezirk": "Charlottenburg-Wilmersdorf",
        "berlin_vertrag": "Sonstige öffentliche Toiletten",
        "berlin_modelltyp": "Sanitärcontainer",
        "berlin_symbol": "WC",
        "berlin_nutzungsentgelt_raw": 0,
        "berlin_zahlungsart": null,
        "berlin_barrierefrei_raw": "nein",
        "berlin_barrierearm_raw": "nein",
        "berlin_wickeltisch_raw": "nein"
      }
    },
    {
      "type": "Feature",
      "geometry": {
        "type": "Point",
        "coordinates": [
          13.30673611,
          52.5101667
        ]
      },
      "properties": {
        "facility_id": "atm-toilet-486",
        "name": "Schillerstraße vor Wilmersdorfer Straße | Parkplatz",
        "geometry_type": "Point",
        "address": "Schillerstraße vor Wilmersdorfer Straße | Parkplatz",
        "operator": "Wall GmbH",
        "access": "public",
        "fee": "no",
        "payment_method": null,
        "opening_hours": "24h",
        "wheelchair": "no",
        "changing_table": "no",
        "toilet_type": "portable",
        "gender_access": "unknown",
        "indoor": "no",
        "covered": "unknown",
        "drinking_water": "unknown",
        "supervised": "unknown",
        "maintenance_status": "operational",
        "source": "berlin_open_data_wfs",
        "source_id": "7032",
        "source_url": "https://daten.berlin.de/datensaetze/offentliche-toiletten-wfs-ad2c0c24",
        "source_timestamp": "2025-07-17",
        "download_date": "2026-05-31",
        "license": "dl-de-zero-2.0",
        "last_verified": "2026-05-31",
        "berlin_feature_id": "toiletten.7032",
        "berlin_bezirk": "Charlottenburg-Wilmersdorf",
        "berlin_vertrag": "Sonstige öffentliche Toiletten",
        "berlin_modelltyp": "Sanitärcontainer",
        "berlin_symbol": "WC",
        "berlin_nutzungsentgelt_raw": 0,
        "berlin_zahlungsart": null,
        "berlin_barrierefrei_raw": "nein",
        "berlin_barrierearm_raw": "nein",
        "berlin_wickeltisch_raw": "nein"
      }
    },
    {
      "type": "Feature",
      "geometry": {
        "type": "Point",
        "coordinates": [
          13.35663889,
          52.51633337
        ]
      },
      "properties": {
        "facility_id": "atm-toilet-487",
        "name": "Bellevueallee vor Spreeweg | Großer Tiergarten",
        "geometry_type": "Point",
        "address": "Bellevueallee vor Spreeweg | Großer Tiergarten",
        "operator": "Wall GmbH",
        "access": "public",
        "fee": "no",
        "payment_method": null,
        "opening_hours": "24h",
        "wheelchair": "no",
        "changing_table": "no",
        "toilet_type": "portable",
        "gender_access": "unknown",
        "indoor": "no",
        "covered": "unknown",
        "drinking_water": "unknown",
        "supervised": "unknown",
        "maintenance_status": "operational",
        "source": "berlin_open_data_wfs",
        "source_id": "7033",
        "source_url": "https://daten.berlin.de/datensaetze/offentliche-toiletten-wfs-ad2c0c24",
        "source_timestamp": "2025-07-17",
        "download_date": "2026-05-31",
        "license": "dl-de-zero-2.0",
        "last_verified": "2026-05-31",
        "berlin_feature_id": "toiletten.7033",
        "berlin_bezirk": "Mitte",
        "berlin_vertrag": "Sonstige öffentliche Toiletten",
        "berlin_modelltyp": "Sanitärcontainer",
        "berlin_symbol": "WC",
        "berlin_nutzungsentgelt_raw": 0,
        "berlin_zahlungsart": null,
        "berlin_barrierefrei_raw": "nein",
        "berlin_barrierearm_raw": "nein",
        "berlin_wickeltisch_raw": "nein"
      }
    },
    {
      "type": "Feature",
      "geometry": {
        "type": "Point",
        "coordinates": [
          13.24652778,
          52.5616667
        ]
      },
      "properties": {
        "facility_id": "atm-toilet-488",
        "name": "Im Saatwinkel ggü Haus–Nr. 63–65",
        "geometry_type": "Point",
        "address": "Im Saatwinkel ggü Haus–Nr. 63–65",
        "operator": "Wall GmbH",
        "access": "public",
        "fee": "no",
        "payment_method": null,
        "opening_hours": "24h (April-Oktober)",
        "wheelchair": "no",
        "changing_table": "no",
        "toilet_type": "portable",
        "gender_access": "unknown",
        "indoor": "no",
        "covered": "unknown",
        "drinking_water": "unknown",
        "supervised": "unknown",
        "maintenance_status": "operational",
        "source": "berlin_open_data_wfs",
        "source_id": "7034",
        "source_url": "https://daten.berlin.de/datensaetze/offentliche-toiletten-wfs-ad2c0c24",
        "source_timestamp": "2025-07-17",
        "download_date": "2026-05-31",
        "license": "dl-de-zero-2.0",
        "last_verified": "2026-05-31",
        "berlin_feature_id": "toiletten.7034",
        "berlin_bezirk": "Reinickendorf",
        "berlin_vertrag": "Sonstige öffentliche Toiletten",
        "berlin_modelltyp": "Sanitärcontainer",
        "berlin_symbol": "WC",
        "berlin_nutzungsentgelt_raw": 0,
        "berlin_zahlungsart": null,
        "berlin_barrierefrei_raw": "nein",
        "berlin_barrierearm_raw": "nein",
        "berlin_wickeltisch_raw": "nein"
      }
    },
    {
      "type": "Feature",
      "geometry": {
        "type": "Point",
        "coordinates": [
          13.22155556,
          52.59436115
        ]
      },
      "properties": {
        "facility_id": "atm-toilet-489",
        "name": "Sandhauser Straße vor ggü Haus–Nr. 59 (Rettungsstelle Havel I Heiligensee)",
        "geometry_type": "Point",
        "address": "Sandhauser Straße vor ggü Haus–Nr. 59 (Rettungsstelle Havel I Heiligensee)",
        "operator": "Wall GmbH",
        "access": "public",
        "fee": "no",
        "payment_method": null,
        "opening_hours": "24h (April-Oktober)",
        "wheelchair": "no",
        "changing_table": "no",
        "toilet_type": "portable",
        "gender_access": "unknown",
        "indoor": "no",
        "covered": "unknown",
        "drinking_water": "unknown",
        "supervised": "unknown",
        "maintenance_status": "operational",
        "source": "berlin_open_data_wfs",
        "source_id": "7035",
        "source_url": "https://daten.berlin.de/datensaetze/offentliche-toiletten-wfs-ad2c0c24",
        "source_timestamp": "2025-07-17",
        "download_date": "2026-05-31",
        "license": "dl-de-zero-2.0",
        "last_verified": "2026-05-31",
        "berlin_feature_id": "toiletten.7035",
        "berlin_bezirk": "Reinickendorf",
        "berlin_vertrag": "Sonstige öffentliche Toiletten",
        "berlin_modelltyp": "Sanitärcontainer",
        "berlin_symbol": "WC",
        "berlin_nutzungsentgelt_raw": 0,
        "berlin_zahlungsart": null,
        "berlin_barrierefrei_raw": "nein",
        "berlin_barrierearm_raw": "nein",
        "berlin_wickeltisch_raw": "nein"
      }
    },
    {
      "type": "Feature",
      "geometry": {
        "type": "Point",
        "coordinates": [
          13.25380556,
          52.58538893
        ]
      },
      "properties": {
        "facility_id": "atm-toilet-490",
        "name": "Schwarzer Weg 71 hinter/ggü. Revierförsterei",
        "geometry_type": "Point",
        "address": "Schwarzer Weg 71 hinter/ggü. Revierförsterei",
        "operator": "Wall GmbH",
        "access": "public",
        "fee": "no",
        "payment_method": null,
        "opening_hours": "24h",
        "wheelchair": "no",
        "changing_table": "no",
        "toilet_type": "portable",
        "gender_access": "unknown",
        "indoor": "no",
        "covered": "unknown",
        "drinking_water": "unknown",
        "supervised": "unknown",
        "maintenance_status": "operational",
        "source": "berlin_open_data_wfs",
        "source_id": "7036",
        "source_url": "https://daten.berlin.de/datensaetze/offentliche-toiletten-wfs-ad2c0c24",
        "source_timestamp": "2025-07-17",
        "download_date": "2026-05-31",
        "license": "dl-de-zero-2.0",
        "last_verified": "2026-05-31",
        "berlin_feature_id": "toiletten.7036",
        "berlin_bezirk": "Reinickendorf",
        "berlin_vertrag": "Sonstige öffentliche Toiletten",
        "berlin_modelltyp": "Sanitärcontainer",
        "berlin_symbol": "WC",
        "berlin_nutzungsentgelt_raw": 0,
        "berlin_zahlungsart": null,
        "berlin_barrierefrei_raw": "nein",
        "berlin_barrierearm_raw": "nein",
        "berlin_wickeltisch_raw": "nein"
      }
    },
    {
      "type": "Feature",
      "geometry": {
        "type": "Point",
        "coordinates": [
          13.24322222,
          52.57600004
        ]
      },
      "properties": {
        "facility_id": "atm-toilet-491",
        "name": "Schwarzer Weg vor Zufahrt Insel Scharfenberg I Strandbad Tegel",
        "geometry_type": "Point",
        "address": "Schwarzer Weg vor Zufahrt Insel Scharfenberg I Strandbad Tegel",
        "operator": "Wall GmbH",
        "access": "public",
        "fee": "no",
        "payment_method": null,
        "opening_hours": "24h (April-Oktober)",
        "wheelchair": "no",
        "changing_table": "no",
        "toilet_type": "portable",
        "gender_access": "unknown",
        "indoor": "no",
        "covered": "unknown",
        "drinking_water": "unknown",
        "supervised": "unknown",
        "maintenance_status": "operational",
        "source": "berlin_open_data_wfs",
        "source_id": "7037",
        "source_url": "https://daten.berlin.de/datensaetze/offentliche-toiletten-wfs-ad2c0c24",
        "source_timestamp": "2025-07-17",
        "download_date": "2026-05-31",
        "license": "dl-de-zero-2.0",
        "last_verified": "2026-05-31",
        "berlin_feature_id": "toiletten.7037",
        "berlin_bezirk": "Reinickendorf",
        "berlin_vertrag": "Sonstige öffentliche Toiletten",
        "berlin_modelltyp": "Sanitärcontainer",
        "berlin_symbol": "WC",
        "berlin_nutzungsentgelt_raw": 0,
        "berlin_zahlungsart": null,
        "berlin_barrierefrei_raw": "nein",
        "berlin_barrierearm_raw": "nein",
        "berlin_wickeltisch_raw": "nein"
      }
    },
    {
      "type": "Feature",
      "geometry": {
        "type": "Point",
        "coordinates": [
          13.21008333,
          52.58522226
        ]
      },
      "properties": {
        "facility_id": "atm-toilet-492",
        "name": "Bürgerablage / Niederneuendorfer Allee 80",
        "geometry_type": "Point",
        "address": "Bürgerablage / Niederneuendorfer Allee 80",
        "operator": "Wall GmbH",
        "access": "public",
        "fee": "no",
        "payment_method": null,
        "opening_hours": "24h (April-Oktober)",
        "wheelchair": "no",
        "changing_table": "no",
        "toilet_type": "portable",
        "gender_access": "unknown",
        "indoor": "no",
        "covered": "unknown",
        "drinking_water": "unknown",
        "supervised": "unknown",
        "maintenance_status": "operational",
        "source": "berlin_open_data_wfs",
        "source_id": "7038",
        "source_url": "https://daten.berlin.de/datensaetze/offentliche-toiletten-wfs-ad2c0c24",
        "source_timestamp": "2025-07-17",
        "download_date": "2026-05-31",
        "license": "dl-de-zero-2.0",
        "last_verified": "2026-05-31",
        "berlin_feature_id": "toiletten.7038",
        "berlin_bezirk": "Spandau",
        "berlin_vertrag": "Sonstige öffentliche Toiletten",
        "berlin_modelltyp": "Sanitärcontainer",
        "berlin_symbol": "WC",
        "berlin_nutzungsentgelt_raw": 0,
        "berlin_zahlungsart": null,
        "berlin_barrierefrei_raw": "nein",
        "berlin_barrierearm_raw": "nein",
        "berlin_wickeltisch_raw": "nein"
      }
    },
    {
      "type": "Feature",
      "geometry": {
        "type": "Point",
        "coordinates": [
          13.21916667,
          52.57538893
        ]
      },
      "properties": {
        "facility_id": "atm-toilet-493",
        "name": "Rustweg hinter Uferpromenade (ex. Aalemannkanal)",
        "geometry_type": "Point",
        "address": "Rustweg hinter Uferpromenade (ex. Aalemannkanal)",
        "operator": "Wall GmbH",
        "access": "public",
        "fee": "no",
        "payment_method": null,
        "opening_hours": "24h",
        "wheelchair": "no",
        "changing_table": "no",
        "toilet_type": "portable",
        "gender_access": "unknown",
        "indoor": "no",
        "covered": "unknown",
        "drinking_water": "unknown",
        "supervised": "unknown",
        "maintenance_status": "operational",
        "source": "berlin_open_data_wfs",
        "source_id": "7039",
        "source_url": "https://daten.berlin.de/datensaetze/offentliche-toiletten-wfs-ad2c0c24",
        "source_timestamp": "2025-07-17",
        "download_date": "2026-05-31",
        "license": "dl-de-zero-2.0",
        "last_verified": "2026-05-31",
        "berlin_feature_id": "toiletten.7039",
        "berlin_bezirk": "Spandau",
        "berlin_vertrag": "Sonstige öffentliche Toiletten",
        "berlin_modelltyp": "Sanitärcontainer",
        "berlin_symbol": "WC",
        "berlin_nutzungsentgelt_raw": 0,
        "berlin_zahlungsart": null,
        "berlin_barrierefrei_raw": "nein",
        "berlin_barrierearm_raw": "nein",
        "berlin_wickeltisch_raw": "nein"
      }
    },
    {
      "type": "Feature",
      "geometry": {
        "type": "Point",
        "coordinates": [
          13.18521,
          52.50165004
        ]
      },
      "properties": {
        "facility_id": "atm-toilet-494",
        "name": "Scharfe Lanke ggü 133b vor Dr.–Kleusberg–Promenade",
        "geometry_type": "Point",
        "address": "Scharfe Lanke ggü 133b vor Dr.–Kleusberg–Promenade",
        "operator": "Wall GmbH",
        "access": "public",
        "fee": "no",
        "payment_method": null,
        "opening_hours": "24h",
        "wheelchair": "no",
        "changing_table": "no",
        "toilet_type": "portable",
        "gender_access": "unknown",
        "indoor": "no",
        "covered": "unknown",
        "drinking_water": "unknown",
        "supervised": "unknown",
        "maintenance_status": "operational",
        "source": "berlin_open_data_wfs",
        "source_id": "7040",
        "source_url": "https://daten.berlin.de/datensaetze/offentliche-toiletten-wfs-ad2c0c24",
        "source_timestamp": "2025-07-17",
        "download_date": "2026-05-31",
        "license": "dl-de-zero-2.0",
        "last_verified": "2026-05-31",
        "berlin_feature_id": "toiletten.7040",
        "berlin_bezirk": "Spandau",
        "berlin_vertrag": "Sonstige öffentliche Toiletten",
        "berlin_modelltyp": "Sanitärcontainer",
        "berlin_symbol": "WC",
        "berlin_nutzungsentgelt_raw": 0,
        "berlin_zahlungsart": null,
        "berlin_barrierefrei_raw": "nein",
        "berlin_barrierearm_raw": "nein",
        "berlin_wickeltisch_raw": "nein"
      }
    },
    {
      "type": "Feature",
      "geometry": {
        "type": "Point",
        "coordinates": [
          13.12080526,
          52.47119448
        ]
      },
      "properties": {
        "facility_id": "atm-toilet-495",
        "name": "Uferpromenade ggü Haus–Nr. 15 Gross–Glienicker See",
        "geometry_type": "Point",
        "address": "Uferpromenade ggü Haus–Nr. 15 Gross–Glienicker See",
        "operator": "Wall GmbH",
        "access": "public",
        "fee": "no",
        "payment_method": null,
        "opening_hours": "24h (April-Oktober)",
        "wheelchair": "no",
        "changing_table": "no",
        "toilet_type": "portable",
        "gender_access": "unknown",
        "indoor": "no",
        "covered": "unknown",
        "drinking_water": "unknown",
        "supervised": "unknown",
        "maintenance_status": "operational",
        "source": "berlin_open_data_wfs",
        "source_id": "7041",
        "source_url": "https://daten.berlin.de/datensaetze/offentliche-toiletten-wfs-ad2c0c24",
        "source_timestamp": "2025-07-17",
        "download_date": "2026-05-31",
        "license": "dl-de-zero-2.0",
        "last_verified": "2026-05-31",
        "berlin_feature_id": "toiletten.7041",
        "berlin_bezirk": "Spandau",
        "berlin_vertrag": "Sonstige öffentliche Toiletten",
        "berlin_modelltyp": "Sanitärcontainer",
        "berlin_symbol": "WC",
        "berlin_nutzungsentgelt_raw": 0,
        "berlin_zahlungsart": null,
        "berlin_barrierefrei_raw": "nein",
        "berlin_barrierearm_raw": "nein",
        "berlin_wickeltisch_raw": "nein"
      }
    },
    {
      "type": "Feature",
      "geometry": {
        "type": "Point",
        "coordinates": [
          13.11545833,
          52.46125004
        ]
      },
      "properties": {
        "facility_id": "atm-toilet-496",
        "name": "Uferpromenade verl. Vor Im Dohl Groß–Glienicker See",
        "geometry_type": "Point",
        "address": "Uferpromenade verl. Vor Im Dohl Groß–Glienicker See",
        "operator": "Wall GmbH",
        "access": "public",
        "fee": "no",
        "payment_method": null,
        "opening_hours": "24h (April-Oktober)",
        "wheelchair": "no",
        "changing_table": "no",
        "toilet_type": "portable",
        "gender_access": "unknown",
        "indoor": "no",
        "covered": "unknown",
        "drinking_water": "unknown",
        "supervised": "unknown",
        "maintenance_status": "operational",
        "source": "berlin_open_data_wfs",
        "source_id": "7042",
        "source_url": "https://daten.berlin.de/datensaetze/offentliche-toiletten-wfs-ad2c0c24",
        "source_timestamp": "2025-07-17",
        "download_date": "2026-05-31",
        "license": "dl-de-zero-2.0",
        "last_verified": "2026-05-31",
        "berlin_feature_id": "toiletten.7042",
        "berlin_bezirk": "Spandau",
        "berlin_vertrag": "Sonstige öffentliche Toiletten",
        "berlin_modelltyp": "Sanitärcontainer",
        "berlin_symbol": "WC",
        "berlin_nutzungsentgelt_raw": 0,
        "berlin_zahlungsart": null,
        "berlin_barrierefrei_raw": "nein",
        "berlin_barrierearm_raw": "nein",
        "berlin_wickeltisch_raw": "nein"
      }
    },
    {
      "type": "Feature",
      "geometry": {
        "type": "Point",
        "coordinates": [
          13.18155556,
          52.46983337
        ]
      },
      "properties": {
        "facility_id": "atm-toilet-497",
        "name": "Waldschluchtpfad verl. Am Uferweg (Große Badewiese)",
        "geometry_type": "Point",
        "address": "Waldschluchtpfad verl. Am Uferweg (Große Badewiese)",
        "operator": "Wall GmbH",
        "access": "public",
        "fee": "no",
        "payment_method": null,
        "opening_hours": "24h",
        "wheelchair": "no",
        "changing_table": "no",
        "toilet_type": "portable",
        "gender_access": "unknown",
        "indoor": "no",
        "covered": "unknown",
        "drinking_water": "unknown",
        "supervised": "unknown",
        "maintenance_status": "operational",
        "source": "berlin_open_data_wfs",
        "source_id": "7043",
        "source_url": "https://daten.berlin.de/datensaetze/offentliche-toiletten-wfs-ad2c0c24",
        "source_timestamp": "2025-07-17",
        "download_date": "2026-05-31",
        "license": "dl-de-zero-2.0",
        "last_verified": "2026-05-31",
        "berlin_feature_id": "toiletten.7043",
        "berlin_bezirk": "Spandau",
        "berlin_vertrag": "Sonstige öffentliche Toiletten",
        "berlin_modelltyp": "Sanitärcontainer",
        "berlin_symbol": "WC",
        "berlin_nutzungsentgelt_raw": 0,
        "berlin_zahlungsart": null,
        "berlin_barrierefrei_raw": "nein",
        "berlin_barrierearm_raw": "nein",
        "berlin_wickeltisch_raw": "nein"
      }
    },
    {
      "type": "Feature",
      "geometry": {
        "type": "Point",
        "coordinates": [
          13.22883333,
          52.44775004
        ]
      },
      "properties": {
        "facility_id": "atm-toilet-498",
        "name": "Südufer Fischerhüttenstraße | Fischerhüttenweg (Krumme Lanke)",
        "geometry_type": "Point",
        "address": "Südufer Fischerhüttenstraße | Fischerhüttenweg (Krumme Lanke)",
        "operator": "Wall GmbH",
        "access": "public",
        "fee": "no",
        "payment_method": null,
        "opening_hours": "24h",
        "wheelchair": "no",
        "changing_table": "no",
        "toilet_type": "portable",
        "gender_access": "unknown",
        "indoor": "no",
        "covered": "unknown",
        "drinking_water": "unknown",
        "supervised": "unknown",
        "maintenance_status": "operational",
        "source": "berlin_open_data_wfs",
        "source_id": "7044",
        "source_url": "https://daten.berlin.de/datensaetze/offentliche-toiletten-wfs-ad2c0c24",
        "source_timestamp": "2025-07-17",
        "download_date": "2026-05-31",
        "license": "dl-de-zero-2.0",
        "last_verified": "2026-05-31",
        "berlin_feature_id": "toiletten.7044",
        "berlin_bezirk": "Steglitz-Zehlendorf",
        "berlin_vertrag": "Sonstige öffentliche Toiletten",
        "berlin_modelltyp": "Sanitärcontainer",
        "berlin_symbol": "WC",
        "berlin_nutzungsentgelt_raw": 0,
        "berlin_zahlungsart": null,
        "berlin_barrierefrei_raw": "nein",
        "berlin_barrierearm_raw": "nein",
        "berlin_wickeltisch_raw": "nein"
      }
    },
    {
      "type": "Feature",
      "geometry": {
        "type": "Point",
        "coordinates": [
          13.16505556,
          52.43480559
        ]
      },
      "properties": {
        "facility_id": "atm-toilet-499",
        "name": "Heckeshorn (nahe Flensburger Löwe) (großer Wannsee)",
        "geometry_type": "Point",
        "address": "Heckeshorn (nahe Flensburger Löwe) (großer Wannsee)",
        "operator": "Wall GmbH",
        "access": "public",
        "fee": "no",
        "payment_method": null,
        "opening_hours": "24h (April-Oktober)",
        "wheelchair": "no",
        "changing_table": "no",
        "toilet_type": "portable",
        "gender_access": "unknown",
        "indoor": "no",
        "covered": "unknown",
        "drinking_water": "unknown",
        "supervised": "unknown",
        "maintenance_status": "operational",
        "source": "berlin_open_data_wfs",
        "source_id": "7045",
        "source_url": "https://daten.berlin.de/datensaetze/offentliche-toiletten-wfs-ad2c0c24",
        "source_timestamp": "2025-07-17",
        "download_date": "2026-05-31",
        "license": "dl-de-zero-2.0",
        "last_verified": "2026-05-31",
        "berlin_feature_id": "toiletten.7045",
        "berlin_bezirk": "Steglitz-Zehlendorf",
        "berlin_vertrag": "Sonstige öffentliche Toiletten",
        "berlin_modelltyp": "Sanitärcontainer",
        "berlin_symbol": "WC",
        "berlin_nutzungsentgelt_raw": 0,
        "berlin_zahlungsart": null,
        "berlin_barrierefrei_raw": "nein",
        "berlin_barrierearm_raw": "nein",
        "berlin_wickeltisch_raw": "nein"
      }
    },
    {
      "type": "Feature",
      "geometry": {
        "type": "Point",
        "coordinates": [
          13.23525,
          52.46897226
        ]
      },
      "properties": {
        "facility_id": "atm-toilet-500",
        "name": "Kronprinzessinnenweg | Hüttenweg",
        "geometry_type": "Point",
        "address": "Kronprinzessinnenweg | Hüttenweg",
        "operator": "Wall GmbH",
        "access": "public",
        "fee": "no",
        "payment_method": null,
        "opening_hours": "24h",
        "wheelchair": "limited",
        "changing_table": "no",
        "toilet_type": "portable",
        "gender_access": "unknown",
        "indoor": "no",
        "covered": "unknown",
        "drinking_water": "unknown",
        "supervised": "unknown",
        "maintenance_status": "operational",
        "source": "berlin_open_data_wfs",
        "source_id": "7046",
        "source_url": "https://daten.berlin.de/datensaetze/offentliche-toiletten-wfs-ad2c0c24",
        "source_timestamp": "2025-07-17",
        "download_date": "2026-05-31",
        "license": "dl-de-zero-2.0",
        "last_verified": "2026-05-31",
        "berlin_feature_id": "toiletten.7046",
        "berlin_bezirk": "Steglitz-Zehlendorf",
        "berlin_vertrag": "Sonstige öffentliche Toiletten",
        "berlin_modelltyp": "Sanitärcontainer",
        "berlin_symbol": "WC",
        "berlin_nutzungsentgelt_raw": 0,
        "berlin_zahlungsart": null,
        "berlin_barrierefrei_raw": "nein",
        "berlin_barrierearm_raw": "ja",
        "berlin_wickeltisch_raw": "nein"
      }
    },
    {
      "type": "Feature",
      "geometry": {
        "type": "Point",
        "coordinates": [
          13.21547222,
          52.44077781
        ]
      },
      "properties": {
        "facility_id": "atm-toilet-501",
        "name": "Am Schlachtensee | Paul–Ernst–Park (Nahe S–Bhf Schlachtensee)",
        "geometry_type": "Point",
        "address": "Am Schlachtensee | Paul–Ernst–Park (Nahe S–Bhf Schlachtensee)",
        "operator": "Wall GmbH",
        "access": "public",
        "fee": "no",
        "payment_method": null,
        "opening_hours": "24h (April-Oktober)",
        "wheelchair": "no",
        "changing_table": "no",
        "toilet_type": "portable",
        "gender_access": "unknown",
        "indoor": "no",
        "covered": "unknown",
        "drinking_water": "unknown",
        "supervised": "unknown",
        "maintenance_status": "operational",
        "source": "berlin_open_data_wfs",
        "source_id": "7047",
        "source_url": "https://daten.berlin.de/datensaetze/offentliche-toiletten-wfs-ad2c0c24",
        "source_timestamp": "2025-07-17",
        "download_date": "2026-05-31",
        "license": "dl-de-zero-2.0",
        "last_verified": "2026-05-31",
        "berlin_feature_id": "toiletten.7047",
        "berlin_bezirk": "Steglitz-Zehlendorf",
        "berlin_vertrag": "Sonstige öffentliche Toiletten",
        "berlin_modelltyp": "Sanitärcontainer",
        "berlin_symbol": "WC",
        "berlin_nutzungsentgelt_raw": 0,
        "berlin_zahlungsart": null,
        "berlin_barrierefrei_raw": "nein",
        "berlin_barrierearm_raw": "nein",
        "berlin_wickeltisch_raw": "nein"
      }
    },
    {
      "type": "Feature",
      "geometry": {
        "type": "Point",
        "coordinates": [
          13.19816667,
          52.46950004
        ]
      },
      "properties": {
        "facility_id": "atm-toilet-502",
        "name": "Havelchaussee | Lieper Bucht",
        "geometry_type": "Point",
        "address": "Havelchaussee | Lieper Bucht",
        "operator": "Wall GmbH",
        "access": "public",
        "fee": "no",
        "payment_method": null,
        "opening_hours": "24h",
        "wheelchair": "no",
        "changing_table": "no",
        "toilet_type": "portable",
        "gender_access": "unknown",
        "indoor": "no",
        "covered": "unknown",
        "drinking_water": "unknown",
        "supervised": "unknown",
        "maintenance_status": "operational",
        "source": "berlin_open_data_wfs",
        "source_id": "7048",
        "source_url": "https://daten.berlin.de/datensaetze/offentliche-toiletten-wfs-ad2c0c24",
        "source_timestamp": "2025-07-17",
        "download_date": "2026-05-31",
        "license": "dl-de-zero-2.0",
        "last_verified": "2026-05-31",
        "berlin_feature_id": "toiletten.7048",
        "berlin_bezirk": "Charlottenburg-Wilmersdorf",
        "berlin_vertrag": "Sonstige öffentliche Toiletten",
        "berlin_modelltyp": "Sanitärcontainer",
        "berlin_symbol": "WC",
        "berlin_nutzungsentgelt_raw": 0,
        "berlin_zahlungsart": null,
        "berlin_barrierefrei_raw": "nein",
        "berlin_barrierearm_raw": "nein",
        "berlin_wickeltisch_raw": "nein"
      }
    },
    {
      "type": "Feature",
      "geometry": {
        "type": "Point",
        "coordinates": [
          13.24057481,
          52.45358121
        ]
      },
      "properties": {
        "facility_id": "atm-toilet-503",
        "name": "Quermatenweg | Grünanlage Krumme Lanke",
        "geometry_type": "Point",
        "address": "Quermatenweg | Grünanlage Krumme Lanke",
        "operator": "Wall GmbH",
        "access": "public",
        "fee": "no",
        "payment_method": null,
        "opening_hours": "24h (April-Oktober)",
        "wheelchair": "no",
        "changing_table": "no",
        "toilet_type": "portable",
        "gender_access": "unknown",
        "indoor": "no",
        "covered": "unknown",
        "drinking_water": "unknown",
        "supervised": "unknown",
        "maintenance_status": "operational",
        "source": "berlin_open_data_wfs",
        "source_id": "7049",
        "source_url": "https://daten.berlin.de/datensaetze/offentliche-toiletten-wfs-ad2c0c24",
        "source_timestamp": "2025-07-17",
        "download_date": "2026-05-31",
        "license": "dl-de-zero-2.0",
        "last_verified": "2026-05-31",
        "berlin_feature_id": "toiletten.7049",
        "berlin_bezirk": "Steglitz-Zehlendorf",
        "berlin_vertrag": "Sonstige öffentliche Toiletten",
        "berlin_modelltyp": "Sanitärcontainer",
        "berlin_symbol": "WC",
        "berlin_nutzungsentgelt_raw": 0,
        "berlin_zahlungsart": null,
        "berlin_barrierefrei_raw": "nein",
        "berlin_barrierearm_raw": "nein",
        "berlin_wickeltisch_raw": "nein"
      }
    },
    {
      "type": "Feature",
      "geometry": {
        "type": "Point",
        "coordinates": [
          13.12941667,
          52.42938893
        ]
      },
      "properties": {
        "facility_id": "atm-toilet-504",
        "name": "Pfaueninselchaussee Rettungsstation Jagen 97",
        "geometry_type": "Point",
        "address": "Pfaueninselchaussee Rettungsstation Jagen 97",
        "operator": "Wall GmbH",
        "access": "public",
        "fee": "no",
        "payment_method": null,
        "opening_hours": "24h (April-Oktober)",
        "wheelchair": "no",
        "changing_table": "no",
        "toilet_type": "portable",
        "gender_access": "unknown",
        "indoor": "no",
        "covered": "unknown",
        "drinking_water": "unknown",
        "supervised": "unknown",
        "maintenance_status": "operational",
        "source": "berlin_open_data_wfs",
        "source_id": "7050",
        "source_url": "https://daten.berlin.de/datensaetze/offentliche-toiletten-wfs-ad2c0c24",
        "source_timestamp": "2025-07-17",
        "download_date": "2026-05-31",
        "license": "dl-de-zero-2.0",
        "last_verified": "2026-05-31",
        "berlin_feature_id": "toiletten.7050",
        "berlin_bezirk": "Steglitz-Zehlendorf",
        "berlin_vertrag": "Sonstige öffentliche Toiletten",
        "berlin_modelltyp": "Sanitärcontainer",
        "berlin_symbol": "WC",
        "berlin_nutzungsentgelt_raw": 0,
        "berlin_zahlungsart": null,
        "berlin_barrierefrei_raw": "nein",
        "berlin_barrierearm_raw": "nein",
        "berlin_wickeltisch_raw": "nein"
      }
    },
    {
      "type": "Feature",
      "geometry": {
        "type": "Point",
        "coordinates": [
          13.14322222,
          52.4324167
        ]
      },
      "properties": {
        "facility_id": "atm-toilet-505",
        "name": "Heuweg I Badestelle Alter Hof Jagen 95",
        "geometry_type": "Point",
        "address": "Heuweg I Badestelle Alter Hof Jagen 95",
        "operator": "Wall GmbH",
        "access": "public",
        "fee": "no",
        "payment_method": null,
        "opening_hours": "24h (April-Oktober)",
        "wheelchair": "no",
        "changing_table": "no",
        "toilet_type": "portable",
        "gender_access": "unknown",
        "indoor": "no",
        "covered": "unknown",
        "drinking_water": "unknown",
        "supervised": "unknown",
        "maintenance_status": "operational",
        "source": "berlin_open_data_wfs",
        "source_id": "7051",
        "source_url": "https://daten.berlin.de/datensaetze/offentliche-toiletten-wfs-ad2c0c24",
        "source_timestamp": "2025-07-17",
        "download_date": "2026-05-31",
        "license": "dl-de-zero-2.0",
        "last_verified": "2026-05-31",
        "berlin_feature_id": "toiletten.7051",
        "berlin_bezirk": "Steglitz-Zehlendorf",
        "berlin_vertrag": "Sonstige öffentliche Toiletten",
        "berlin_modelltyp": "Sanitärcontainer",
        "berlin_symbol": "WC",
        "berlin_nutzungsentgelt_raw": 0,
        "berlin_zahlungsart": null,
        "berlin_barrierefrei_raw": "nein",
        "berlin_barrierearm_raw": "nein",
        "berlin_wickeltisch_raw": "nein"
      }
    },
    {
      "type": "Feature",
      "geometry": {
        "type": "Point",
        "coordinates": [
          13.16485933,
          52.54883992
        ]
      },
      "properties": {
        "facility_id": "atm-toilet-506",
        "name": "Am Kiesteich 50 (Parkplatz Gr. Spektesee)",
        "geometry_type": "Point",
        "address": "Am Kiesteich 50 (Parkplatz Gr. Spektesee)",
        "operator": "Wall GmbH",
        "access": "public",
        "fee": "no",
        "payment_method": null,
        "opening_hours": "24h",
        "wheelchair": "no",
        "changing_table": "no",
        "toilet_type": "portable",
        "gender_access": "unknown",
        "indoor": "no",
        "covered": "unknown",
        "drinking_water": "unknown",
        "supervised": "unknown",
        "maintenance_status": "operational",
        "source": "berlin_open_data_wfs",
        "source_id": "7052",
        "source_url": "https://daten.berlin.de/datensaetze/offentliche-toiletten-wfs-ad2c0c24",
        "source_timestamp": "2025-07-17",
        "download_date": "2026-05-31",
        "license": "dl-de-zero-2.0",
        "last_verified": "2026-05-31",
        "berlin_feature_id": "toiletten.7052",
        "berlin_bezirk": "Spandau",
        "berlin_vertrag": "Sonstige öffentliche Toiletten",
        "berlin_modelltyp": "Sanitärcontainer",
        "berlin_symbol": "WC",
        "berlin_nutzungsentgelt_raw": 0,
        "berlin_zahlungsart": null,
        "berlin_barrierefrei_raw": "nein",
        "berlin_barrierearm_raw": "nein",
        "berlin_wickeltisch_raw": "nein"
      }
    },
    {
      "type": "Feature",
      "geometry": {
        "type": "Point",
        "coordinates": [
          13.28552778,
          52.57077781
        ]
      },
      "properties": {
        "facility_id": "atm-toilet-507",
        "name": "Flughafensee Tegel (Bernauer/Sterkraderstr.)",
        "geometry_type": "Point",
        "address": "Flughafensee Tegel (Bernauer/Sterkraderstr.)",
        "operator": "Wall GmbH",
        "access": "public",
        "fee": "no",
        "payment_method": null,
        "opening_hours": "24h (April-Oktober)",
        "wheelchair": "no",
        "changing_table": "no",
        "toilet_type": "portable",
        "gender_access": "unknown",
        "indoor": "no",
        "covered": "unknown",
        "drinking_water": "unknown",
        "supervised": "unknown",
        "maintenance_status": "operational",
        "source": "berlin_open_data_wfs",
        "source_id": "7053",
        "source_url": "https://daten.berlin.de/datensaetze/offentliche-toiletten-wfs-ad2c0c24",
        "source_timestamp": "2025-07-17",
        "download_date": "2026-05-31",
        "license": "dl-de-zero-2.0",
        "last_verified": "2026-05-31",
        "berlin_feature_id": "toiletten.7053",
        "berlin_bezirk": "Reinickendorf",
        "berlin_vertrag": "Sonstige öffentliche Toiletten",
        "berlin_modelltyp": "Sanitärcontainer",
        "berlin_symbol": "WC",
        "berlin_nutzungsentgelt_raw": 0,
        "berlin_zahlungsart": null,
        "berlin_barrierefrei_raw": "nein",
        "berlin_barrierearm_raw": "nein",
        "berlin_wickeltisch_raw": "nein"
      }
    },
    {
      "type": "Feature",
      "geometry": {
        "type": "Point",
        "coordinates": [
          13.19922876,
          52.43650693
        ]
      },
      "properties": {
        "facility_id": "atm-toilet-508",
        "name": "Südende Schlachtensee ggü. Nr. 145",
        "geometry_type": "Point",
        "address": "Südende Schlachtensee ggü. Nr. 145",
        "operator": "Wall GmbH",
        "access": "public",
        "fee": "no",
        "payment_method": null,
        "opening_hours": "24h (April-Oktober)",
        "wheelchair": "no",
        "changing_table": "no",
        "toilet_type": "portable",
        "gender_access": "unknown",
        "indoor": "no",
        "covered": "unknown",
        "drinking_water": "unknown",
        "supervised": "unknown",
        "maintenance_status": "operational",
        "source": "berlin_open_data_wfs",
        "source_id": "7054",
        "source_url": "https://daten.berlin.de/datensaetze/offentliche-toiletten-wfs-ad2c0c24",
        "source_timestamp": "2025-07-17",
        "download_date": "2026-05-31",
        "license": "dl-de-zero-2.0",
        "last_verified": "2026-05-31",
        "berlin_feature_id": "toiletten.7054",
        "berlin_bezirk": "Steglitz-Zehlendorf",
        "berlin_vertrag": "Sonstige öffentliche Toiletten",
        "berlin_modelltyp": "Sanitärcontainer",
        "berlin_symbol": "WC",
        "berlin_nutzungsentgelt_raw": 0,
        "berlin_zahlungsart": null,
        "berlin_barrierefrei_raw": "nein",
        "berlin_barrierearm_raw": "nein",
        "berlin_wickeltisch_raw": "nein"
      }
    },
    {
      "type": "Feature",
      "geometry": {
        "type": "Point",
        "coordinates": [
          13.32997222,
          52.54672226
        ]
      },
      "properties": {
        "facility_id": "atm-toilet-509",
        "name": "Volkspark Rehberge, Eingang Afrikanische Straße | Ottawi Straße I Dohnagestell",
        "geometry_type": "Point",
        "address": "Volkspark Rehberge, Eingang Afrikanische Straße | Ottawi Straße I Dohnagestell",
        "operator": "Wall GmbH",
        "access": "public",
        "fee": "no",
        "payment_method": null,
        "opening_hours": "24h",
        "wheelchair": "no",
        "changing_table": "no",
        "toilet_type": "portable",
        "gender_access": "unknown",
        "indoor": "no",
        "covered": "unknown",
        "drinking_water": "unknown",
        "supervised": "unknown",
        "maintenance_status": "operational",
        "source": "berlin_open_data_wfs",
        "source_id": "7055",
        "source_url": "https://daten.berlin.de/datensaetze/offentliche-toiletten-wfs-ad2c0c24",
        "source_timestamp": "2025-07-17",
        "download_date": "2026-05-31",
        "license": "dl-de-zero-2.0",
        "last_verified": "2026-05-31",
        "berlin_feature_id": "toiletten.7055",
        "berlin_bezirk": "Mitte",
        "berlin_vertrag": "Sonstige öffentliche Toiletten",
        "berlin_modelltyp": "Sanitärcontainer",
        "berlin_symbol": "WC",
        "berlin_nutzungsentgelt_raw": 0,
        "berlin_zahlungsart": null,
        "berlin_barrierefrei_raw": "nein",
        "berlin_barrierearm_raw": "nein",
        "berlin_wickeltisch_raw": "nein"
      }
    }
  ]
}